{"id":"37790906","premium":false,"billing_type":{"id":"standard","name":"Стандарт"},"relations":[],"name":"Senior Backend разработчик","insider_interview":null,"response_letter_required":false,"area":{"id":"1","name":"Москва","url":"https://api.hh.ru/areas/1?host=hh.ru"},"salary":{"from":300000,"to":null,"currency":"RUR","gross":true},"type":{"id":"open","name":"Открытая"},"address":{"city":"Москва","street":"улица Авиаконструктора Сухого","building":"2к2","description":null,"lat":55.787143,"lng":37.542383,"raw":"Москва, улица Авиаконструктора Сухого, 2к2","metro":{"station_name":"Динамо","line_name":"Замоскворецкая","station_id":"2.34","line_id":"2","lat":55.789704,"lng":37.558212},"metro_stations":[{"station_name":"Динамо","line_name":"Замоскворецкая","station_id":"2.34","line_id":"2","lat":55.789704,"lng":37.558212},{"station_name":"Петровский парк","line_name":"Большая кольцевая линия","station_id":"97.599","line_id":"97","lat":55.79233,"lng":37.55952},{"station_name":"ЦСКА","line_name":"Большая кольцевая линия","station_id":"97.600","line_id":"97","lat":55.78643,"lng":37.53502},{"station_name":"ЦСКА","line_name":"Солнцевская","station_id":"133.592","line_id":"133","lat":55.78643,"lng":37.53502}]},"allow_messages":true,"site":{"id":"hh","name":"hh.ru"},"experience":{"id":"moreThan6","name":"Более 6 лет"},"schedule":{"id":"flexible","name":"Гибкий график"},"employment":{"id":"full","name":"Полная занятость"},"department":null,"contacts":null,"description":"<p>Joom — международный мобильный маркетплейс, самый быстрорастущий e-Commerce сервис Европы. Первую версию приложения мы запустили летом 2016-го года, к текущему моменту у нас более 400 миллионов установок по всему миру.</p> <p>У нас запланировано очень много крупных фич, поэтому мы ищем нескольких разработчиков для создания сложных распределенных систем, работающих под большой нагрузкой. В Joom есть несколько направлений для backend-разработки: клиентские приложения, платформа для мерчантов, логистическая платформа, платежная система, автоматизация рекламы, инфраструктура. Раз в три месяца разработчик по желанию может ротироваться из одного направления в другое. Стек во всех командах: Go, MongoDB, AWS.</p> <p><strong>Задачи:</strong></p> <ul> <li>придумывать архитектуру;</li> <li>программировать на Go;</li> <li>обеспечивать отказоустойчивость написанных сервисов в окружении AWS;</li> <li>быть готовым к постоянному росту нагрузки и объема обрабатываемых и хранимых данных;</li> <li>участвовать в обсуждении новых фич и развития продукта.</li> </ul> <p><strong>Требования:</strong></p> <ul> <li>уверенное владение любым из языков программирования: Go/Java/C++/Python/Scala;</li> <li>опыт разработки сложных проектов;</li> <li>отличная алгоритмическая подготовка;</li> <li>опыт разработки под Linux/Unix.</li> </ul> <p><strong>Плюсами будут:</strong></p> <ul> <li>опыт с highload;</li> <li>опыт работы с MongoDB;</li> <li>опыт работы с Kubernetes.</li> </ul> <p><strong>Условия работы:</strong></p> <ul> <li> <p>красивый и удобный офис в районе м. ЦСКА/Динамо;</p> </li> <li> <p>релокационный пакет для соискателей не из Москвы;</p> </li> <li> <p>белая зарплата;</p> </li> <li> <p>пакет акций компании;</p> </li> <li> <p>гибкий график;</p> </li> <li> <p>любое оборудование для работы на выбор;</p> </li> <li> <p>ДМС (в т.ч. для детей) и 100% оплачиваемые больничные;</p> </li> <li> <p>ипотечная программа после двух лет работы;</p> </li> <li> <p>бесплатная парковка;</p> </li> <li> <p>корпоративные обеды.</p> </li> </ul>","branded_description":null,"vacancy_constructor_template":null,"key_skills":[{"name":"Golang"},{"name":"Java"},{"name":"C++"},{"name":"MongoDB"},{"name":"Linux"},{"name":"AWS"},{"name":"SCALA"},{"name":"Python"},{"name":"highload"},{"name":"Go"}],"accept_handicapped":false,"accept_kids":false,"archived":false,"response_url":null,"specializations":[{"id":"1.221","name":"Программирование, Разработка","profarea_id":"1","profarea_name":"Информационные технологии, интернет, телеком"},{"id":"1.82","name":"Инженер","profarea_id":"1","profarea_name":"Информационные технологии, интернет, телеком"},{"id":"1.474","name":"Стартапы","profarea_id":"1","profarea_name":"Информационные технологии, интернет, телеком"}],"code":null,"hidden":false,"quick_responses_allowed":false,"driver_license_types":[],"accept_incomplete_resumes":false,"employer":{"id":"2801530","name":"Joom","url":"https://api.hh.ru/employers/2801530?host=hh.ru","alternate_url":"https://hh.ru/employer/2801530","logo_urls":{"90":"https://hhcdn.ru/employer-logo/2095790.png","original":"https://hhcdn.ru/employer-logo-original/413429.png","240":"https://hhcdn.ru/employer-logo/2095791.png"},"vacancies_url":"https://api.hh.ru/vacancies?employer_id=2801530&host=hh.ru","trusted":true},"published_at":"2021-06-12T16:01:56+0300","created_at":"2021-06-12T16:01:56+0300","negotiations_url":null,"suitable_resumes_url":null,"apply_alternate_url":"https://hh.ru/applicant/vacancy_response?vacancyId=37790906","has_test":false,"test":null,"alternate_url":"https://hh.ru/vacancy/37790906","working_days":[],"working_time_intervals":[],"working_time_modes":[],"accept_temporary":false}