{"id":"38092145","premium":false,"billing_type":{"id":"standard","name":"Стандарт"},"relations":[],"name":"Главный backend программист PHP (Symfony, удаленная работа)","insider_interview":null,"response_letter_required":false,"area":{"id":"1","name":"Москва","url":"https://api.hh.ru/areas/1?host=hh.ru"},"salary":null,"type":{"id":"open","name":"Открытая"},"address":{"city":"Москва","street":"улица Ленинская Слобода","building":"26с5","description":null,"lat":55.71124,"lng":37.652436,"raw":"Москва, улица Ленинская Слобода, 26с5","metro":{"station_name":"Автозаводская","line_name":"Замоскворецкая","station_id":"2.2","line_id":"2","lat":55.706634,"lng":37.657008},"metro_stations":[{"station_name":"Автозаводская","line_name":"Замоскворецкая","station_id":"2.2","line_id":"2","lat":55.706634,"lng":37.657008}]},"allow_messages":true,"site":{"id":"hh","name":"hh.ru"},"experience":{"id":"between3And6","name":"От 3 до 6 лет"},"schedule":{"id":"fullDay","name":"Полный день"},"employment":{"id":"full","name":"Полная занятость"},"department":{"id":"533-533-it","name":"Связной. IT/Digital"},"contacts":null,"description":"<p><strong><em>Интернет-магазин svyaznoy входит в ТОП-10 крупнейших интернет-магазинов в России!</em></strong></p> <p><strong><em>Наши сайты посещают огромное количество пользователей, а бесперебойную работу всех систем обеспечивает кластер из ~100 серверов.</em></strong></p> <p><strong><em>Аудитория наших самых высоконагруженных проектов от 2 до 15 млн. посетителей в месяц: svyaznoy, c-store, express.svyaznoy, job.svyaznoy.</em></strong></p> <p><em><strong>Мы ищем человека, которого не пугают сложные высоко нагруженные системы, десятки интеграций и сложная бизнес логика</strong>.</em></p> <p><strong>Требования:</strong></p> <ul> <li> <p>Знание и опыт работы с PHP 7+ (используем 7.3, 7.4);</p> </li> <li> <p>Понимание плюсов и минусов ООП;</p> </li> <li> <p>Знание паттернов проектирования (основных, архитектурных, enterprise, интеграционных) и умение их применять;</p> </li> <li> <p>Опыт работы с Docker;</p> </li> <li> <p>Понимание и опыт работы с RESTful API, SOAP, JSON RPC 2.0.;</p> </li> <li> <p>Понимание DDD;</p> </li> <li> <p>Понимание принципов асинхронного программирования;</p> </li> <li> <p>Version control: Git;</p> </li> <li> <p>CI/CD: Gitlab.</p> </li> </ul> <p><strong>Обязанности:</strong></p> <ul> <li>Разработка и поддержка системы процессинга заказов;</li> <li>Подключение сторонних систем;</li> <li>Оптимизация производительности;</li> <li>Выравнивание внутренней архитектуры.</li> </ul> <p><strong>Условия:</strong></p> <ul> <li> <p>Сейчас мы все работаем удаленно. Далее по желанию возможен полностью удаленный формат либо график 2 дня офис и 3 дня дома;</p> </li> <li> <p>Месторасположение офиса: метро Автозаводская, бизнес-центр Симонов Плаза (5-7 минут пешком от метро);</p> </li> <li> <p>Высокий уровень оплаты труда, обсуждается индивидуально с успешным кандидатом;</p> </li> <li> <p>Оформление по ТК РФ (отпуск, больничный) + соцпакет;</p> </li> <li> <p>Профессиональный коллектив и возможности для развития.</p> </li> </ul>","branded_description":"\n<style>\n.tmpl_hh_wrapper p,\n.tmpl_hh_wrapper a,\n.tmpl_hh_wrapper img,\n.tmpl_hh_wrapper ol,\n.tmpl_hh_wrapper ul,\n.tmpl_hh_wrapper li {\n    margin: 0;\n    padding: 0;\n    border: 0;\n    font-size: 100%;\n    font: inherit;\n    vertical-align: baseline;\n}\n\n.hht-vacancydescription {\n    padding: 0px;\n}\n\n.tmpl_hh_wrapper .l-cell,\n.tmpl_hh_wrapper .l-paddings {\n    padding: 0px !important;\n}\n\n.tmpl_hh_wrapper .b-vacancy-desc-wrapper {\n    margin-top: 0px !important;    \n}\n\n.tmpl_hh_wrapper .b-vacancy-desc {\n    overflow: visible !important;\n    line-height: inherit;\n}\n\n.tmpl_hh_content ol li b,\n.tmpl_hh_content ol li strong,\n.tmpl_hh_content ol li p b,\n.tmpl_hh_content ol li p strong,\n.tmpl_hh_content ul li b,\n.tmpl_hh_content ul li strong,\n.tmpl_hh_content ul li p b,\n.tmpl_hh_content ul li p strong {\n    font-weight: normal;\n    font-size: inherit !important;\n    color: inherit !important;\n    margin: 0 !important;\n    text-transform: none;\n}\n\n.tmpl_hh_content ol li p,\n.tmpl_hh_content ul li p {\n    font-weight: normal;\n    margin: 0;\n}\n\n.tmpl_hh_content p b,\n.tmpl_hh_content p strong {\n    display: inline;\n    margin: 0;\n}\n\n.tmpl_hh_wrapper {\n    width: 100%;\n    margin: 0 auto;\n    max-width: 690px;\n    position: relative;\n    word-break: normal;\n    color: #000000;\n    overflow: hidden;\n    font-family: 'Arial';\n    font-size: 14px;\n    line-height: 16px;\n}\n\n.tmpl_hh_wrapper img {\n    width: 100%;\n    display: block;\n    -webkit-user-select: none;\n    -moz-user-select: none;\n    -ms-user-select: none;\n    user-select: none;\n}\n\n.tmpl_hh_content {\n    padding: 20px 37px 28px;\n    position: relative;\n    z-index: 1;\n}\n\n.tmpl_hh_content p:first-child,\n.tmpl_hh_content>strong:first-child,\n.tmpl_hh_content div>strong:first-child {\n    margin-top: 0 !important;\n}\n\n.tmpl_hh_content p,\n.tmpl_hh_content b,\n.tmpl_hh_content strong {\n   margin: 20px 0 9px\n}\n\n.tmpl_hh_content b, \n.tmpl_hh_content strong {\n    display: inline-block;\n    font-weight: bold;\n    font-size: 16px;\n    line-height: 16px;\n    color: #4b1783;\n}\n\n.tmpl_hh_content ol,\n.tmpl_hh_content ul {\n    margin-left: 18px;\n    list-style: none !important;\n}\n\n.tmpl_hh_content ol {\n    counter-reset: list_counter;\n}\n\n.tmpl_hh_content li {\n    position: relative;\n    margin-bottom: 8px;\n}\n\n.tmpl_hh_content ul ul,\n.tmpl_hh_content ul ol,\n.tmpl_hh_content ol ol,\n.tmpl_hh_content ol ul {\n    margin-top: 8px;\n}\n\n.tmpl_hh_content ol>li {\n    counter-increment: list_counter;    \n}\n\n.tmpl_hh_content li:before {\n    position: absolute;\n    left: -16px;\n    top: 0;\n    color: #4b1783;\n}\n\n.tmpl_hh_content ul>li:before {\n    content: \"–\";\n}\n\n.tmpl_hh_content ol>li:before {\n    content: counter(list_counter)'.';\n    left: auto;\n    right: 100%;\n    margin-right: 2px;\n}\n\n.tmpl_hh_flex {\n    display: -webkit-box;\n    display: -ms-flexbox;\n    display: flex;\n    -webkit-box-pack: justify;\n    -ms-flex-pack: justify;\n    justify-content: space-between;\n    -ms-flex-wrap: wrap;\n    flex-wrap: wrap;\n}\n\n@media screen and (max-width: 699px) {\n    .tmpl_hh_content {\n        padding: 20px 3% 11px;\n    }\n\n}\n</style>\n\n\n<div class=\"tmpl_hh_wrapper\">\n    <div class=\"tmpl_hh_header\">\n        <img class=\"tmpl_hh_header__background\" src=\"https://hhcdn.ru/ichameleon/152642.png\" alt=\"\">\n    </div>\n    <div class=\"tmpl_hh_content\">\n       <p><strong><em>Интернет-магазин svyaznoy входит в ТОП-10 крупнейших интернет-магазинов в России!</em></strong></p> <p><strong><em>Наши сайты посещают огромное количество пользователей, а бесперебойную работу всех систем обеспечивает кластер из ~100 серверов.</em></strong></p> <p><strong><em>Аудитория наших самых высоконагруженных проектов от 2 до 15 млн. посетителей в месяц: svyaznoy, c-store, express.svyaznoy, job.svyaznoy.</em></strong></p> <p><em><strong>Мы ищем человека, которого не пугают сложные высоко нагруженные системы, десятки интеграций и сложная бизнес логика</strong>.</em></p> <p><strong>Требования:</strong></p> <ul> <li> <p>Знание и опыт работы с PHP 7+ (используем 7.3, 7.4);</p> </li> <li> <p>Понимание плюсов и минусов ООП;</p> </li> <li> <p>Знание паттернов проектирования (основных, архитектурных, enterprise, интеграционных) и умение их применять;</p> </li> <li> <p>Опыт работы с Docker;</p> </li> <li> <p>Понимание и опыт работы с RESTful API, SOAP, JSON RPC 2.0.;</p> </li> <li> <p>Понимание DDD;</p> </li> <li> <p>Понимание принципов асинхронного программирования;</p> </li> <li> <p>Version control: Git;</p> </li> <li> <p>CI/CD: Gitlab.</p> </li> </ul> <p><strong>Обязанности:</strong></p> <ul> <li>Разработка и поддержка системы процессинга заказов;</li> <li>Подключение сторонних систем;</li> <li>Оптимизация производительности;</li> <li>Выравнивание внутренней архитектуры.</li> </ul> <p><strong>Условия:</strong></p> <ul> <li> <p>Сейчас мы все работаем удаленно. Далее по желанию возможен полностью удаленный формат либо график 2 дня офис и 3 дня дома;</p> </li> <li> <p>Месторасположение офиса: метро Автозаводская, бизнес-центр Симонов Плаза (5-7 минут пешком от метро);</p> </li> <li> <p>Высокий уровень оплаты труда, обсуждается индивидуально с успешным кандидатом;</p> </li> <li> <p>Оформление по ТК РФ (отпуск, больничный) + соцпакет;</p> </li> <li> <p>Профессиональный коллектив и возможности для развития.</p> </li> </ul></div>\n    <div class=\"tmpl_hh_footer\">\n        <img class=\"tmpl_hh_footer__background\" src=\"https://hhcdn.ru/ichameleon/151068.png\" alt=\"\">\n    </div>\n</div> \n\n","vacancy_constructor_template":null,"key_skills":[{"name":"PHP"},{"name":"Symfony"},{"name":"Back-end"},{"name":"Git"},{"name":"HTML"},{"name":"CSS"},{"name":"Yiu2"},{"name":"Subversion"},{"name":"Асинхронное программирование"},{"name":"REST"},{"name":"JSON API"},{"name":"ООП"}],"accept_handicapped":false,"accept_kids":false,"archived":false,"response_url":null,"specializations":[{"id":"1.221","name":"Программирование, Разработка","profarea_id":"1","profarea_name":"Информационные технологии, интернет, телеком"},{"id":"1.272","name":"Системная интеграция","profarea_id":"1","profarea_name":"Информационные технологии, интернет, телеком"},{"id":"1.113","name":"Консалтинг, Аутсорсинг","profarea_id":"1","profarea_name":"Информационные технологии, интернет, телеком"},{"id":"1.82","name":"Инженер","profarea_id":"1","profarea_name":"Информационные технологии, интернет, телеком"},{"id":"1.277","name":"Сотовые, Беспроводные технологии","profarea_id":"1","profarea_name":"Информационные технологии, интернет, телеком"},{"id":"1.359","name":"Электронная коммерция","profarea_id":"1","profarea_name":"Информационные технологии, интернет, телеком"}],"code":null,"hidden":false,"quick_responses_allowed":false,"driver_license_types":[],"accept_incomplete_resumes":false,"employer":{"id":"533","name":"Связной","url":"https://api.hh.ru/employers/533?host=hh.ru","alternate_url":"https://hh.ru/employer/533","logo_urls":{"original":"https://hhcdn.ru/employer-logo-original/643428.png","90":"https://hhcdn.ru/employer-logo/3014864.png","240":"https://hhcdn.ru/employer-logo/3014865.png"},"vacancies_url":"https://api.hh.ru/vacancies?employer_id=533&host=hh.ru","trusted":true},"published_at":"2021-06-10T10:59:54+0300","created_at":"2021-06-10T10:59:54+0300","negotiations_url":null,"suitable_resumes_url":null,"apply_alternate_url":"https://hh.ru/applicant/vacancy_response?vacancyId=38092145","has_test":false,"test":null,"alternate_url":"https://hh.ru/vacancy/38092145","working_days":[],"working_time_intervals":[],"working_time_modes":[],"accept_temporary":false}