{"id":"38400003","premium":false,"billing_type":{"id":"standard","name":"Стандарт"},"relations":[],"name":"Senior .NET Backend Developer на продукт Скан-Интерфакс","insider_interview":null,"response_letter_required":false,"area":{"id":"1","name":"Москва","url":"https://api.hh.ru/areas/1?host=hh.ru"},"salary":null,"type":{"id":"open","name":"Открытая"},"address":{"city":"Москва","street":"2-я Тверская-Ямская улица","building":"16","description":null,"lat":55.771854,"lng":37.59507,"raw":"Москва, 2-я Тверская-Ямская улица, 16","metro":{"station_name":"Маяковская","line_name":"Замоскворецкая","station_id":"2.80","line_id":"2","lat":55.769808,"lng":37.596192},"metro_stations":[{"station_name":"Маяковская","line_name":"Замоскворецкая","station_id":"2.80","line_id":"2","lat":55.769808,"lng":37.596192}]},"allow_messages":true,"site":{"id":"hh","name":"hh.ru"},"experience":{"id":"between3And6","name":"От 3 до 6 лет"},"schedule":{"id":"remote","name":"Удаленная работа"},"employment":{"id":"full","name":"Полная занятость"},"department":null,"contacts":null,"description":"<p><strong>&quot;Интерфакс&quot;</strong> - крупнейшая в России частная информационная группа, лидер информационного рынка в сегменте B2B. Мы создаем профессиональные продукты для бизнеса, госорганов, СМИ. С помощью современных IT-решений помогаем бизнесу работать на финансовом и товарных рынках, управлять рисками, вести внешние коммуникации.</p> <p><strong>СКАН</strong> – система управления репутацией и медиа-анализа. Мы помогаем PR-специалистам эффективно работать со СМИ и соцсетями, а специалистам по безопасности - оценивать репутационные риски для работы с контрагентами.</p> <p>Система непрерывно собирает новости с десятков тысяч источников, разбирая ежедневно около 500000 статей. Каждая статья проходит лингвистическую обработку через несколько десятков сервисов. Мы научились понимать текст на очень высоком уровне и это только вершина айсберга. Для обеспечения процессинга, поиска, аналитики, мониторинга, шлюза на данный момент используется платформа с 600+ GHz, 9TB RAM, 65TB SSD, 6TB SQL Server, 18TB MongoDB.</p> <p>Мы растем каждый год на 20% минимум - новые вызовы требуют еще больших объемов, оптимизаций и решения сложных технических задач, обновления стека технологий.</p> <p>Продукт состоит из 3-х логических частей:</p> <p>- Сбор данных из десятков тысяч источников</p> <p>- Лингвистическая обработка текстов</p> <p>- Структурирование и предоставление данных пользователю</p> <p><strong>Наш стек технологий и процессов:</strong></p> <ul> <li>Code: .NET Framework + .NET Core, новое – сразу упаковывается в контейнеры и k8s;</li> <li>БД: MS SQL Server, MongoDB, Cassandra, RabbitMQ, Redis;</li> <li>DevOps: Zabbix, ELK, Prometheus+Grafana, CI/CD на TeamCity, ansible, helm, JMeter;</li> <li>Code Review, шаринг знаний, местами парное программирование;</li> <li>Процессы: единый backlog в YouTrack, OKR, daily/демо/ретро/планирования, спринты 2 нед, Scrum/Kanban или вариация на усмотрение команды, Slack, Confluence;</li> </ul> <p><strong>Задачи, которые предстоит решать:</strong></p> <ul> <li>Боевая разработка backend компонентов системы анализа масс-медиа и её подсистем (по желанию можно прокачаться и во фронте angular/typescript)</li> <li>Разработка новой функциональности</li> <li>Развитие существующей</li> <li>Рефакторинг</li> <li>Исправление дефектов и замечаний</li> <li>Проведение код-ревью</li> <li>Написание модульных и интеграционных тестов</li> </ul> <p><strong>Мы ищем</strong><strong>:</strong></p> <ul> <li>Опытного разработчика на C# (сильный middle или senior).</li> <li>Разделяющего принципы Agile (SCRUM или Kanban).</li> <li>Умеющего и любящего работать в команде (у нас реальный SCRUM, с покером, story point&#39;ами, обсуждениями, демо результатов, тесной командной работой, mob и т.д.).</li> <li>С опытом работы минимум в трех командах и проектах (мы профессионалы и хотим еще одного профессионала, который сможет учиться сам и учить полезному нас).</li> </ul> <p><strong>Мы ожидаем</strong><strong>:</strong></p> <ul> <li>.NET Core 3.0 +</li> <li>.NET (ASP.NET MVC/WebApi, WCF, WinServices, ADO.NET, MultiThreading, LINQ)</li> <li>Понимание принципов построения масштабируемых отказоустойчивых систем</li> <li>Опыт работы с многопоточными системами</li> <li>Умение вносить изменения реляционные БД (MSSQL)</li> <li>Опыт работы с системами контроля версий: git</li> <li>Опыт работы с issue-tracker&#39;ами (Jira, YouTrack, Redmine, или другими)</li> </ul> <p><strong>Будет преимуществом</strong><strong>:</strong></p> <ul> <li>Опыт работы с docker, k8s</li> <li>Опыт работы с очередями, шинами данных, распределенными кэшами (у нас RabbitMQ, Kafka, Redis)</li> <li>Опыт настройки CI/CD в любой системе (у нас TeamCity, смотрим на gitlab)</li> <li>Владение шаблонами проектирования, EIP, гайдлайны по архитектуре от MS, Framework Design Guidelines</li> <li>Опыт работы с JMeter, SoapUI или их аналогами</li> <li>Опыт использования ORM (Dapper, EF)</li> <li>Опыт работы с большими и сложными информационными системами</li> <li>Опыт работы по гибким методологиям разработки ПО (Scrum/Kanban)</li> <li>Желание активно участвовать в улучшении процессов своей команды и процессов вокруг нее</li> <li>Опыт выстраивания процессов в JIRA/YouTrack</li> <li>Высшее техническое образование</li> </ul> <p><strong>Мы предлагаем:</strong></p> <ul> <li>Сейчас работаем полностью удаленно<em><strong>, далее формат обсуждаем</strong></em>;</li> <li><em><strong>Ответственность и гибкость</strong></em> - Официальное оформление, &quot;белая&quot; заработная плата, гибкий подход к организации рабочего дня (время прихода с 9:00 до 11:00), ДМС (включая стоматологию);</li> <li><strong><em>Рост и перспектива</em> </strong>- Перспективы и карьерного и профессионального роста;</li> <li><em><strong>Лучшая работа и активная жизнь</strong></em> - Тренинги и обучение, участие в профессиональных конференциях и корпоративных мероприятиях.</li> </ul>","branded_description":null,"vacancy_constructor_template":null,"key_skills":[{"name":"Agile Project Management"},{"name":"MS SQL"},{"name":"Scrum"},{"name":"C#"},{"name":"docker"},{"name":"kubernetes"},{"name":".NET Framework"}],"accept_handicapped":false,"accept_kids":false,"archived":false,"response_url":null,"specializations":[{"id":"1.221","name":"Программирование, Разработка","profarea_id":"1","profarea_name":"Информационные технологии, интернет, телеком"}],"code":null,"hidden":false,"quick_responses_allowed":false,"driver_license_types":[],"accept_incomplete_resumes":false,"employer":{"id":"10156","name":"Интерфакс","url":"https://api.hh.ru/employers/10156?host=hh.ru","alternate_url":"https://hh.ru/employer/10156","logo_urls":{"original":"https://hhcdn.ru/employer-logo-original/819976.png","240":"https://hhcdn.ru/employer-logo/3720792.png","90":"https://hhcdn.ru/employer-logo/3720791.png"},"vacancies_url":"https://api.hh.ru/vacancies?employer_id=10156&host=hh.ru","trusted":true},"published_at":"2021-06-10T10:55:44+0300","created_at":"2021-06-10T10:55:44+0300","negotiations_url":null,"suitable_resumes_url":null,"apply_alternate_url":"https://hh.ru/applicant/vacancy_response?vacancyId=38400003","has_test":false,"test":null,"alternate_url":"https://hh.ru/vacancy/38400003","working_days":[],"working_time_intervals":[],"working_time_modes":[],"accept_temporary":false}