{"id":"39271180","premium":false,"billing_type":{"id":"standard","name":"Стандарт"},"relations":[],"name":"Ведущий Back-end разработчик / Senior PHP Developer","insider_interview":null,"response_letter_required":false,"area":{"id":"1","name":"Москва","url":"https://api.hh.ru/areas/1?host=hh.ru"},"salary":null,"type":{"id":"open","name":"Открытая"},"address":null,"allow_messages":true,"site":{"id":"hh","name":"hh.ru"},"experience":{"id":"moreThan6","name":"Более 6 лет"},"schedule":{"id":"remote","name":"Удаленная работа"},"employment":{"id":"full","name":"Полная занятость"},"department":null,"contacts":null,"description":"<p><strong>Компания Webbankir ищет к себе в команду middle+ PHP разработчика, которому будет интересно: </strong></p> <ul> <li>Написание стабильного, безопасного и быстрого кода;</li> <li>Поддержка и модификация ранее написанного кода;</li> <li>Работа в тесной связке с фронтом и мобильной разработкой;</li> <li>Техническая интеграция с различными партнерами.</li> </ul> <p><strong>Каким мы видим нашего нового члена команды: </strong></p> <ul> <li>Хорошо знает PHP7+;</li> <li>Может полноценно работать с PostgreSQL, MongoDB, Redis, MQ, Docker;</li> <li>Обладает знаниями и опытом работы с Git;</li> <li>Понимает, что такое архитектура приложения, знает и применяет принципы SOLID и шаблоны проектирования;</li> <li>Пишет автоматизированные тесты;</li> <li>Знает как работать с микрослужбами.</li> </ul> <p><strong>Мы готовы тебе предложить:</strong></p> <ul> <li>Если ты из Москвы, то с радостью ждём в уютном офисе в БП &quot;GreenWood&quot; (ст.м. &quot;Сходненская&quot;), ну и, конечно, <strong>удалённое сотрудничество;</strong></li> <li>Оформление на работу по Трудовому законодательству РФ (оплачиваемые отпуск, больничный);</li> <li>Традиционные корпоративные мероприятия, дни рождения сотрудников в приятной компании (но только если тебе это интересно, никаких &quot;добровольно-принудительных&quot; акций);</li> <li>Корпоративное обучение и возможность расширять профессиональные знания за счет компании;</li> <li>Работа в прогрессивной IT-компании в команде профессионалов (мы сделали все, чтобы собрать команду уровня middle+);</li> </ul>","branded_description":"\n<style>\n.tmpl_hh_wrapper p,\n.tmpl_hh_wrapper a,\n.tmpl_hh_wrapper img,\n.tmpl_hh_wrapper ol,\n.tmpl_hh_wrapper ul,\n.tmpl_hh_wrapper li {\n    margin: 0;\n    padding: 0;\n    border: 0;\n    font-size: 100%;\n    font: inherit;\n    vertical-align: baseline;\n}\n\n.hht-vacancydescription {\n    padding: 0px;\n}\n\n.tmpl_hh_wrapper .l-cell,\n.tmpl_hh_wrapper .l-paddings {\n    padding: 0px !important;\n}\n\n.tmpl_hh_wrapper .b-vacancy-desc-wrapper {\n    margin-top: 0px !important;\n}\n\n.tmpl_hh_wrapper .b-vacancy-desc {\n    overflow: visible !important;\n    line-height: inherit;\n}\n\n.tmpl_hh_content ol li b,\n.tmpl_hh_content ol li strong,\n.tmpl_hh_content ol li p b,\n.tmpl_hh_content ol li p strong,\n.tmpl_hh_content ul li b,\n.tmpl_hh_content ul li strong,\n.tmpl_hh_content ul li p b,\n.tmpl_hh_content ul li p strong {\n    font-weight: normal;\n    font-size: inherit !important;\n    color: inherit !important;\n    margin: 0 !important;\n    text-transform: none;\n}\n\n.tmpl_hh_content ol li p,\n.tmpl_hh_content ul li p {\n    font-weight: normal;\n    margin: 0;\n}\n\n.tmpl_hh_content p b,\n.tmpl_hh_content p strong {\n    display: inline;\n    margin: 0;\n}\n\n.tmpl_hh_wrapper {\n    width: 100%;\n    margin: 0 auto;\n    max-width: 690px;\n    position: relative;\n    word-break: normal;\n    font-family: 'Trebuchet MS', 'Arial';\n    color: #000;\n    font-size: 16px;\n    line-height: 1.5;\n    overflow: hidden;\n    -webkit-box-sizing: border-box;\n    box-sizing: border-box;\n}\n\n.tmpl_hh_wrapper * {\n    -webkit-box-sizing: border-box;\n    box-sizing: border-box;\n}\n\n.tmpl_hh_wrapper img {\n    display: block;\n    width: 100%;\n}\n\n.tmpl_hh_head {\n    position: relative;\n}\n\nimg.tmpl_hh_logo {\n    position: absolute;\n    left: 4.3%;\n    top: 9.6%;\n    width: 38.3%;\n}\n\n.tmpl_hh_slogan {\n    position: absolute;\n    font-size: 26px;\n    line-height: 1.2;\n    left: 7%;\n    bottom: 4.2%;\n}\n\n.tmpl_hh_content {\n    padding: 45px 7.2% 37px;\n}\n\n.tmpl_hh_content p:first-child,\n.tmpl_hh_content>strong:first-child,\n.tmpl_hh_content div>strong:first-child {\n    margin-top: 0 !important;\n}\n\n.tmpl_hh_content p,\n.tmpl_hh_content b,\n.tmpl_hh_content strong {\n    margin: 30px 0 16px;\n}\n\n.tmpl_hh_content b,\n.tmpl_hh_content strong {\n    display: inline-block;\n    font-weight: bold;\n}\n\n.tmpl_hh_content ol,\n.tmpl_hh_content ul {\n    margin-left: 13px;\n    list-style: none !important;\n}\n\n.tmpl_hh_content ul {\n    margin-left: 17px;\n}\n\n.tmpl_hh_content ol {\n    counter-reset: list_counter;\n}\n\n.tmpl_hh_content li {\n    position: relative;\n    margin-bottom: 6px;\n}\n\n.tmpl_hh_content ul ul,\n.tmpl_hh_content ul ol,\n.tmpl_hh_content ol ol,\n.tmpl_hh_content ol ul {\n    margin-top: 6px;\n}\n\n.tmpl_hh_content ol>li {\n    counter-increment: list_counter;\n}\n\n.tmpl_hh_content li:before {\n    content: '';\n    position: absolute;\n    left: -17px;\n    top: 0;\n}\n\n.tmpl_hh_content ul>li:before {\n    content: '—';\n}\n\n.tmpl_hh_content ol>li:before {\n    content: counter(list_counter) \".\";\n    left: auto;\n    right: 100%;\n    margin-right: 2px;\n}\n\n.tmpl_hh_advantages {\n    padding: 2.8% 1.5% 7.3%;\n    display: -webkit-box;\n    display: -ms-flexbox;\n    display: flex;\n    -ms-flex-wrap: wrap;\n    flex-wrap: wrap;\n    -webkit-box-pack: center;\n    -ms-flex-pack: center;\n    justify-content: center;\n    background: #fedc53 url(https://hhcdn.ru/ichameleon/160035.jpg) top center/100% auto no-repeat;\n}\n\n.tmpl_hh_advantages__item {\n    width: 30%;\n    margin: 0 1.5%;\n    text-align: center;\n}\n\n.tmpl_hh_advantages__icon {\n    width: 173px;\n    position: relative;\n    left: 5%;\n    margin: 0 auto -20px;\n}\n\n.tmpl_hh_advantages__title {\n    display: block;\n    max-width: 150px;\n    margin: 0 auto 9px;\n}\n\np.tmpl_hh_advantages__text {\n    max-width: 150px;\n    margin: 0 auto;\n}\n\n@media screen and (max-width: 699px) {\n    img.tmpl_hh_head__image {\n        width: 113%;\n    }\n\n    img.tmpl_hh_logo {\n        left: 6.3%;\n        top: 9.6%;\n        width: 43.8%;\n    }\n\n    .tmpl_hh_slogan {\n        font-size: 4.5vw;\n        line-height: 1.2;\n        left: 6%;\n        bottom: 1.2%;\n    }\n\n    .tmpl_hh_content {\n        padding: 32px 7% 37px;\n    }\n\n    .tmpl_hh_advantages {\n        padding: 15px 0 29px;\n        position: relative;\n        background-image: url(https://hhcdn.ru/ichameleon/160036.jpg);\n        background-position: 0 0;\n        background-size: auto 72px;\n        background-repeat: repeat-x;\n        z-index: 1;\n    }\n\n    .tmpl_hh_advantages:before,\n    .tmpl_hh_advantages:after {\n        content: '';\n        position: absolute;\n        top: 0;\n        height: 72px;\n        width: 12px;\n        background: #fff;\n    }\n\n    .tmpl_hh_advantages:before {\n        left: 0;\n    }\n\n    .tmpl_hh_advantages:after {\n        right: 0;\n    }\n\n    .tmpl_hh_advantages__item {\n        width: 47%;\n        font-size: 14px;\n        margin-bottom: 6px;\n    }\n\n    .tmpl_hh_advantages__item:not(:last-child) {\n        margin-bottom: 33px;\n    }\n\n    .tmpl_hh_advantages__item:last-child {\n        width: 60%;\n    }\n\n    .tmpl_hh_advantages__title {\n        margin-bottom: 6px;\n    }\n\n    p.tmpl_hh_advantages__text {\n        line-height: 1.45;\n        max-width: 170px;\n    }\n\n    .tmpl_hh_advantages__icon {\n        width: 149px;\n        left: 1%;\n        margin-bottom: -25px;\n    }\n}\n</style>\n\n<div class=\"tmpl_hh_wrapper\">\n    <div class=\"tmpl_hh_head\">\n        <img src=\"https://hhcdn.ru/ichameleon/160037.svg\" alt=\"\" class=\"tmpl_hh_logo\">\n        <img src=\"https://hhcdn.ru/ichameleon/160038.jpg\" class=\"tmpl_hh_head__image\" alt=\"\">\n        <div class=\"tmpl_hh_slogan\">Присоединяйся <br> к нам!</div>\n    </div>\n    <div class=\"tmpl_hh_content\">\n        <p><strong>Компания Webbankir ищет к себе в команду middle+ PHP разработчика, которому будет интересно: </strong></p> <ul> <li>Написание стабильного, безопасного и быстрого кода;</li> <li>Поддержка и модификация ранее написанного кода;</li> <li>Работа в тесной связке с фронтом и мобильной разработкой;</li> <li>Техническая интеграция с различными партнерами.</li> </ul> <p><strong>Каким мы видим нашего нового члена команды: </strong></p> <ul> <li>Хорошо знает PHP7+;</li> <li>Может полноценно работать с PostgreSQL, MongoDB, Redis, MQ, Docker;</li> <li>Обладает знаниями и опытом работы с Git;</li> <li>Понимает, что такое архитектура приложения, знает и применяет принципы SOLID и шаблоны проектирования;</li> <li>Пишет автоматизированные тесты;</li> <li>Знает как работать с микрослужбами.</li> </ul> <p><strong>Мы готовы тебе предложить:</strong></p> <ul> <li>Если ты из Москвы, то с радостью ждём в уютном офисе в БП \"GreenWood\" (ст.м. \"Сходненская\"), ну и, конечно, <strong>удалённое сотрудничество;</strong></li> <li>Оформление на работу по Трудовому законодательству РФ (оплачиваемые отпуск, больничный);</li> <li>Традиционные корпоративные мероприятия, дни рождения сотрудников в приятной компании (но только если тебе это интересно, никаких \"добровольно-принудительных\" акций);</li> <li>Корпоративное обучение и возможность расширять профессиональные знания за счет компании;</li> <li>Работа в прогрессивной IT-компании в команде профессионалов (мы сделали все, чтобы собрать команду уровня middle+);</li> </ul></div>        \n    <div class=\"tmpl_hh_advantages\">\n        <div class=\"tmpl_hh_advantages__item\">\n            <div class=\"tmpl_hh_advantages__icon\"><img src=\"https://hhcdn.ru/ichameleon/160039.png\" alt=\"\"></div>\n            <b class=\"tmpl_hh_advantages__title\">Инновационный бизнес</b>\n            <p class=\"tmpl_hh_advantages__text\">интересные задачи и амбициозные проекты</p>\n        </div>\n        <div class=\"tmpl_hh_advantages__item\">\n            <div class=\"tmpl_hh_advantages__icon\"><img src=\"https://hhcdn.ru/ichameleon/160040.png\" alt=\"\"></div>\n            <b class=\"tmpl_hh_advantages__title\">Комфортные условия работы</b>\n            <p class=\"tmpl_hh_advantages__text\">гибкий график, <br> белая з/п, <br> оформление по ТК</p>\n        </div>\n        <div class=\"tmpl_hh_advantages__item\">\n            <div class=\"tmpl_hh_advantages__icon\"><img src=\"https://hhcdn.ru/ichameleon/160041.png\" alt=\"\"></div>\n            <b class=\"tmpl_hh_advantages__title\">Возможность роста</b>\n            <p class=\"tmpl_hh_advantages__text\">карьерный, финансовый, профессиональный</p>\n        </div>\n    </div>\n</div>\n","vacancy_constructor_template":null,"key_skills":[{"name":"MongoDB"},{"name":"PHP7"},{"name":"PostgreSQL"},{"name":"Redis"}],"accept_handicapped":false,"accept_kids":false,"archived":false,"response_url":null,"specializations":[{"id":"1.395","name":"Банковское ПО","profarea_id":"1","profarea_name":"Информационные технологии, интернет, телеком"},{"id":"1.221","name":"Программирование, Разработка","profarea_id":"1","profarea_name":"Информационные технологии, интернет, телеком"},{"id":"1.359","name":"Электронная коммерция","profarea_id":"1","profarea_name":"Информационные технологии, интернет, телеком"},{"id":"1.744","name":"Другое","profarea_id":"1","profarea_name":"Информационные технологии, интернет, телеком"},{"id":"1.9","name":"Web инженер","profarea_id":"1","profarea_name":"Информационные технологии, интернет, телеком"},{"id":"1.474","name":"Стартапы","profarea_id":"1","profarea_name":"Информационные технологии, интернет, телеком"}],"code":null,"hidden":false,"quick_responses_allowed":false,"driver_license_types":[],"accept_incomplete_resumes":false,"employer":{"id":"1213725","name":"МФК ВЭББАНКИР","url":"https://api.hh.ru/employers/1213725?host=hh.ru","alternate_url":"https://hh.ru/employer/1213725","logo_urls":{"90":"https://hhcdn.ru/employer-logo/2292672.jpeg","240":"https://hhcdn.ru/employer-logo/2292673.jpeg","original":"https://hhcdn.ru/employer-logo-original/462703.jpg"},"vacancies_url":"https://api.hh.ru/vacancies?employer_id=1213725&host=hh.ru","trusted":true},"published_at":"2021-06-06T21:40:21+0300","created_at":"2021-06-06T21:40:21+0300","negotiations_url":null,"suitable_resumes_url":null,"apply_alternate_url":"https://hh.ru/applicant/vacancy_response?vacancyId=39271180","has_test":false,"test":null,"alternate_url":"https://hh.ru/vacancy/39271180","working_days":[],"working_time_intervals":[],"working_time_modes":[],"accept_temporary":false}