{"id":"39306455","premium":false,"billing_type":{"id":"standard_plus","name":"Стандарт плюс"},"relations":[],"name":"Senior Java / Kotlin Backend Developer","insider_interview":null,"response_letter_required":false,"area":{"id":"1","name":"Москва","url":"https://api.hh.ru/areas/1?host=hh.ru"},"salary":{"from":270000,"to":350000,"currency":"RUR","gross":false},"type":{"id":"open","name":"Открытая"},"address":{"city":"Москва","street":"Лесная улица","building":"5","description":null,"lat":55.777783,"lng":37.586877,"raw":"Москва, Лесная улица, 5","metro":null,"metro_stations":[]},"allow_messages":true,"site":{"id":"hh","name":"hh.ru"},"experience":{"id":"between3And6","name":"От 3 до 6 лет"},"schedule":{"id":"fullDay","name":"Полный день"},"employment":{"id":"full","name":"Полная занятость"},"department":null,"contacts":null,"description":"<p><strong>FunCorp</strong> — международная компания, которая занимается разработкой развлекательных UGC-сервисов. C 2004 года мы развиваем FunTech индустрию, создавая продукты и сервисы на стыке фана и технологий. Мы — эксперты в самом смешном из всех серьёзных видов бизнеса.</p> <p>Наш основной продукт <strong>iFunny</strong> — второе по популярности приложение в США в категории Entertainment, его установили более 50 миллионов раз. Наша аудитория — молодое коммьюнити создателей и любителей мемов. Ежедневно в приложение заходят до двух миллионов пользователей, которые совершают 400 миллионов просмотров.</p> <p>Наши приложения кажутся простыми — так и должно быть в FunTech. Но под капотом у нас мощные технологии, современные решения и методологии, обеспечивающие эту лёгкость. Мы используем колоночные и NoSQL-базы данных, сервисно-ориентированную архитектуру, оркестрацию и автоматическое горизонтальное масштабирование, чтобы ежедневно обслуживать более четырех миллионов человек по всему миру, отвечая в пике на более чем 25000 запросов в секунду. Система аналитики принимает и обрабатывает 8 миллиардов событий в сутки, позволяя знать всё о том, что происходит с нашими пользователями, как отражаются на них улучшения и изменения.</p> <p>Бэкенд-команда разбита на динамические кросс-функциональные группы. Мы практикуем перекрестный code review, пишем тесты и документацию. Все наши продакт-менеджеры имеют технический бэкграунд, а поставленные перед командой задачи имеют статистическое обоснование. Мы всегда проводим A/B-тест выдвинутых гипотез и на основе этого принимаем решение о целесообразности их реализации. А наша система Continuous Delivery позволяет нам выпускать новые версии ежедневно.</p> <p><strong>Что нужно, чтобы присоединиться к нам:</strong></p> <ul> <li> <p>иметь обширный опыт бэкенд-разработки на Java или Kotlin + MongoDB + Spring Framework (скорее всего вы знаете Java тоже, и это будет плюсом);</p> </li> <li> <p>уметь и любить писать чистый код, использовать подход DDD и следовать принципам SOLID;</p> </li> <li> <p>чувство юмора :)</p> </li> </ul> <p><strong>Стек используемых технологий:</strong></p> <ul> <li> <p>Spring, JUnit, Ktor в асинхронных сервисах;</p> </li> <li> <p>MongoDB, Redis, Elasticsearch, Clickhouse;</p> </li> <li> <p>Amazon Web Services (ECS, SQS, S3, ...), Docker, Jenkins, Gitlab, Prometheus + Grafana, Kibana.</p> </li> </ul> <p><strong>Что предстоит делать:</strong></p> <ul> <li> <p>работать в кросс-функциональной команде быстрыми большими итерациями;</p> </li> <li> <p>развивать и поддерживать REST-бэкенд нового экспериментального UGC-приложения на Kotlin под Spring Framework;</p> </li> <li> <p>обеспечивать отказоустойчивость, масштабируемость, оптимизировать узкие места.</p> </li> </ul> <p><strong>Что мы предлагаем:</strong></p> <ul> <li> <p>квартальные, реферальные, релокационные премии, бонусы ко дню рождения, при рождении ребенка, компенсации тимбилдингов;</p> </li> <li> <p>индивидуальный бюджет на обучение и участие в российских и зарубежных конференциях;</p> </li> <li> <p>расширенный пакет ДМС;</p> </li> <li> <p>компенсация фитнеса;</p> </li> <li> <p>техника Apple;</p> </li> <li> <p>бесплатные завтраки и обеды в офисе;</p> </li> <li> <p>корпоративные мероприятия;</p> </li> <li> <p>комфортный офис в минутной доступности от ст. м. Белорусская.</p> </li> </ul>","branded_description":null,"vacancy_constructor_template":null,"key_skills":[{"name":"Kotlin"},{"name":"Java"}],"accept_handicapped":false,"accept_kids":false,"archived":false,"response_url":null,"specializations":[{"id":"1.221","name":"Программирование, Разработка","profarea_id":"1","profarea_name":"Информационные технологии, интернет, телеком"}],"code":null,"hidden":false,"quick_responses_allowed":false,"driver_license_types":[],"accept_incomplete_resumes":false,"employer":{"id":"1212374","name":"FunCorp","url":"https://api.hh.ru/employers/1212374?host=hh.ru","alternate_url":"https://hh.ru/employer/1212374","logo_urls":{"240":"https://hhcdn.ru/employer-logo/1723023.png","original":"https://hhcdn.ru/employer-logo-original/320164.png","90":"https://hhcdn.ru/employer-logo/1723022.png"},"vacancies_url":"https://api.hh.ru/vacancies?employer_id=1212374&host=hh.ru","trusted":true},"published_at":"2021-06-11T15:01:24+0300","created_at":"2021-06-11T15:01:24+0300","negotiations_url":null,"suitable_resumes_url":null,"apply_alternate_url":"https://hh.ru/applicant/vacancy_response?vacancyId=39306455","has_test":false,"test":null,"alternate_url":"https://hh.ru/vacancy/39306455","working_days":[],"working_time_intervals":[],"working_time_modes":[],"accept_temporary":false}