{"id":"39388485","premium":false,"billing_type":{"id":"standard_plus","name":"Стандарт плюс"},"relations":[],"name":"Senior Python Backend Developer (Machine Learning)","insider_interview":null,"response_letter_required":false,"area":{"id":"1","name":"Москва","url":"https://api.hh.ru/areas/1?host=hh.ru"},"salary":{"from":250000,"to":350000,"currency":"RUR","gross":false},"type":{"id":"open","name":"Открытая"},"address":{"city":"Москва","street":"Лесная улица","building":"5","description":null,"lat":55.777783,"lng":37.586877,"raw":"Москва, Лесная улица, 5","metro":null,"metro_stations":[]},"allow_messages":true,"site":{"id":"hh","name":"hh.ru"},"experience":{"id":"between1And3","name":"От 1 года до 3 лет"},"schedule":{"id":"fullDay","name":"Полный день"},"employment":{"id":"full","name":"Полная занятость"},"department":null,"contacts":null,"description":"<p><strong>FunCorp</strong> — международная компания, которая занимается разработкой развлекательных UGC-сервисов. C 2004 года мы развиваем FunTech индустрию, создавая продукты и сервисы на стыке фана и технологий. Мы — эксперты в самом смешном из всех серьёзных видов бизнеса.</p> <p>Наш основной продукт <strong>iFunny</strong> — второе по популярности развлекательное приложение в США, его установили более 50 миллионов раз. Наша аудитория — молодое комьюнити создателей и любителей мемов. Ежедневно в приложение заходят около двух миллионов пользователей, которые совершают 400 миллионов просмотров.</p> <p>В работе наших приложений мы активно используем сервисы, построенные на машинном обучении.</p> <p>Уже сейчас у нас внедрены и работают:</p> <ul> <li> <p>сервис распознавания текста из изображений;</p> </li> <li> <p>сервис нечёткого поиска дубликатов изображений;</p> </li> <li> <p>сервис рекомендаций контента;</p> </li> <li> <p>сервис предварительной оценки загружаемого контента;</p> </li> <li> <p>автомодерация контента на основе поиска дубликатов.</p> </li> </ul> <p>Значительная часть этих сервисов построена на базе ML-фреймворков и пакетов на Python. Нам нужен еще один разработчик в команду бэкенда, который поможет развивать и поддерживать эти сервисы, создавать новые - ещё более интересные, а также готовый принимать участие в развитии этих сервисов для улучшения как пользовательского опыта, так и внутренних метрик продуктов.</p> <p><strong>Что нужно, чтобы присоединиться к нам:</strong></p> <ul> <li> <p>отлично знать Python 3, Flask или Gunicorn, иметь опыт написания асинхронного кода с использованием AsyncIO;</p> </li> <li> <p>иметь опыт построения и поддержки высоконагруженных систем и сервисов;</p> </li> <li> <p>иметь высшее техническое образование, знать алгоритмы и любить их;</p> </li> <li> <p>испытывать интерес к Machine Learning как отрасли и быть готовым изучать фреймворки (PyTorch, TensorFlow);</p> </li> <li> <p>обладать аналитическим мышлением, уметь анализировать информацию, выдвигать и проверять гипотезы, быть способным находить решения и брать на себя ответственность.</p> </li> </ul> <p><strong>Будет совсем круто, если есть:</strong></p> <ul> <li> <p>прикладной опыт в области машинного обучения, в идеале — профиль на Kaggle;</p> </li> <li> <p>опыт Backend-разработки на Java/Kotlin и/или PHP (Symfony);</p> </li> <li> <p>опыт проведения и анализа результатов контролируемых A/B-экспериментов.</p> </li> </ul> <p>Стек используемых технологий: Docker, Redis, MongoDB, ClickHouse.</p> <p><strong>Что предстоит делать:</strong></p> <ul> <li> <p>создавать и поддерживать Highload-сервисы на базе обученных моделей;</p> </li> <li> <p>интегрировать ML-сервисы с бизнес-логикой PHP-монолита и Java/Kotlin-сервисов;</p> </li> <li> <p>участвовать в обучении и доработке существующих моделей, получении и консолидации данных, построении тестовых выборок.</p> </li> </ul> <p><strong>Что мы предлагаем:</strong></p> <ul> <li> <p>квартальные, реферальные, релокационные премии, бонусы ко дню рождения, при рождении ребенка, компенсации тимбилдингов;</p> </li> <li> <p>индивидуальный бюджет на обучение и участие в российских и зарубежных конференциях;</p> </li> <li> <p>расширенный пакет ДМС;</p> </li> <li> <p>компенсация фитнеса;</p> </li> <li> <p>техника Apple;</p> </li> <li> <p>бесплатные завтраки и обеды в офисе;</p> </li> <li> <p>корпоративные мероприятия;</p> </li> <li> <p>комфортный офис в минутной доступности от ст. м. Белорусская.</p> </li> </ul>","branded_description":null,"vacancy_constructor_template":null,"key_skills":[{"name":"Python"},{"name":"MongoDB"},{"name":"Machine Learning"},{"name":"Highload"}],"accept_handicapped":false,"accept_kids":false,"archived":false,"response_url":null,"specializations":[{"id":"1.221","name":"Программирование, Разработка","profarea_id":"1","profarea_name":"Информационные технологии, интернет, телеком"}],"code":null,"hidden":false,"quick_responses_allowed":false,"driver_license_types":[],"accept_incomplete_resumes":false,"employer":{"id":"1212374","name":"FunCorp","url":"https://api.hh.ru/employers/1212374?host=hh.ru","alternate_url":"https://hh.ru/employer/1212374","logo_urls":{"240":"https://hhcdn.ru/employer-logo/1723023.png","original":"https://hhcdn.ru/employer-logo-original/320164.png","90":"https://hhcdn.ru/employer-logo/1723022.png"},"vacancies_url":"https://api.hh.ru/vacancies?employer_id=1212374&host=hh.ru","trusted":true},"published_at":"2021-06-13T12:01:44+0300","created_at":"2021-06-13T12:01:44+0300","negotiations_url":null,"suitable_resumes_url":null,"apply_alternate_url":"https://hh.ru/applicant/vacancy_response?vacancyId=39388485","has_test":false,"test":null,"alternate_url":"https://hh.ru/vacancy/39388485","working_days":[],"working_time_intervals":[],"working_time_modes":[],"accept_temporary":false}