{"id":"39648376","premium":false,"billing_type":{"id":"standard","name":"Стандарт"},"relations":[],"name":"Backend Senior Python Developer","insider_interview":null,"response_letter_required":false,"area":{"id":"1","name":"Москва","url":"https://api.hh.ru/areas/1?host=hh.ru"},"salary":null,"type":{"id":"open","name":"Открытая"},"address":null,"allow_messages":true,"site":{"id":"hh","name":"hh.ru"},"experience":{"id":"between3And6","name":"От 3 до 6 лет"},"schedule":{"id":"remote","name":"Удаленная работа"},"employment":{"id":"full","name":"Полная занятость"},"department":{"id":"2155808-2155808-uma","name":"UMA.Tech"},"contacts":null,"description":"<p><strong>«Газпром-медиа» – ведущий диверсифицированный медиахолдинг в России и в Восточной Европе, объединяет активы во всех сегментах медиарынка: телевидении, радио, прессе, кинопроизводстве и дистрибуции, интернет-платформах.</strong></p> <p><strong>Холдинг управляет видеосервисом PREMIER, эфирными телеканалами (НТВ, ТНТ, ТВ-3, «Пятница!», ТНТ4, «Матч ТВ», «Матч! СТРАНА», 2х2, «Супер»), кинопроизводством и дистрибуцией («Киностудия КИТ», «Централ Партнершип», Comedy Club Production, Good Story Media), а также развивает ряд перспективных проектов в области обработки данных, маркетинговых технологий и работы с блогерами.</strong></p> <p>Приглашаем присоединиться<strong> </strong>к<strong> команде</strong> <strong>разработки цифровых видеосервисов</strong>, включающих в себя короткие видео, блоги, стримы и челленджи – все это с дополненной реальностью, нейронными сетями и другими передовыми технологиями.</p> <p><strong>Требуемые компетенции</strong></p> <ul> <li>От 5 лет опыта профессиональной разработки ПО на Python (Django, Flask, Pyramid и т.п.)</li> <li>Опыт работы с Golang</li> <li>Понимание принципов ООП и знание основных шаблонов проектирования</li> <li>Опыт написания высоконагруженных систем и RESTful веб-сервисов</li> <li>Умение писать асинхронный код (Aiohttp, Asyncio, Tornado и т.п.)</li> <li>Опыт работы с реляционными базами данных и хорошие знания SQL</li> <li>Опыт работы с NoSql базами данных</li> <li>Опыт работы с Rabbit MQ и Celery</li> <li>Уверенное использование Git, Docker, Linux</li> <li>Умение работать в команде, опыт проведения Code Review</li> </ul> <p><strong>Условия</strong></p> <ul> <li>Трудоустройство по ТК РФ</li> <li>Удаленная работа с возможностью выхода в офис по желанию</li> <li>Совместная работа с опытными разработчиками, аналитиками, менеджерами, маркетологами</li> <li>Гибкий график работы</li> <li>ДМС (включая стоматологию) после испытательного срока</li> </ul> <p><strong>Особенности разработки</strong></p> <ul> <li>Быстрое создание прототипов и итерационное развитие продуктов на основе аналитики, тестирования гипотез и интеграции с лучшими сервисами и командами</li> <li>Управление задачами в Jira, база знаний в Confluence</li> <li>Agile, спринты по две недели с участием руководителей продуктов, аналитиков и менеджеров проектов</li> <li>Работа в продуктовых командах</li> <li>Условия для постоянного профессионального развития сотрудников и решения всё более сложных задач</li> </ul> <p><strong>Присоединяйтесь к команде!</strong></p>","branded_description":null,"vacancy_constructor_template":null,"key_skills":[{"name":"Scrum"},{"name":"Kanban"},{"name":"Agile"},{"name":"Python"},{"name":"Django Framework"},{"name":"Flask"},{"name":"Pyramid"},{"name":"Golang"},{"name":"Aiohttp"},{"name":"Asyncio"},{"name":"Tornado"},{"name":"Rabbit MQ"},{"name":"Celery"},{"name":"Git"},{"name":"Docker"},{"name":"Linux"}],"accept_handicapped":false,"accept_kids":false,"archived":false,"response_url":null,"specializations":[{"id":"1.221","name":"Программирование, Разработка","profarea_id":"1","profarea_name":"Информационные технологии, интернет, телеком"},{"id":"1.116","name":"Контент","profarea_id":"1","profarea_name":"Информационные технологии, интернет, телеком"},{"id":"1.89","name":"Интернет","profarea_id":"1","profarea_name":"Информационные технологии, интернет, телеком"}],"code":null,"hidden":false,"quick_responses_allowed":false,"driver_license_types":[],"accept_incomplete_resumes":true,"employer":{"id":"2155808","name":"Газпром-медиа Развлекательное телевидение (ГПМ РТВ)","url":"https://api.hh.ru/employers/2155808?host=hh.ru","alternate_url":"https://hh.ru/employer/2155808","logo_urls":{"original":"https://hhcdn.ru/employer-logo-original/510125.png","90":"https://hhcdn.ru/employer-logo/2482253.png","240":"https://hhcdn.ru/employer-logo/2482254.png"},"vacancies_url":"https://api.hh.ru/vacancies?employer_id=2155808&host=hh.ru","trusted":true},"published_at":"2021-05-31T12:36:21+0300","created_at":"2021-05-31T12:36:21+0300","negotiations_url":null,"suitable_resumes_url":null,"apply_alternate_url":"https://hh.ru/applicant/vacancy_response?vacancyId=39648376","has_test":false,"test":null,"alternate_url":"https://hh.ru/vacancy/39648376","working_days":[],"working_time_intervals":[],"working_time_modes":[],"accept_temporary":false}