{"id":"39881273","premium":false,"billing_type":{"id":"standard","name":"Стандарт"},"relations":[],"name":"Senior PHP-разработчик (Backend )","insider_interview":null,"response_letter_required":false,"area":{"id":"1","name":"Москва","url":"https://api.hh.ru/areas/1?host=hh.ru"},"salary":null,"type":{"id":"open","name":"Открытая"},"address":null,"allow_messages":true,"site":{"id":"hh","name":"hh.ru"},"experience":{"id":"between3And6","name":"От 3 до 6 лет"},"schedule":{"id":"fullDay","name":"Полный день"},"employment":{"id":"full","name":"Полная занятость"},"department":null,"contacts":null,"description":"<p>«СберСпасибо»- крупнейшая банковская программа лояльности, созданная для клиентов ПАО Сбербанк.</p> <p><strong>Обязанности:</strong></p> <ul> <li>Поддержка backend-части Единой Онлайн Платформы «Спасибо» от Сбербанка;</li> <li>Разработка и сопровождение REST API для веб-сайта и Мобильного Приложения;</li> <li>Вынос функционала из монолита в отдельный сервис;</li> <li>Совместная работа с другими командами разработки Backend;</li> <li>Разработка интеграций с внутренними системами;</li> <li>Разработка и ведение технической документации проекта;</li> <li>Поиск узких мест и оптимизация php-приложения;</li> <li>Оптимизация текущей архитектуры проекта, разработка архитектуры новых сервисов;</li> <li> <p>Кодревью функционала, разрабатываемого удаленными командами.</p> </li> </ul> <strong>Требования:</strong> <ul> <li> <p>Высшее техническое образование;</p> </li> <li>Опыт работы php разработчиком от 3 лет.</li> <li>Опыт разработки и поддержки BackEnd для SPA (понимание архитектуры SPA-приложений), REST API;</li> <li>Опыт использования Composer, брокера очередей: RabbitMQ и Kafka;</li> <li>Опыт разработки микросервисов;</li> <li>Опыт работы с Битрикс-Framework, знание и умение использовать ядро D7 (идет процесс перехода на Laravel);</li> <li>Знание Laravel и его микрофреймворка Lumen, PHP7.1+, PSR-7, PSR-17;</li> <li>Опыт работы со Swagger и Postman;</li> <li>Знание Memcached, Redis, ElasticSearch;</li> <li>Знание GIT и следование принципам Git-Flow;</li> <li>Умение писать тесты;</li> <li>Опыт разработки высоконагруженных проектов и опыт совместной работы с удаленными командами будет преимуществом;</li> <li>Понимание принципов Agile и отсутствие внутренних противоречий с ними;</li> <li>Следование принципам Git Flow, умение автоматизировать процесс Deploy в продакт, следование CI/CD и владение DevOps-практиками будет преимуществом;</li> <li>Мы ценим в кандидате качества: инициативность, самостоятельность, внимание к деталям, перфекционизм, стремление к самообразованию и обмену опытом в командной работе.</li> </ul> <p><strong>Будет преимуществом:</strong></p> <ul> <li>Опыт работы с Битрикс-Framework, знание и умение использовать ядро D7 (идет процесс перехода на Laravel).</li> </ul> <strong>Условия:</strong> <ul> <li>Социальный пакет ДМС и НС;</li> <li>Офис: ст. метро Кутузовская;</li> <li>График работы: 5/2;</li> <li>Конкурентная заработная плата;</li> <li>Премия;</li> <li>Льготные условия для потребительского и ипотечного кредитования.</li> </ul>","branded_description":null,"vacancy_constructor_template":null,"key_skills":[{"name":"Agile Project Management"},{"name":"Git"},{"name":"Linux"},{"name":"MySQL"},{"name":"MS Office"},{"name":"MS Project Expert"},{"name":"MS Visio"},{"name":"MS PowerPoint"},{"name":"Битрикс-24"}],"accept_handicapped":false,"accept_kids":false,"archived":false,"response_url":null,"specializations":[{"id":"1.221","name":"Программирование, Разработка","profarea_id":"1","profarea_name":"Информационные технологии, интернет, телеком"}],"code":null,"hidden":false,"quick_responses_allowed":false,"driver_license_types":[],"accept_incomplete_resumes":false,"employer":{"id":"4315301","name":"СберСпасибо","url":"https://api.hh.ru/employers/4315301?host=hh.ru","alternate_url":"https://hh.ru/employer/4315301","logo_urls":{"240":"https://hhcdn.ru/employer-logo/3809408.png","90":"https://hhcdn.ru/employer-logo/3809407.png","original":"https://hhcdn.ru/employer-logo-original/842133.png"},"vacancies_url":"https://api.hh.ru/vacancies?employer_id=4315301&host=hh.ru","trusted":true},"published_at":"2021-06-08T09:17:02+0300","created_at":"2021-06-08T09:17:02+0300","negotiations_url":null,"suitable_resumes_url":null,"apply_alternate_url":"https://hh.ru/applicant/vacancy_response?vacancyId=39881273","has_test":false,"test":null,"alternate_url":"https://hh.ru/vacancy/39881273","working_days":[],"working_time_intervals":[],"working_time_modes":[],"accept_temporary":false}