{"id":"39996044","premium":false,"billing_type":{"id":"standard","name":"Стандарт"},"relations":[],"name":"Старший разработчик JavaScript (Node.js/back-end)","insider_interview":null,"response_letter_required":false,"area":{"id":"1","name":"Москва","url":"https://api.hh.ru/areas/1?host=hh.ru"},"salary":null,"type":{"id":"open","name":"Открытая"},"address":null,"allow_messages":true,"site":{"id":"hh","name":"hh.ru"},"experience":{"id":"between3And6","name":"От 3 до 6 лет"},"schedule":{"id":"remote","name":"Удаленная работа"},"employment":{"id":"full","name":"Полная занятость"},"department":null,"contacts":null,"description":"<p>OneTwoTrip — самый высокотехнологичный сервис путешествий. Ежедневно на нашем сайте и в мобильном приложении десятки миллионов поисковых запросов превращаются в десятки тысяч путешествий. Более 4 млн. человек — наши клиенты.</p> <p>Наш сервис функционален, прост и удобен в использовании. Мы создаем уникальные предложения, собирая в реальном времени комбинации из авиабилетов и отелей, и легко комбинируем рейсы разных авиакомпаний, включая лоукостеры. Купить билет на Сапсан в нашем приложении можно за 1 минуту. Сервис находит, выписывает и бронирует лучшие варианты, принимает оплату картами, Apple Pay и оказывает круглосуточную поддержку по всем современным средствам связи, включая мессенджеры.</p> <p>Наша команда непрерывно работает над качеством и скоростью поиска, чтобы путешественники находили лучшие варианты и цены на отели, авиа и ж/д билеты, туры и другие продукты.<br />Мы всегда ищем талантливых и амбициозных специалистов и руководителей. Приходите к нам работать и рекомендуйте друзьям!</p> <p>Наша система построена на стеке Nginx/React/Node.js/Riak/Redis. <strong>OneTwoTrip - это настоящий высоконагруженный проект, участвовать в котором мы доверяем лучшим профессионалам своего дела.</strong></p> <p><strong>Основные задачи:</strong></p> <ul> <li>Разработка нового и поддержка текущего функционала системы</li> </ul> <p><strong>Что мы ожидаем от Вас:</strong></p> <ul> <li>Опыт разработки на Javascript</li> <li>Опыт работы с Node.js</li> <li>Опыт работы с большим количеством существующего кода</li> <li>Понимание принципов построения масштабируемых систем, основные проблемы, пути решения</li> <li>Опыт разбиения монолитов и непреодолимое желание делать проект лучше</li> </ul> <p><strong>Мы предлагаем:</strong></p> <ul> <li>ДМС</li> <li>Бонусы и премии за результат: мы любим строить смелые планы и еще больше любим воплощать их</li> <li>Интересные и амбициозные задачи</li> <li>Неограниченный профессиональный рост и возможность работать с технической системой мирового уровня</li> <li>Ресурсы на реализацию смелых идей, идущих на пользу сервису</li> <li>Работу по гибридному графику или полностью удаленно</li> <li>Посещение профильных мероприятий, библиотека с хорошими книгами и обмен опытом с интересными людьми</li> </ul>","branded_description":null,"vacancy_constructor_template":null,"key_skills":[{"name":"JavaScript"},{"name":"Node.js"}],"accept_handicapped":false,"accept_kids":false,"archived":false,"response_url":null,"specializations":[{"id":"1.221","name":"Программирование, Разработка","profarea_id":"1","profarea_name":"Информационные технологии, интернет, телеком"}],"code":null,"hidden":false,"quick_responses_allowed":false,"driver_license_types":[],"accept_incomplete_resumes":false,"employer":{"id":"914908","name":"OneTwoTrip","url":"https://api.hh.ru/employers/914908?host=hh.ru","alternate_url":"https://hh.ru/employer/914908","logo_urls":{"original":"https://hhcdn.ru/employer-logo-original/113370.png","90":"https://hhcdn.ru/employer-logo/608024.png","240":"https://hhcdn.ru/employer-logo/608025.png"},"vacancies_url":"https://api.hh.ru/vacancies?employer_id=914908&host=hh.ru","trusted":true},"published_at":"2021-06-01T12:40:30+0300","created_at":"2021-06-01T12:40:30+0300","negotiations_url":null,"suitable_resumes_url":null,"apply_alternate_url":"https://hh.ru/applicant/vacancy_response?vacancyId=39996044","has_test":false,"test":null,"alternate_url":"https://hh.ru/vacancy/39996044","working_days":[],"working_time_intervals":[],"working_time_modes":[],"accept_temporary":false}