{"id":"40029324","premium":false,"billing_type":{"id":"standard","name":"Стандарт"},"relations":[],"name":"Senior C# developer (.net, full-stack / back-end)","insider_interview":null,"response_letter_required":false,"area":{"id":"1","name":"Москва","url":"https://api.hh.ru/areas/1?host=hh.ru"},"salary":{"from":220000,"to":350000,"currency":"RUR","gross":false},"type":{"id":"open","name":"Открытая"},"address":{"city":"Москва","street":"улица Правды","building":"26","description":null,"lat":55.7906876572,"lng":37.5847012712,"raw":"Москва, улица Правды, 26","metro":{"station_name":"Белорусская","line_name":"Замоскворецкая","station_id":"2.19","line_id":"2","lat":55.777439,"lng":37.582107},"metro_stations":[{"station_name":"Белорусская","line_name":"Замоскворецкая","station_id":"2.19","line_id":"2","lat":55.777439,"lng":37.582107},{"station_name":"Савеловская","line_name":"Серпуховско-Тимирязевская","station_id":"9.128","line_id":"9","lat":55.794054,"lng":37.587163}]},"allow_messages":true,"site":{"id":"hh","name":"hh.ru"},"experience":{"id":"between3And6","name":"От 3 до 6 лет"},"schedule":{"id":"remote","name":"Удаленная работа"},"employment":{"id":"full","name":"Полная занятость"},"department":null,"contacts":null,"description":"<p><strong>Mindbox</strong> — крупнейшая в России облачная платформа автоматизации маркетинга. Помогаем компаниям — от ДоДо Пиццы и Ситилинка до ПИК и МИФ делать полезный персональный маркетинг. Без спама.</p> <p>Ищем разработчика, который хочет сложных технических вызовов и роста. Задачи full-stack, доля back-end 70-80%.</p> <p><strong>400 000+ RPM в среднем</strong>, 50 миллионов транзакций в день, 300+ миллионов профилей в базах, десятки миллиардов фактов, несколько тысяч подключенных касс, с доступностью 24/7.</p> <p>Выделяем <strong>на технический бэклог 40% времени</strong>. Переходим на linux и современный стэк: Я.Облако, .net core, k8s. Монолит рефакторим, 20 000+ тестов. Тринадцать лет выдержки Agile, CI/CD с ежедневными релизами без ручного тестирования. Joel Test 11/12.</p> <p><strong>Ожидаем:</strong> самостоятельного проектирования средних задач. BCL / CLR, чистый код, шаблоны классической и распределенной архитектуры, DDD, оптимизация производительности (желательно, SQL).</p> <p>У нас особенная культура: <strong>открытые финансы и зарплаты</strong>, право вето у каждого. Разработчик видит ежедневную обратную связь от бизнеса и принимает решения: релиз каждый день, SLA на бизнес-сценарии, 30% ресурса команда распределяет на техдолг.</p> <p><strong>Люди и технологии</strong></p> <ul> <li><strong>70+</strong> человек в разработке, <strong>10 команд на выбор</strong>, есть у кого учиться</li> <li><strong>Back: </strong>С# 8.0, .NET 4.8 / .NET Core, SQL Server 2017, Kafka, RabbitMQ, Redis, Cassandra</li> <li><strong>Front:</strong> typescript, Redux, ReactJS</li> <li><strong>DevOps:</strong> GitHub Actions, Octopus Deploy, Helm</li> <li><strong>SRE:</strong> Prometheus, Grafana, AlertManager, Graylog + Sentry, Amixr.io</li> </ul> <p><strong>Условия работы</strong></p> <p>Прозрачные грейды: разработчиков до <strong>320 000 </strong>₽/мес на руки<strong>, </strong>архитекторов, SM — до <strong>400 000 </strong>₽<strong>. </strong>Премии за выступления, статьи в блог</p> <ul> <li>Работа удалённо, в офисе или смешано, гибкий график</li> <li>Комнаты по 8-10 человек. Десктоп i9 с SSD или MacBook Pro, 2x4K монитора</li> <li>Спорт, квесты, настолки, ЧГК, VR и караоке</li> <li>Экологичный офис класса A: панорамные окна, полезные (и не очень) перекусы, starbucks</li> <li><strong>250 000 ₽ / год</strong> на софинансирование образования, медицины, спорта и путешествий. Книги бесплатно</li> <li>Дополнительный день отдыха за каждый год стажа, болезни без справки</li> <li>Помощь с переездом: займ и бонус через год в размере оклада (для иногородних)</li> </ul>","branded_description":null,"vacancy_constructor_template":null,"key_skills":[{"name":".NET Framework"},{"name":"C#"},{"name":"MS SQL"},{"name":"LINQ"},{"name":".NET Core"},{"name":"ASP.NET Core"}],"accept_handicapped":false,"accept_kids":false,"archived":false,"response_url":null,"specializations":[{"id":"1.221","name":"Программирование, Разработка","profarea_id":"1","profarea_name":"Информационные технологии, интернет, телеком"}],"code":null,"hidden":false,"quick_responses_allowed":false,"driver_license_types":[],"accept_incomplete_resumes":false,"employer":{"id":"205152","name":"Mindbox","url":"https://api.hh.ru/employers/205152?host=hh.ru","alternate_url":"https://hh.ru/employer/205152","logo_urls":{"90":"https://hhcdn.ru/employer-logo/3742331.png","240":"https://hhcdn.ru/employer-logo/3742332.png","original":"https://hhcdn.ru/employer-logo-original/825361.png"},"vacancies_url":"https://api.hh.ru/vacancies?employer_id=205152&host=hh.ru","trusted":true},"published_at":"2021-05-29T10:54:19+0300","created_at":"2021-05-29T10:54:19+0300","negotiations_url":null,"suitable_resumes_url":null,"apply_alternate_url":"https://hh.ru/applicant/vacancy_response?vacancyId=40029324","has_test":true,"test":{"required":false},"alternate_url":"https://hh.ru/vacancy/40029324","working_days":[],"working_time_intervals":[],"working_time_modes":[],"accept_temporary":false}