{"id":"40289680","premium":false,"billing_type":{"id":"standard","name":"Стандарт"},"relations":[],"name":"Senior Python Backend Developer","insider_interview":null,"response_letter_required":false,"area":{"id":"1","name":"Москва","url":"https://api.hh.ru/areas/1?host=hh.ru"},"salary":null,"type":{"id":"open","name":"Открытая"},"address":null,"allow_messages":true,"site":{"id":"hh","name":"hh.ru"},"experience":{"id":"between3And6","name":"От 3 до 6 лет"},"schedule":{"id":"fullDay","name":"Полный день"},"employment":{"id":"full","name":"Полная занятость"},"department":null,"contacts":null,"description":"<p>Мы расширяем свою команду <strong>Python разработчиков </strong>в Москве.</p> <p>Активны несколько проектов в сфере цифровых связей, информационной безопасности, fraud detection и не только.</p> <p><strong>Что мы ожидаем от Вас?</strong></p> <p>Уверенные знания Python.</p> <p>Опыт написания веб-сервисов на Flask / Django / Falcon.</p> <p>Опыт работы с Docker</p> <p>Знание JavaScript, HTML, CSS и CI/CD процессов будет плюсом.</p> <p>Понимание GIL, декораторов, magic-методов.</p> <p>Владение устным английским от уровня Intermediate и выше.</p> <p>Мы следим за качеством своих продуктов. Умение поддерживать высокое качество создаваемых продуктов (unit testing, core review) для нас очень важно.</p> <p>Так же мы используем agile методологии (Scrum / Kanban). Если Вы работали с ними, это позволит быстрее влиться в наши процессы.</p> <p>Если у Вас есть опыт менеджмента и управления / лидства командой, опыт решения нетривиальных задач и общения с заказчиками, то мы можем говорить и про lead позиции.</p> <p> </p> <p><strong>Что еще мы предлагаем?</strong></p> <p>Работу с новейшими технологиями и участие в проектах из разных областей (Life Science, E-commerce, биоинформатика, GameDev, Capital Markets и других).</p> <p>Возможность поработать в распределенной команде на международном проекте.</p> <p>Обучение прямо в офисе. Предоставляем доступ к 9000+ курсов и тренингов, разработали специальные программы для архитекторов решений и деливери-менеджеров.</p> <p>Бесплатные курсы английского и разговорные клубы в офисах.</p> <p>Участие в программах менторинга для технических специалистов и для менеджеров.</p> <p>Возможность реализовывать свой потенциал вне проектов: мы организуем митапы и конференции, на которых выступают наши сотрудники, приглашаем тренеров для спикеров, развиваем профессиональные комьюнити.</p> <p>Возможность поработать в разных офисах ЕРАМ в России и за границей (наши офисы есть в 11 российских городах и более чем в 25 странах).</p>","branded_description":"\n<style type=\"text/css\">\n.tmpl_hh_wrapper p,\n.tmpl_hh_wrapper a,\n.tmpl_hh_wrapper img,\n.tmpl_hh_wrapper ol,\n.tmpl_hh_wrapper ul,\n.tmpl_hh_wrapper li {\n    margin: 0;\n    padding: 0;\n    border: 0;\n    font-size: 100%;\n    font: inherit;\n    vertical-align: baseline;\n}\n\n.hht-vacancydescription {\n    padding: 0px;\n}\n\n.tmpl_hh_wrapper .l-cell,\n.tmpl_hh_wrapper .l-paddings {\n    padding: 0px !important;\n}\n\n.tmpl_hh_wrapper .b-vacancy-desc,\n.tmpl_hh_wrapper .l-paddings {\n    line-height: inherit !important;\n}\n\n.tmpl_hh_wrapper .b-vacancy-desc-wrapper {\n    margin-top: 0px !important;\n}\n\n.tmpl_hh_wrapper .b-vacancy-desc {\n    overflow: visible !important;\n}\n\n.tmpl_hh_content ol li b,\n.tmpl_hh_content ol li strong,\n.tmpl_hh_content ol li p b,\n.tmpl_hh_content ol li p strong,\n.tmpl_hh_content ul li b,\n.tmpl_hh_content ul li strong,\n.tmpl_hh_content ul li p b,\n.tmpl_hh_content ul li p strong {\n    font-weight: normal;\n    font-size: inherit!important;\n    font-family: inherit!important;\n    line-height: inherit!important;\n    color: inherit!important;\n    margin: 0!important;\n    padding: 0!important;\n    background: none!important;\n    display: inline!important;\n    text-transform: none;\n}\n\n.tmpl_hh_content ol li p,\n.tmpl_hh_content ul li p {\n    font-weight: normal;\n    margin: 0;\n}\n\n.tmpl_hh_content p b,\n.tmpl_hh_content p strong {\n    display: inline;\n    margin: 0;\n}\n\n.tmpl_hh_flex {\n    display: -webkit-box;\n    display: -moz-box;\n    display: -ms-flexbox;\n    display: -webkit-flex;\n    display: flex;\n    -ms-flex-wrap: wrap;\n    flex-wrap: wrap;\n    -ms-flex-pack: justify;\n    justify-content: space-between;\n}\n\n.tmpl_hh_clearfix:after {\n    content: \"\";\n    display: block;\n    clear: both;\n}\n\n.tmpl_hh_wrapper {\n    width: 100%;\n    max-width: 690px;\n    margin: 0 auto;\n    position: relative;\n    word-break: normal;\n    font-family: 'Arial';\n    color: #000;\n    font-size: 14px;\n    line-height: 1.2;\n    overflow: hidden;\n}\n\n.tmpl_hh_wrapper img {\n    width: 100%;\n    display: block;\n    user-select: none;\n}\n\n.tmpl_hh_content {\n    padding: 39px 6.34% 35px;\n    -webkit-box-sizing: border-box;\n    -moz-box-sizing: border-box;\n    box-sizing: border-box;\n    margin: 0 auto;\n    color: #464547;\n    font-size: 14px;\n    line-height: 16px;\n}\n\n.tmpl_hh_content p:first-child,\n.tmpl_hh_content>strong:first-child,\n.tmpl_hh_content div>strong:first-child {\n    margin-top: 0 !important;\n}\n\n.tmpl_hh_content p,\n.tmpl_hh_content b,\n.tmpl_hh_content strong {\n    margin: 26px 0 0;\n}\n\n.tmpl_hh_content b,\n.tmpl_hh_content strong {\n    display: inline-block;\n    font-size: 16px;\n    line-height: 18px;\n    color: #39c2d7;\n}\n\n.tmpl_hh_content ul {\n    list-style: none !important;\n}\n\n.tmpl_hh_content ol {\n    list-style: decimal outside;\n}\n\n.tmpl_hh_content ul,\n.tmpl_hh_content ol {\n    margin-left: 16px;\n    margin-top: 9px;\n}\n\n.tmpl_hh_content ul ul,\n.tmpl_hh_content ul ol,\n.tmpl_hh_content ol ol,\n.tmpl_hh_content ol ul {\n    margin-top: 8px;\n}\n\n.tmpl_hh_content ul li,\n.tmpl_hh_content ol li {\n    position: relative;\n    margin-bottom: 8px;\n}\n\n.tmpl_hh_content ul>li:before {\n    content: '\\2022';\n    position: absolute;\n    left: -16px;\n    top: 0;\n    color: #cedb56;\n}\n\n.tmpl_hh_footer {\n    background: #76cdd8 url(https://hhcdn.ru/ichameleon/121391.png) no-repeat 0 100%;\n    background-size: 100% auto;\n    padding: 5% 6.34% 11%;\n}\n\n.tmpl_hh_footer p {\n    font-size: 14px;\n    line-height: 24px;\n    color: #fff;\n    margin-top: 9px;\n}\n\n.tmpl_hh_video {\n    position: relative;\n    padding-bottom: 56.2%;\n}\n\n.tmpl_hh_video iframe {\n    width: 100%;\n    height: 100%;\n    display: block;\n    top: 0;\n    left: 0;\n    position: absolute;\n}\n\n@media screen and (max-width: 699px) {\n    .tmpl_hh_content {\n        padding: 20px 10px 15px;\n    }\n    .tmpl_hh_footer p {\n        font-size: 12px;\n        line-height: 18px;\n        margin-top: 9px;\n    }\n    .tmpl_hh_footer {\n        padding: 5% 6.34% 9%;\n    }\n}    \n</style>\n \n \n \n<div class=\"tmpl_hh_wrapper\">\n    <div class=\"tmpl_hh_header\">\n          <img src=\"https://hhcdn.ru/ichameleon/121392.jpg\" alt=\"\">\n    </div>\n    <div class=\"tmpl_hh_content\">\n        <p>Мы расширяем свою команду <strong>Python разработчиков </strong>в Москве.</p> <p>Активны несколько проектов в сфере цифровых связей, информационной безопасности, fraud detection и не только.</p> <p><strong>Что мы ожидаем от Вас?</strong></p> <p>Уверенные знания Python.</p> <p>Опыт написания веб-сервисов на Flask / Django / Falcon.</p> <p>Опыт работы с Docker</p> <p>Знание JavaScript, HTML, CSS и CI/CD процессов будет плюсом.</p> <p>Понимание GIL, декораторов, magic-методов.</p> <p>Владение устным английским от уровня Intermediate и выше.</p> <p>Мы следим за качеством своих продуктов. Умение поддерживать высокое качество создаваемых продуктов (unit testing, core review) для нас очень важно.</p> <p>Так же мы используем agile методологии (Scrum / Kanban). Если Вы работали с ними, это позволит быстрее влиться в наши процессы.</p> <p>Если у Вас есть опыт менеджмента и управления / лидства командой, опыт решения нетривиальных задач и общения с заказчиками, то мы можем говорить и про lead позиции.</p> <p> </p> <p><strong>Что еще мы предлагаем?</strong></p> <p>Работу с новейшими технологиями и участие в проектах из разных областей (Life Science, E-commerce, биоинформатика, GameDev, Capital Markets и других).</p> <p>Возможность поработать в распределенной команде на международном проекте.</p> <p>Обучение прямо в офисе. Предоставляем доступ к 9000+ курсов и тренингов, разработали специальные программы для архитекторов решений и деливери-менеджеров.</p> <p>Бесплатные курсы английского и разговорные клубы в офисах.</p> <p>Участие в программах менторинга для технических специалистов и для менеджеров.</p> <p>Возможность реализовывать свой потенциал вне проектов: мы организуем митапы и конференции, на которых выступают наши сотрудники, приглашаем тренеров для спикеров, развиваем профессиональные комьюнити.</p> <p>Возможность поработать в разных офисах ЕРАМ в России и за границей (наши офисы есть в 11 российских городах и более чем в 25 странах).</p></div>\n    <div class=\"tmpl_hh_footer\">\n        <div class=\"tmpl_hh_video\">\n            <iframe width=\"560\" height=\"315\" src=\"https://www.youtube.com/embed/-QsZPpM5mTE\" frameborder=\"0\" allow=\"accelerometer; autoplay; encrypted-media; gyroscope; picture-in-picture\" allowfullscreen=\"allowfullscreen\"><!----></iframe>\n        </div>\n        \n    </div>\n</div>\n\n","vacancy_constructor_template":null,"key_skills":[{"name":"Python"},{"name":"Django Framework"},{"name":"Agile Project Management"},{"name":"JavaScript"},{"name":"CSS"}],"accept_handicapped":false,"accept_kids":false,"archived":false,"response_url":null,"specializations":[{"id":"1.221","name":"Программирование, Разработка","profarea_id":"1","profarea_name":"Информационные технологии, интернет, телеком"}],"code":null,"hidden":false,"quick_responses_allowed":false,"driver_license_types":[],"accept_incomplete_resumes":false,"employer":{"id":"6769","name":"EPAM Systems, Inc.","url":"https://api.hh.ru/employers/6769?host=hh.ru","alternate_url":"https://hh.ru/employer/6769","logo_urls":{"240":"https://hhcdn.ru/employer-logo/2623234.png","90":"https://hhcdn.ru/employer-logo/2623233.png","original":"https://hhcdn.ru/employer-logo-original/545440.png"},"vacancies_url":"https://api.hh.ru/vacancies?employer_id=6769&host=hh.ru","trusted":true},"published_at":"2021-05-31T09:32:34+0300","created_at":"2021-05-31T09:32:34+0300","negotiations_url":null,"suitable_resumes_url":null,"apply_alternate_url":"https://hh.ru/applicant/vacancy_response?vacancyId=40289680","has_test":false,"test":null,"alternate_url":"https://hh.ru/vacancy/40289680","working_days":[],"working_time_intervals":[],"working_time_modes":[],"accept_temporary":false}