{"id":"40421508","premium":false,"billing_type":{"id":"standard","name":"Стандарт"},"relations":[],"name":"Senior Backend Developer (Kotlin/ Java)","insider_interview":null,"response_letter_required":false,"area":{"id":"1","name":"Москва","url":"https://api.hh.ru/areas/1?host=hh.ru"},"salary":null,"type":{"id":"open","name":"Открытая"},"address":null,"allow_messages":true,"site":{"id":"hh","name":"hh.ru"},"experience":{"id":"between3And6","name":"От 3 до 6 лет"},"schedule":{"id":"fullDay","name":"Полный день"},"employment":{"id":"full","name":"Полная занятость"},"department":null,"contacts":null,"description":"<p><strong>Что мы делаем</strong></p> <p>Команда разработки Самокат обеспечивает наши операции эффективными инструментами (сервисами), которые делают наш процесс работы удобным, быстрым и эффективным. Мы говорим о таких направлениях как логистика, управление ассортиментом, предоставление каталога товаров, прием и оплата заказа, управление курьерами и работой склада. Все эти направления требуют сложных и технологических решений, которые мы сейчас разрабатываем.</p> <p><strong>Задачи</strong></p> <p>Вашей основной задачей в этой роли будет разработка backend на языке Kotlin в одном из продуктов компании.</p> <p><strong>Что у нас есть</strong></p> <ul> <li>Продуктовые кроссфункциональные команды, включающие руководителя продукта, дизайнеров, разработчиков и тестировщиков.</li> <li>Сложная многокомпонентная система на основе микросервисной архитектуры. Мы используем Kotlin в продакшене.</li> <li>Сервисы на Kotlin с использованием Spring framework.</li> <li>Хранение данных в PostgreSQL/Redis.</li> <li>Kafka для обмена сообщениями.</li> <li>Kubernetes и GitLab для CI/CD.</li> <li>Grafana и Prometheus, EFK для организации мониторинга.</li> </ul> <p><strong>Наши ожидания</strong></p> <ul> <li>Вам нравится работать на стыке офлайна и онлайна, видеть, как написанный вами код приводит к реальным изменениям в физическом мире.</li> <li>Вы любите раскладывать сложные процессы на простые компоненты и взаимодействия между ними.</li> <li>Вы привыкли, что зона ответственности не заканчивается на этапе работающего кода.</li> <li>У вас есть опыт коммерческой разработки от 3-х лет Java или Kotlin (готовы рассматривать кандидатов с разным опытом).</li> <li>Вам приходилось организовывать оптимальное хранение данных, понимаете разницу между реляционными и нереляционными БД.</li> <li>У вас есть опыт построения высоконагруженных, отказоустойчивых сервисов с использованием микросервисной архитектуры.</li> </ul> <p><strong>Условия работы</strong></p> <ul> <li>Зарплата, которой вы достойны =). Мы не измеряем людей бюджетами и, если мы решим, что нам будет интересно работать вместе, то мы 100% договоримся о деньгах.</li> <li>Соблюдение ТК РФ и, конечно же, белая заработная плата.</li> <li>Удаленная работа на время карантина, а в будущем возможность работать с частичным посещением офиса в Питере или в Москве (Ясная поляна или Трехгорная мануфактура).</li> <li>ДМС после прохождения испытательного срока.</li> </ul>","branded_description":"\n<style>\n.tmpl_hh_wrapper p,\n.tmpl_hh_wrapper a,\n.tmpl_hh_wrapper img,\n.tmpl_hh_wrapper ol,\n.tmpl_hh_wrapper ul,\n.tmpl_hh_wrapper li {\n    margin: 0;\n    padding: 0;\n    border: 0;\n    font-size: 100%;\n    font: inherit;\n    vertical-align: baseline;\n}\n\n.hht-vacancydescription {\n    padding: 0px;\n}\n\n.tmpl_hh_wrapper .l-cell,\n.tmpl_hh_wrapper .l-paddings {\n    padding: 0px !important;\n}\n\n.tmpl_hh_wrapper .b-vacancy-desc-wrapper {\n    margin-top: 0px !important;    \n}\n\n.tmpl_hh_wrapper .b-vacancy-desc {\n    overflow: visible !important;\n    line-height: inherit;\n}\n\n.tmpl_hh_content ol li b,\n.tmpl_hh_content ol li strong,\n.tmpl_hh_content ol li p b,\n.tmpl_hh_content ol li p strong,\n.tmpl_hh_content ul li b,\n.tmpl_hh_content ul li strong,\n.tmpl_hh_content ul li p b,\n.tmpl_hh_content ul li p strong {\n    font-weight: normal;\n    font-size: inherit !important;\n    color: inherit !important;\n    margin: 0 !important;\n    text-transform: none;\n    line-height: inherit;\n}\n\n.tmpl_hh_content ol li p,\n.tmpl_hh_content ul li p {\n    font-weight: normal;\n    margin: 0;\n}\n\n.tmpl_hh_content p b,\n.tmpl_hh_content p strong {\n    display: inline;\n    margin: 0 0 0;\n}\n\n.tmpl_hh_wrapper {\n    width: 100%;\n    margin: 0 auto;\n    max-width: 690px;\n    position: relative;\n    word-break: normal;\n    color: #000000;\n    overflow: hidden;\n    font-family: 'Arial';\n    font-size: 16px;\n    line-height: 26px;\n}\n\n.tmpl_hh_wrapper img {\n    width: 100%;\n    display: block;\n}\n\n.tmpl_hh_content {\n    padding: 51px 40px 44px;\n    position: relative;\n    z-index: 1;\n}\n\n.tmpl_hh_content p:first-child,\n.tmpl_hh_content>strong:first-child,\n.tmpl_hh_content div>strong:first-child {\n    margin-top: 0 !important;\n}\n\n.tmpl_hh_content p,\n.tmpl_hh_content b,\n.tmpl_hh_content strong {\n   margin: 27px 0 9px;\n}\n\n.tmpl_hh_content b, \n.tmpl_hh_content strong {\n    display: inline-block;\n    font-weight: bold;\n}\n\n.tmpl_hh_content ol, \n.tmpl_hh_content ul {\n    margin-left: 29px;\n    list-style: none !important;\n}\n\n.tmpl_hh_content ol {\n    counter-reset: list_counter;\n}\n\n.tmpl_hh_content li {\n    position: relative;\n    margin-bottom: 8px;\n}\n\n.tmpl_hh_content ul ul,\n.tmpl_hh_content ul ol,\n.tmpl_hh_content ol ol,\n.tmpl_hh_content ol ul {\n    margin-top: 8px;\n}\n\n.tmpl_hh_content ol>li {\n    counter-increment: list_counter;    \n}\n\n.tmpl_hh_content li:before {\n    position: absolute;\n    left: -29px;\n    top: 0;\n    color: #ff335f;\n}\n\n.tmpl_hh_content ul>li:before {\n    content: \"—\";\n}\n\n.tmpl_hh_content ol>li:before {\n    content: counter(list_counter)'.';\n    left: auto;\n    right: 100%;\n    margin-right: 2px;\n}\n\n.tmpl_hh_flex {\n    display: -webkit-box;\n    display: -ms-flexbox;\n    display: flex;\n    -webkit-box-pack: justify;\n    -ms-flex-pack: justify;\n    justify-content: space-between;\n    -ms-flex-wrap: wrap;\n    flex-wrap: wrap;\n}\n\n.tmpl_hh_header {\n    position: relative;\n}\n\nimg.tmpl_hh_header__logo {\n    position: absolute;\n    left: 40px;\n    width: 43.5%;\n    top: 40px;\n}\n\np.tmpl_hh_header__text {\n    position: absolute;\n    color: #fff;\n    left: 40px;\n    bottom: 40px;\n    font-size: 18px;\n}\n\n.tmpl_hh_footer {\n    position: relative;\n    background: #ff335f;\n    color: #fff;\n    padding: 41px 106px 0 40px;\n}\n\np.tmpl_hh_footer__title {\n    font-size: 24px;\n    line-height: 30px;\n    margin-bottom: 24px;\n}\n\n.tmpl_hh_footer__item {\n    width: 33.33%;\n    font-size: 12px;\n    line-height: 16px;\n    margin-bottom: 18px;\n}\n\n.tmpl_hh_footer__icon {\n    height: 37px;\n    margin-bottom: 6px;\n    box-sizing: border-box;\n}\n\n.tmpl_hh_footer__item2 .tmpl_hh_footer__icon,\n.tmpl_hh_footer__item3 .tmpl_hh_footer__icon {\n    padding: 1px 0 0;\n}\n\n.tmpl_hh_footer__item4 .tmpl_hh_footer__icon,\n.tmpl_hh_footer__item5 .tmpl_hh_footer__icon,\n.tmpl_hh_footer__item6 .tmpl_hh_footer__icon {\n    padding: 3px 0 0;\n}\n\n.tmpl_hh_footer__icon img {\n    width: auto;\n    height: 100%;\n}\n\np.tmpl_hh_footer__slogan {\n    font-size: 24px;\n    line-height: 30px;\n    padding: 25px 0 33px;\n}\n\n@media screen and (max-width: 699px) {\n    img.tmpl_hh_header__logo {\n        left: 17px;\n        top: 17px;\n    }\n\n    p.tmpl_hh_header__text {\n        left: 17px;\n        bottom: 17px;\n        font-size: 2vw;\n        line-height: 12px;\n    }\n\n    .tmpl_hh_content {\n        padding: 31px 0px 44px;\n    }\n\n    .tmpl_hh_footer {\n        padding: 30px 24px 0 16px;\n    }\n\n    .tmpl_hh_footer__items {\n        margin: 0 -40px 0 0;\n    }\n\n    .tmpl_hh_footer__item {\n        width: 50%;\n    }\n\n    p.tmpl_hh_footer__title {\n        text-align: center;\n    }\n} \n\n</style>\n\n\n<div class=\"tmpl_hh_wrapper\">\n    <div class=\"tmpl_hh_header\">\n        <img class=\"tmpl_hh_header__logo\" src=\"https://hhcdn.ru/ichameleon/165580.png\" alt=\"\">\n        <p class=\"tmpl_hh_header__text\">IT</p>\n        <img class=\"tmpl_hh_header__photo\" src=\"https://hhcdn.ru/ichameleon/165579.jpg\" alt=\"\">\n    </div>\n    <div class=\"tmpl_hh_content\">\n       <p><strong>Что мы делаем</strong></p> <p>Команда разработки Самокат обеспечивает наши операции эффективными инструментами (сервисами), которые делают наш процесс работы удобным, быстрым и эффективным. Мы говорим о таких направлениях как логистика, управление ассортиментом, предоставление каталога товаров, прием и оплата заказа, управление курьерами и работой склада. Все эти направления требуют сложных и технологических решений, которые мы сейчас разрабатываем.</p> <p><strong>Задачи</strong></p> <p>Вашей основной задачей в этой роли будет разработка backend на языке Kotlin в одном из продуктов компании.</p> <p><strong>Что у нас есть</strong></p> <ul> <li>Продуктовые кроссфункциональные команды, включающие руководителя продукта, дизайнеров, разработчиков и тестировщиков.</li> <li>Сложная многокомпонентная система на основе микросервисной архитектуры. Мы используем Kotlin в продакшене.</li> <li>Сервисы на Kotlin с использованием Spring framework.</li> <li>Хранение данных в PostgreSQL/Redis.</li> <li>Kafka для обмена сообщениями.</li> <li>Kubernetes и GitLab для CI/CD.</li> <li>Grafana и Prometheus, EFK для организации мониторинга.</li> </ul> <p><strong>Наши ожидания</strong></p> <ul> <li>Вам нравится работать на стыке офлайна и онлайна, видеть, как написанный вами код приводит к реальным изменениям в физическом мире.</li> <li>Вы любите раскладывать сложные процессы на простые компоненты и взаимодействия между ними.</li> <li>Вы привыкли, что зона ответственности не заканчивается на этапе работающего кода.</li> <li>У вас есть опыт коммерческой разработки от 3-х лет Java или Kotlin (готовы рассматривать кандидатов с разным опытом).</li> <li>Вам приходилось организовывать оптимальное хранение данных, понимаете разницу между реляционными и нереляционными БД.</li> <li>У вас есть опыт построения высоконагруженных, отказоустойчивых сервисов с использованием микросервисной архитектуры.</li> </ul> <p><strong>Условия работы</strong></p> <ul> <li>Зарплата, которой вы достойны =). Мы не измеряем людей бюджетами и, если мы решим, что нам будет интересно работать вместе, то мы 100% договоримся о деньгах.</li> <li>Соблюдение ТК РФ и, конечно же, белая заработная плата.</li> <li>Удаленная работа на время карантина, а в будущем возможность работать с частичным посещением офиса в Питере или в Москве (Ясная поляна или Трехгорная мануфактура).</li> <li>ДМС после прохождения испытательного срока.</li> </ul></div>\n    <div class=\"tmpl_hh_footer\">\n        <p class=\"tmpl_hh_footer__title\">У нас ты сможешь:</p>\n        <div class=\"tmpl_hh_footer__items tmpl_hh_flex\">\n            <div class=\"tmpl_hh_footer__item tmpl_hh_footer__item1\">\n                <div class=\"tmpl_hh_footer__icon\"><img src=\"https://hhcdn.ru/ichameleon/165581.svg\" alt=\"\"></div>\n                <p class=\"tmpl_hh_footer__text\">быстро расти</p>\n            </div>\n            <div class=\"tmpl_hh_footer__item tmpl_hh_footer__item2\">\n                <div class=\"tmpl_hh_footer__icon\"><img src=\"https://hhcdn.ru/ichameleon/165583.svg\" alt=\"\"></div>\n                <p class=\"tmpl_hh_footer__text\">делать жизнь<br> людей лучше</p>\n            </div>\n            <div class=\"tmpl_hh_footer__item tmpl_hh_footer__item3\">\n                <div class=\"tmpl_hh_footer__icon\"><img src=\"https://hhcdn.ru/ichameleon/165582.svg\" alt=\"\"></div>\n                <p class=\"tmpl_hh_footer__text\">работать без лишней<br> бюрократии</p>\n            </div>\n            <div class=\"tmpl_hh_footer__item tmpl_hh_footer__item4\">\n                <div class=\"tmpl_hh_footer__icon\"><img src=\"https://hhcdn.ru/ichameleon/165584.svg\" alt=\"\"></div>\n                <p class=\"tmpl_hh_footer__text\">работать<br> с современным<br> стеком</p>\n            </div>\n            <div class=\"tmpl_hh_footer__item tmpl_hh_footer__item5\">\n                <div class=\"tmpl_hh_footer__icon\"><img src=\"https://hhcdn.ru/ichameleon/165585.svg\" alt=\"\"></div>\n                <p class=\"tmpl_hh_footer__text\">видеть результаты<br> своей работы<br> и гордиться ими</p>\n            </div>\n            <div class=\"tmpl_hh_footer__item tmpl_hh_footer__item6\">\n                <div class=\"tmpl_hh_footer__icon\"><img src=\"https://hhcdn.ru/ichameleon/165586.svg\" alt=\"\"></div>\n                <p class=\"tmpl_hh_footer__text\">создавать наши <br>технологии<br> и инструменты</p>\n            </div>\n        </div>\n        <p class=\"tmpl_hh_footer__slogan\">Приходи к нам строить ритейл будущего.<br> Будем менять мир вместе.</p>\n    </div>\n</div>\n\n","vacancy_constructor_template":null,"key_skills":[{"name":"Java"},{"name":"Kotlin"},{"name":"Microservices"}],"accept_handicapped":false,"accept_kids":false,"archived":false,"response_url":null,"specializations":[{"id":"1.221","name":"Программирование, Разработка","profarea_id":"1","profarea_name":"Информационные технологии, интернет, телеком"}],"code":null,"hidden":false,"quick_responses_allowed":false,"driver_license_types":[],"accept_incomplete_resumes":false,"employer":{"id":"2460946","name":"Самокат (ООО Умный ритейл)","url":"https://api.hh.ru/employers/2460946?host=hh.ru","alternate_url":"https://hh.ru/employer/2460946","logo_urls":null,"vacancies_url":"https://api.hh.ru/vacancies?employer_id=2460946&host=hh.ru","trusted":true},"published_at":"2021-06-09T10:29:26+0300","created_at":"2021-06-09T10:29:26+0300","negotiations_url":null,"suitable_resumes_url":null,"apply_alternate_url":"https://hh.ru/applicant/vacancy_response?vacancyId=40421508","has_test":false,"test":null,"alternate_url":"https://hh.ru/vacancy/40421508","working_days":[],"working_time_intervals":[],"working_time_modes":[],"accept_temporary":false}