{"id":"40918585","premium":false,"billing_type":{"id":"standard_plus","name":"Стандарт плюс"},"relations":[],"name":"Middle/Senior Backend Developer (PHP)","insider_interview":null,"response_letter_required":false,"area":{"id":"1","name":"Москва","url":"https://api.hh.ru/areas/1?host=hh.ru"},"salary":{"from":250000,"to":null,"currency":"RUR","gross":false},"type":{"id":"open","name":"Открытая"},"address":{"city":"Москва","street":"Мельницкий переулок","building":"1","description":null,"lat":55.753909,"lng":37.658383,"raw":"Москва, Мельницкий переулок, 1","metro":null,"metro_stations":[]},"allow_messages":true,"site":{"id":"hh","name":"hh.ru"},"experience":{"id":"between3And6","name":"От 3 до 6 лет"},"schedule":{"id":"flexible","name":"Гибкий график"},"employment":{"id":"full","name":"Полная занятость"},"department":null,"contacts":null,"description":"<p><strong>Обязанности:</strong></p> <ul> <li>Участие в создании и развитии серверной части наших приложений;</li> <li>Работа с высоконагруженными сервисами;</li> <li>Поддержка и развитие существующих решений - бэкенд, базы данных, очереди задач;</li> <li>Оптимизация приложений и внедрение лучших практик в кодовую базу.</li> </ul> <p><strong>Требования:</strong></p> <ul> <li>Опыт разработки на PHP + Symfony;</li> <li>Уверенное знание принципов ООП и основных шаблонов проектирования;</li> <li>Знание SQL и опыт работы с базами данных;</li> <li>Опыт разработки многопоточных приложений;</li> <li>Работа с ОС Linux на уровне продвинутого пользователя, опыт работы с Git.</li> </ul> <p><strong>Условия:</strong></p> <ul> <li>Гибкий график;</li> <li>Apple техника (macbook pro + 4K монитор);</li> <li> <p>Горячие обеды, фрукты,<br />кофе, чай, шоколадки, печенье;</p> </li> <li> <p>Комфортный офис в 3 минутах от м. Курская (БЦ «Мельницкий»);</p> </li> <li>Компенсируем оплату за переезд (первый месяц проживания в Москве за наш счет);</li> <li>Своевременная выплата зарплат, оформление по ТК.</li> </ul>","branded_description":null,"vacancy_constructor_template":null,"key_skills":[{"name":"PHP"},{"name":"MySQL"},{"name":"PostgreSQL"},{"name":"Linux"},{"name":"Настройка серверов Apache"},{"name":"Git"},{"name":"Ubuntu Server"},{"name":"HTTP"},{"name":"Nginx"},{"name":"Symfony"},{"name":"ООП"}],"accept_handicapped":false,"accept_kids":false,"archived":false,"response_url":null,"specializations":[{"id":"1.203","name":"Передача данных и доступ в интернет","profarea_id":"1","profarea_name":"Информационные технологии, интернет, телеком"},{"id":"1.221","name":"Программирование, Разработка","profarea_id":"1","profarea_name":"Информационные технологии, интернет, телеком"},{"id":"1.420","name":"Администратор баз данных","profarea_id":"1","profarea_name":"Информационные технологии, интернет, телеком"},{"id":"1.9","name":"Web инженер","profarea_id":"1","profarea_name":"Информационные технологии, интернет, телеком"},{"id":"1.10","name":"Web мастер","profarea_id":"1","profarea_name":"Информационные технологии, интернет, телеком"}],"code":null,"hidden":false,"quick_responses_allowed":false,"driver_license_types":[],"accept_incomplete_resumes":false,"employer":{"id":"3013521","name":"Postuf","url":"https://api.hh.ru/employers/3013521?host=hh.ru","alternate_url":"https://hh.ru/employer/3013521","logo_urls":{"240":"https://hhcdn.ru/employer-logo/3591036.png","90":"https://hhcdn.ru/employer-logo/3591035.png","original":"https://hhcdn.ru/employer-logo-original/787536.png"},"vacancies_url":"https://api.hh.ru/vacancies?employer_id=3013521&host=hh.ru","trusted":true},"published_at":"2021-06-11T12:59:28+0300","created_at":"2021-06-11T12:59:28+0300","negotiations_url":null,"suitable_resumes_url":null,"apply_alternate_url":"https://hh.ru/applicant/vacancy_response?vacancyId=40918585","has_test":false,"test":null,"alternate_url":"https://hh.ru/vacancy/40918585","working_days":[],"working_time_intervals":[],"working_time_modes":[],"accept_temporary":false}