{"id":"40974730","premium":false,"billing_type":{"id":"standard","name":"Стандарт"},"relations":[],"name":"Ведущий PHP-разработчик / frontend, backend/","insider_interview":null,"response_letter_required":false,"area":{"id":"1","name":"Москва","url":"https://api.hh.ru/areas/1?host=hh.ru"},"salary":null,"type":{"id":"open","name":"Открытая"},"address":null,"allow_messages":true,"site":{"id":"hh","name":"hh.ru"},"experience":{"id":"moreThan6","name":"Более 6 лет"},"schedule":{"id":"remote","name":"Удаленная работа"},"employment":{"id":"full","name":"Полная занятость"},"department":null,"contacts":null,"description":"<p>Мы ищем в команду <strong><em>frontend, backend разработчиков</em></strong> на задачи развития и поддержки web - приложений в сфере Fintech, InsureTech. Пример одного из наших продуктов можно посмотреть по ссылке: fast-easy.net</p> <p><strong>Обязанности:</strong></p> <ul> <li>Развитие существующих и создание новых модулей системы.</li> <li>Участие в проектировании и обсуждение архитектурных решений.</li> <li>Разработка документации по системам.</li> </ul> <p><strong>Требования:</strong></p> <ul> <li>Опыт работы в роли frontend или backend разработчика.</li> <li>Экспертное знание: PHP7, MySQL 5.7, Yii2 (для backend).</li> <li>Экспертное знание: JS-фреймворков (vue, react, angular)(для frontend).</li> <li>Опыт работы с API (SOAP, REST, JSON).</li> <li>Опыт работы с системами контроля версий Git.</li> <li>Знание linux-систем.</li> </ul> <p><strong>Условия:</strong></p> <ul> <li>Офис или удаленная работа на постоянной основе с гибким графиком (обсуждается индивидуально).</li> <li>Возможность карьерного роста.</li> <li>Дружный коллектив профессионалов, корпоративные мероприятия.</li> <li>Оформление по ТК РФ (либо договор с ИП, ГПХ, юридическим лицом - на выбор).</li> <li>Испытательный срок до 3 месяцев.</li> <li>ДМС после прохождения испытательного срока.</li> </ul>","branded_description":null,"vacancy_constructor_template":null,"key_skills":[{"name":"PHP"},{"name":"Yii"},{"name":"HTML"},{"name":"MySQL"},{"name":"JavaScript"},{"name":"CSS"},{"name":"jQuery"},{"name":"Git"},{"name":"Bootstrap"},{"name":"ООП"},{"name":"Agile Project Management"},{"name":"Управление разработкой"},{"name":"Teamleading"},{"name":"Atlassian Jira"},{"name":"Web Application Development"},{"name":"MVC"},{"name":"TDD"}],"accept_handicapped":false,"accept_kids":false,"archived":false,"response_url":null,"specializations":[{"id":"1.221","name":"Программирование, Разработка","profarea_id":"1","profarea_name":"Информационные технологии, интернет, телеком"},{"id":"1.272","name":"Системная интеграция","profarea_id":"1","profarea_name":"Информационные технологии, интернет, телеком"},{"id":"1.246","name":"Развитие бизнеса","profarea_id":"1","profarea_name":"Информационные технологии, интернет, телеком"},{"id":"1.327","name":"Управление проектами","profarea_id":"1","profarea_name":"Информационные технологии, интернет, телеком"},{"id":"1.359","name":"Электронная коммерция","profarea_id":"1","profarea_name":"Информационные технологии, интернет, телеком"},{"id":"1.474","name":"Стартапы","profarea_id":"1","profarea_name":"Информационные технологии, интернет, телеком"}],"code":null,"hidden":false,"quick_responses_allowed":false,"driver_license_types":[],"accept_incomplete_resumes":false,"employer":{"id":"161545","name":"Агентство страховых технологий","url":"https://api.hh.ru/employers/161545?host=hh.ru","alternate_url":"https://hh.ru/employer/161545","logo_urls":{"original":"https://hhcdn.ru/employer-logo-original/198618.jpg","90":"https://hhcdn.ru/employer-logo/900113.jpeg","240":"https://hhcdn.ru/employer-logo/900114.jpeg"},"vacancies_url":"https://api.hh.ru/vacancies?employer_id=161545&host=hh.ru","trusted":true},"published_at":"2021-06-04T11:37:06+0300","created_at":"2021-06-04T11:37:06+0300","negotiations_url":null,"suitable_resumes_url":null,"apply_alternate_url":"https://hh.ru/applicant/vacancy_response?vacancyId=40974730","has_test":false,"test":null,"alternate_url":"https://hh.ru/vacancy/40974730","working_days":[],"working_time_intervals":[],"working_time_modes":[],"accept_temporary":false}