{"id":"41058221","premium":false,"billing_type":{"id":"standard","name":"Стандарт"},"relations":[],"name":"Middle/Senior Java Backend разработчик","insider_interview":null,"response_letter_required":false,"area":{"id":"1","name":"Москва","url":"https://api.hh.ru/areas/1?host=hh.ru"},"salary":null,"type":{"id":"open","name":"Открытая"},"address":null,"allow_messages":true,"site":{"id":"hh","name":"hh.ru"},"experience":{"id":"between3And6","name":"От 3 до 6 лет"},"schedule":{"id":"remote","name":"Удаленная работа"},"employment":{"id":"full","name":"Полная занятость"},"department":null,"contacts":null,"description":"<p>Мы ищем в команду Java-разработчиков уровня middle/senior в связи с большим количеством интересных проектов и расширения команды.</p> <p>Наши офисы находятся в г. Москва, г. Калининград, рассматриваем как вариант работы в офисе, так и удаленного сотрудничества.</p> <p> </p> <p><strong>Что предстоит делать:</strong></p> <ul> <li>Разработка новых функциональных возможностей систем и новых систем &quot;from scratch&quot;;</li> <li>Рефакторинг кода;</li> <li>Разработка интеграций со смежными ИС;</li> <li>Участие в проектировании архитектуры приложений и баз данных;</li> <li>Написание unit-тестов;</li> </ul> <p> </p> <p><strong>Требования:</strong></p> <ul> <li>Опыт от 2 лет коммерческой разработки</li> <li>Принципы ООП</li> <li>Java SE 8 и выше (Collections, Exception handling)</li> <li>Spring / Spring Boot (Data, MVC, Security, Cloud)</li> <li>Hibernate или MyBatis</li> <li>SQL (PostgreSQL), Kafka, Redis;</li> <li>Apache Tomcat или Eclipse Jetty или другой app server</li> </ul> <p><strong>Будет плюсом:</strong></p> <ul> <li>Опыт работы с одним из актуальных frontend фреймворков - React, Angular, Vue</li> <li>Работа с очередями (ActiveMQ, RabbitMQ)</li> <li>Опыт работы с Docker/Kubernetes(или OpenShift).</li> </ul> <p> </p> <p><strong>Наши условия:</strong></p> <ul> <li>З/п по итогам технического собеседования и оформление в штат;</li> <li>Интересные проекты и адекватное руководство;</li> <li>Возможность профессионального и карьерного роста;</li> <li>Топовое железо</li> <li>У нас прозрачность и плоская структура, минимум бюрократии и гибкие внутренние процессы.</li> </ul>","branded_description":null,"vacancy_constructor_template":null,"key_skills":[{"name":"Spring Framework"},{"name":"Hibernate ORM"},{"name":"Java"},{"name":"PostgreSQL"}],"accept_handicapped":false,"accept_kids":false,"archived":false,"response_url":null,"specializations":[{"id":"1.221","name":"Программирование, Разработка","profarea_id":"1","profarea_name":"Информационные технологии, интернет, телеком"},{"id":"1.272","name":"Системная интеграция","profarea_id":"1","profarea_name":"Информационные технологии, интернет, телеком"},{"id":"1.82","name":"Инженер","profarea_id":"1","profarea_name":"Информационные технологии, интернет, телеком"}],"code":null,"hidden":false,"quick_responses_allowed":false,"driver_license_types":[],"accept_incomplete_resumes":false,"employer":{"id":"4766988","name":"Деко Системс","url":"https://api.hh.ru/employers/4766988?host=hh.ru","alternate_url":"https://hh.ru/employer/4766988","logo_urls":{"240":"https://hhcdn.ru/employer-logo/3463274.png","90":"https://hhcdn.ru/employer-logo/3463273.png","original":"https://hhcdn.ru/employer-logo-original/755579.png"},"vacancies_url":"https://api.hh.ru/vacancies?employer_id=4766988&host=hh.ru","trusted":true},"published_at":"2021-05-17T13:56:14+0300","created_at":"2021-05-17T13:56:14+0300","negotiations_url":null,"suitable_resumes_url":null,"apply_alternate_url":"https://hh.ru/applicant/vacancy_response?vacancyId=41058221","has_test":false,"test":null,"alternate_url":"https://hh.ru/vacancy/41058221","working_days":[],"working_time_intervals":[],"working_time_modes":[],"accept_temporary":false}