{"id":"41407110","premium":false,"billing_type":{"id":"standard","name":"Стандарт"},"relations":[],"name":"Senior Backend Python/Django разработчик (удалённо)","insider_interview":null,"response_letter_required":false,"area":{"id":"1","name":"Москва","url":"https://api.hh.ru/areas/1?host=hh.ru"},"salary":{"from":220000,"to":260000,"currency":"RUR","gross":false},"type":{"id":"open","name":"Открытая"},"address":null,"allow_messages":true,"site":{"id":"hh","name":"hh.ru"},"experience":{"id":"between3And6","name":"От 3 до 6 лет"},"schedule":{"id":"remote","name":"Удаленная работа"},"employment":{"id":"full","name":"Полная занятость"},"department":null,"contacts":null,"description":"<p><strong>Kodland —</strong> онлайн школа программирования для детей и подростков, которая трансформирует IT-образование. У нас учатся больше 3 тысяч учеников и мы вырастем больше чем в три раза в ближайший год. Наши продукты: <strong>IT-платформа для учеников, внутренние системы для сотрудников и социальная сеть для детских цифровых проектов.</strong></p> <p>У нас распределенная команда разработки с сильным бэкграундом и отлаженными процессами. Мы используем элементы scrum и kanban, работаем на результат с минимумом бюрократии, делаем регулярные релизы в продакшн и не боимся ошибок.</p> <p><strong>Что ты будешь делать?</strong></p> <ul> <li>Разрабатывать новые фичи и видеть от них результат</li> <li>Участвовать в развитии проекта, планировать и предлагать свои идеи</li> <li>Работать с основателями проекта, опытным продактом и тимлидом</li> <li>Расти вместе с командой и компанией</li> </ul> <p><strong>Ты подойдешь, если:</strong></p> <ul> <li>имеешь опыт работы в индустрии от трёх лет</li> <li>хорошо знаешь Python, работал с Django и готов рассказать о предыдущем опыте (в частности, дать ссылки на Github или показать примеры кода другим способом)</li> <li>умеешь писать автотесты</li> <li>не боишься иногда залезать в HTML, CSS, JavaScript</li> <li>знаком с PostgreSQL</li> <li>уверенно работаешь с git</li> <li>Ориентирован на результат, внимателен и проактивен</li> <li>Умеешь оценивать сроки, декомпозировать задачи и сигнализировать о рисках/проблемах</li> <li>Привык доводить задачи до результата</li> </ul> <p><strong>Плюсом будет:</strong></p> <ul> <li>опыт асинхронного программирования</li> <li>опыт работы с Nginx, Gunicorn, Daphne, умение анализировать и интерпретировать логи</li> <li>понимание того, как правильно строить RESTful API</li> </ul> <p><strong>Почему у нас классно:</strong></p> <ul> <li>Мы быстро растем и постоянно меняется масштаб и направление задач и это уникальный опыт</li> <li>Меняем образование - это важная цель в глобальном масштабе и стать частью этого очень круто!</li> <li>Каждый член команды - влияет на продукт и результат</li> <li>Стабильная оплата 2 раза в месяц</li> <li>Удаленная работа из любой точки мира или работа в офисе в центре Москвы</li> <li>Удобный график: фуллтайм, 40 часов в неделю, но эти часы не обязательно должны укладываться в общепринятое рабочее время)</li> <li>Профессиональное развитие. Ты узнаешь больше про работу современного рынка образования, про последние тренды в технологиях и получишь опыт работы с крутыми разработчиками</li> <li>То самое чувство команды, которая летит впереди рынка и не перестаёт приятно удивлять своих клиентов.</li> </ul> <p>Уже чувствуешь, что команда мечты рядом? Ты знаешь, что делать</p>","branded_description":null,"vacancy_constructor_template":{"id":20793,"name":"Брендированный шаблон 1","top_picture":{"height":510,"width":1400,"path":"https://hhcdn.ru/branding-pictures/268275.png","blurred_path":"https://hhcdn.ru/branding-pictures-blurred/268277.png"},"bottom_picture":{"height":320,"width":700,"path":"https://hhcdn.ru/branding-pictures/254984.png","blurred_path":"https://hhcdn.ru/branding-pictures-blurred/254986.png"}},"key_skills":[{"name":"Python"},{"name":"Git"},{"name":"Django Framework"},{"name":"PostgreSQL"}],"accept_handicapped":false,"accept_kids":false,"archived":false,"response_url":null,"specializations":[{"id":"14.91","name":"Информатика, Информационные системы","profarea_id":"14","profarea_name":"Наука, образование"},{"id":"1.221","name":"Программирование, Разработка","profarea_id":"1","profarea_name":"Информационные технологии, интернет, телеком"}],"code":null,"hidden":false,"quick_responses_allowed":false,"driver_license_types":[],"accept_incomplete_resumes":false,"employer":{"id":"3845543","name":"Школа программирования Kodland","url":"https://api.hh.ru/employers/3845543?host=hh.ru","alternate_url":"https://hh.ru/employer/3845543","logo_urls":{"90":"https://hhcdn.ru/employer-logo/3646075.png","240":"https://hhcdn.ru/employer-logo/3646076.png","original":"https://hhcdn.ru/employer-logo-original/801297.png"},"vacancies_url":"https://api.hh.ru/vacancies?employer_id=3845543&host=hh.ru","trusted":true},"published_at":"2021-05-19T14:00:26+0300","created_at":"2021-05-19T14:00:26+0300","negotiations_url":null,"suitable_resumes_url":null,"apply_alternate_url":"https://hh.ru/applicant/vacancy_response?vacancyId=41407110","has_test":false,"test":null,"alternate_url":"https://hh.ru/vacancy/41407110","working_days":[],"working_time_intervals":[],"working_time_modes":[],"accept_temporary":false}