{"id":"41690777","premium":false,"billing_type":{"id":"standard_plus","name":"Стандарт плюс"},"relations":[],"name":"Senior BackEnd Developer","insider_interview":null,"response_letter_required":false,"area":{"id":"1","name":"Москва","url":"https://api.hh.ru/areas/1?host=hh.ru"},"salary":{"from":2000,"to":4000,"currency":"USD","gross":true},"type":{"id":"open","name":"Открытая"},"address":null,"allow_messages":true,"site":{"id":"hh","name":"hh.ru"},"experience":{"id":"between3And6","name":"От 3 до 6 лет"},"schedule":{"id":"remote","name":"Удаленная работа"},"employment":{"id":"full","name":"Полная занятость"},"department":null,"contacts":null,"description":"<p>Если вы любите компьютерные технологии и решаете задачи возникающие при написании софта, используя только передовые подходы и технологий - мы будем рады видеть вас в нашей интернациональной команде инженеров компании <strong>Route4Me</strong>.<br /><strong>Route4Me </strong>- наиболее используемая платформа оптимизации маршрутов для наземного транспорта в мире.<br />Каждый день мы помогаем бизнесу, от крупных автопарков до курьеров, планировать доставки товаров по маршрутам включающим большое количество физических адресов, используя при этом сложные алгоритмы оптимизации маршрута, отображения его на карте, дальнейшей навигации по адресам и не только.<br />Наша система базируется на алгоритмах собственной разработки, использует облачную, масштабируемую, высокопроизводительную вычислительную инфраструктуру для обеспечения non stop работы 24/7/365 самых требовательных бизнесов.<br />Да, это работа только для опытных разработчиков.<br />Мы лучшие в своей области и поэтому ищем лучших специалистов.<br />Мы ожидаем от вас не только высокой скорости решения задач и написания кода, но и сам код должен соответствовать высоким стандартам надежности, читаемости и широкого тестового покрытия, чтобы добиться 5-10 кратного прироста к общеотраслевым стандартам в скорости разработки и CI/CD продукта.<br />Со своей стороны для обеспечения этой цели мы уже инвестировали и продолжаем инвестировать в создание мощной собственной инфраструктуры для развертывания приложения.<br />Для <strong>Route4Me </strong>удобство использования платформы и качество предоставляемых сервисов является приоритетом №1, поэтому каждый день для нас – это вызов, ведь чтобы быть лучшими, мы должны быть быстрее, понятнее, инновационнее не только конкурентов, но и собственных ожиданий.<br />В зависимости от вашей конечной роли, вы будете ежедневно сталкиваться в работе с огромными мульти-террабайтным хранилищами данных, базами данных, которые обрабатывают сотни миллионов запросов в день с десятками миллиардов объектов. Вы будете участвовать в создании и запуске сотен микросервисов, которые будут использоваться миллиарды раз в месяц.<br />Если вы хотите развиваться как профессионал и ежедневно повышать свои технические навыки, хотите работать в команде высококлассных специалистов и использовать передовые подходы и технологии – присоединяйтесь к <strong>Route4Me</strong>!</p> <p><strong>Необходимые навыки:</strong><br />• 3+ года опыта в коммерческой разработке программного обеспечения в качестве BackEnd разработчика<br />• Опыт работы с Laravel, Symfony, Flask или другими фреймфорками<br />• Знания и понимание работы основных алгоритмов и структур данных<br />• Владение Unix и Docker, желательно Docker Orchestration Tools такими как Kubernetes<br />• Отличное владение одним из современных языков таких как <strong>PHP</strong>, <strong>Python</strong>, <strong>Go</strong>, <strong>JS </strong>и др.<br />• Опыт работы с SQL, NoSQL базами данных, понимание принципов работы и построения современного масштабируемуего приложения<br />• Развитые софт скилы и умение работать в команде.</p> <p><strong>Желательно:</strong><br />• Понимание Kubernetes, контейнеризации, Devops, Secops, CI/CD<br />• Опыт работы с High Load / Big Data<br />• Опыт работы с Amazon Web Services (AWS)<br />• Хорошие знания в области архитектуры микросервисов</p> <p><strong>Преимущества:</strong><br />- 2 недели оплачиваемого отпуска<br />- 2 недели оплачиваемого больничного</p> <p><strong>Условия работы:</strong><br />- 100% удаленная работа, вы можете работать из любого уголка мира<br />- 0% командировок<br />- В зависимости от позиции, ваша работа может быть удаленно проверена на соответствие требований политики безопасности компании</p> <p> </p>","branded_description":null,"vacancy_constructor_template":null,"key_skills":[{"name":"MySQL"},{"name":"PHP"},{"name":"Laravel"},{"name":"Docker"},{"name":"Kubernetes"}],"accept_handicapped":false,"accept_kids":false,"archived":false,"response_url":null,"specializations":[{"id":"1.221","name":"Программирование, Разработка","profarea_id":"1","profarea_name":"Информационные технологии, интернет, телеком"}],"code":null,"hidden":false,"quick_responses_allowed":false,"driver_license_types":[],"accept_incomplete_resumes":false,"employer":{"id":"4020601","name":"Route4Me","url":"https://api.hh.ru/employers/4020601?host=hh.ru","alternate_url":"https://hh.ru/employer/4020601","logo_urls":{"original":"https://hhcdn.ru/employer-logo-original/641630.png","90":"https://hhcdn.ru/employer-logo/3007672.png","240":"https://hhcdn.ru/employer-logo/3007673.png"},"vacancies_url":"https://api.hh.ru/vacancies?employer_id=4020601&host=hh.ru","trusted":true},"published_at":"2021-06-12T13:59:35+0300","created_at":"2021-06-12T13:59:35+0300","negotiations_url":null,"suitable_resumes_url":null,"apply_alternate_url":"https://hh.ru/applicant/vacancy_response?vacancyId=41690777","has_test":false,"test":null,"alternate_url":"https://hh.ru/vacancy/41690777","working_days":[],"working_time_intervals":[],"working_time_modes":[],"accept_temporary":false}