{"id":"42077815","premium":false,"billing_type":{"id":"standard","name":"Стандарт"},"relations":[],"name":"Senior Python backend developer","insider_interview":null,"response_letter_required":false,"area":{"id":"1","name":"Москва","url":"https://api.hh.ru/areas/1?host=hh.ru"},"salary":null,"type":{"id":"open","name":"Открытая"},"address":{"city":"Москва","street":"Люсиновская улица","building":"36с1","description":null,"lat":55.723328,"lng":37.621211,"raw":"Москва, Люсиновская улица, 36с1","metro":null,"metro_stations":[]},"allow_messages":true,"site":{"id":"hh","name":"hh.ru"},"experience":{"id":"between3And6","name":"От 3 до 6 лет"},"schedule":{"id":"fullDay","name":"Полный день"},"employment":{"id":"full","name":"Полная занятость"},"department":null,"contacts":null,"description":"<p> </p> <p><strong>Мы создаем уникальное всемирное мобильное приложение, в котором пользователи могут монетизировать свой контент и любые действия, привычные для других соц.сетей!</strong></p> <p><strong>Сейчас мы начинаем разрабатывать рекламный кабинет. Ищем опытного разработчика, кто сможет разобраться в ТЗ, разработать архитектуру приложения, начать разработку бэка активно взаимодействуя с фронтом. После того, как станет понятен масштаб разработки мы будем расширить команду. </strong></p> <p><strong>Какой стек мы используем:</strong></p> <ul> <li> <p>python: FastAPI, pytest, aiohttp</p> </li> <li> <p>REST API</p> </li> <li> <p>Postgresql, MongoDB, ClickHouse</p> </li> <li> <p>RabbitMQ, Kafka</p> </li> <li> <p>Docker</p> </li> <li> <p>AWS</p> </li> <li> <p>Kubernetes</p> </li> <li> <p>Prometheus, Grafana</p> </li> <li> <p>mypy, flake8, pylint, bandit, radon</p> </li> <li> <p>Gitlab CI/CD</p> </li> <li> <p>OpenAPI</p> </li> <li> <p>JIRA, Confluence</p> </li> </ul> <p><strong>Обязанности:</strong></p> <ul> <li> <p>Разработка API</p> </li> <li> <p>Разработка высоконагруженных сервисов</p> </li> <li> <p>Взаимодействие с фронт-энд разработчиками для обсуждения интерфейса бекэнда</p> </li> <li> <p>Участие в проектировании архитектуры, выработке решений по отказоустойчивости и производительности</p> </li> <li> <p>Написание юнит-тестов</p> </li> <li> <p>Code Review</p> </li> </ul> <p> </p> <p><strong>Требования:</strong></p> <ul> <li> <p>Опыт разработки архитектуры сервисов</p> </li> <li> <p>Опыт работы с высоконагруженными проектами</p> </li> <li> <p>Знание docker</p> </li> <li> <p>Опыт работы с Postgresql, MongoDB</p> </li> <li> <p>Знание DDD</p> </li> <li> <p>python 3.7+</p> </li> <li> <p>Знание REST</p> </li> <li> <p>Навык написания юнит-тестов</p> </li> <li> <p>Знание асинхронных фреймворков (FastAPI, aiohttp)</p> </li> </ul> <p><strong>Плюсом будет:</strong></p> <ul> <li> <p>Опыт работы с AWS</p> </li> <li> <p>Опыт разработки метрик мониторинга приложений (prometheus)</p> </li> <li> <p>Знание GraphQL</p> </li> <li> <p>Знание стандарта OWASP ASVS</p> </li> </ul>","branded_description":null,"vacancy_constructor_template":null,"key_skills":[{"name":"MongoDB"},{"name":"Python"},{"name":"Atlassian Jira"},{"name":"Git"},{"name":"Atlassian Confluence"}],"accept_handicapped":false,"accept_kids":false,"archived":false,"response_url":null,"specializations":[{"id":"1.221","name":"Программирование, Разработка","profarea_id":"1","profarea_name":"Информационные технологии, интернет, телеком"}],"code":null,"hidden":false,"quick_responses_allowed":false,"driver_license_types":[],"accept_incomplete_resumes":false,"employer":{"id":"4960417","name":"Талала","url":"https://api.hh.ru/employers/4960417?host=hh.ru","alternate_url":"https://hh.ru/employer/4960417","logo_urls":{"original":"https://hhcdn.ru/employer-logo-original/814835.png","240":"https://hhcdn.ru/employer-logo/3700228.png","90":"https://hhcdn.ru/employer-logo/3700227.png"},"vacancies_url":"https://api.hh.ru/vacancies?employer_id=4960417&host=hh.ru","trusted":true},"published_at":"2021-06-07T11:32:36+0300","created_at":"2021-06-07T11:32:36+0300","negotiations_url":null,"suitable_resumes_url":null,"apply_alternate_url":"https://hh.ru/applicant/vacancy_response?vacancyId=42077815","has_test":false,"test":null,"alternate_url":"https://hh.ru/vacancy/42077815","working_days":[],"working_time_intervals":[],"working_time_modes":[],"accept_temporary":true}