{"id":"42086742","premium":false,"billing_type":{"id":"standard","name":"Стандарт"},"relations":[],"name":"Back-end разработчик Java (Middle/Senior)","insider_interview":null,"response_letter_required":false,"area":{"id":"1","name":"Москва","url":"https://api.hh.ru/areas/1?host=hh.ru"},"salary":null,"type":{"id":"open","name":"Открытая"},"address":{"city":"Москва","street":"Большая Новодмитровская улица","building":"14с7","description":null,"lat":55.800266,"lng":37.587308,"raw":"Москва, Большая Новодмитровская улица, 14с7","metro":{"station_name":"Савеловская","line_name":"Серпуховско-Тимирязевская","station_id":"9.128","line_id":"9","lat":55.794054,"lng":37.587163},"metro_stations":[{"station_name":"Савеловская","line_name":"Серпуховско-Тимирязевская","station_id":"9.128","line_id":"9","lat":55.794054,"lng":37.587163}]},"allow_messages":true,"site":{"id":"hh","name":"hh.ru"},"experience":{"id":"between1And3","name":"От 1 года до 3 лет"},"schedule":{"id":"remote","name":"Удаленная работа"},"employment":{"id":"full","name":"Полная занятость"},"department":null,"contacts":null,"description":"<p>Мы работаем на проекте с двумя крупными банками, где помогаем перейти с монолитной архитектуры на микро. Мы улучшаем банковское приложение для удобства клиентов и увеличения количества услуг, которые можно оказать дистанционно.</p> <p> </p> <p><strong>Что предстоит делать:</strong></p> <ul> <li>Проектировать и разрабатывать микросервисы;</li> <li>Проектировать и разрабатывать API для других команд Банка;</li> <li>Распиливать монолит;</li> <li>Помогать команде доставлять фичи до клиентов;</li> <li>Быть проактивным и коммуникабельным.</li> </ul> <p><strong>Что мы ожидаем от Вас:</strong></p> <ul> <li>Опыт java/kotlin разработки от 2х лет;</li> <li>Понимание особенностей микросервисной архитектуры и опыт разработки микросервисов;</li> <li>Опыт интеграционных проектов;</li> <li>Понимание принципов разработки нагруженных сервисов;</li> <li>Понимание принципов разработки API;</li> <li>Уверенное владение Java, понимание принципов работы JVM;</li> <li>Знание основных библиотек и шаблонов проектирования;</li> <li>Опыт использования Spring Framework (boot, MVC, data, security...);</li> <li>Опыт работы с многопоточностью и асинхронностью;</li> <li>Опыт работы с базами данных, умение писать и оптимизировать запросы;</li> <li>Опыт работы с распределёнными хранилищами и системами;</li> <li>Знание HTTP, REST, SOAP;</li> <li>Опыт работы с фреймворками и инструментами автоматического тестирования (junit, postman, jmeter);</li> <li>Умение разбираться и работать с чужим кодом;</li> <li>Участие в code review;</li> <li>Опыт работы с Git;</li> <li>Готовность к командной работе и трудиться над общими задачами.</li> </ul> <p><strong>Стек:</strong></p> <ul> <li>Java 8-11, Kotlin</li> <li>Tomcat, Jetty, Netty, Spring</li> <li>PostgreSQL, Oracle, Redis, Kafka, Tarantool</li> <li>Maven, Gradle, Ansible</li> <li>Docker, Kubernetes(OpenShift)</li> </ul> <p><strong>Что мы предлагаем:</strong></p> <p><strong>Зарплата</strong></p> <p>Мы полностью белые - оклад, премии, бонусы.<br />Отталкиваемся от ваших ожиданий.</p> <p><strong>График</strong></p> <p>У нас нет задачи, чтобы вы работали с 9 до 18, поэтому по согласованию с руководителем график может смещаться как вам удобнее. Главное - не нарушать дедлайны.</p> <p><strong>Удаленка</strong></p> <p>Готовы рассмотреть и полную и частичную удаленку.</p> <p><strong>Бонусы</strong></p> <p>У нас действует бонусная система. На бонус влияет оценка руководителем ваших усилий и главное - результатов. Его максимальный и минимальный размеры определяются в каждом случае индивидуально.</p> <p><strong>Дважды в год мы мониторим уровень зарплаты и должность сотрудника, чтобы не терять ценные кадры.</strong></p> <p><strong>Мы готовы вкладывать в ваше обучение время наших сотрудников и деньги для внешнего обучения.</strong></p> <p>Ну и конечно же - ДМС со стоматологией, скидки на фитнес 50%, оплачиваемая мобильная связь, скидки на изучение английского языка.</p> <p> </p> <p> </p> <p><strong>В сопроводительном письме укажи свой уровень (jun. middle или senior) и ожидания по зарплате, отклики стараюсь смотреть день в день, заранее с</strong></p>","branded_description":"\n<style>\n\n@font-face {\n    font-family: 'Museo Sans Cyrl 900';\n    src: local(\"MuseoSansCyrl-900\"), url(\"/file/16800203.woff\") format(\"woff\");\n    font-weight: normal;\n    font-style: normal;\n}\n\n.tmpl_hh_wrapper p,\n.tmpl_hh_wrapper a,\n.tmpl_hh_wrapper img,\n.tmpl_hh_wrapper ol,\n.tmpl_hh_wrapper ul,\n.tmpl_hh_wrapper li {\n    margin: 0;\n    padding: 0;\n    border: 0;\n    font-size: 100%;\n    font: inherit;\n    vertical-align: baseline;\n}\n\n.hht-vacancydescription {\n    padding: 0px;\n}\n\n.tmpl_hh_wrapper .l-cell,\n.tmpl_hh_wrapper .l-paddings {\n    padding: 0px !important;\n}\n\n.tmpl_hh_wrapper .b-vacancy-desc-wrapper {\n    margin-top: 0px !important;    \n}\n\n.tmpl_hh_wrapper .b-vacancy-desc {\n    overflow: visible !important;\n    line-height: inherit;\n}\n\n.tmpl_hh_content ol li b,\n.tmpl_hh_content ol li strong,\n.tmpl_hh_content ol li p b,\n.tmpl_hh_content ol li p strong,\n.tmpl_hh_content ul li b,\n.tmpl_hh_content ul li strong,\n.tmpl_hh_content ul li p b,\n.tmpl_hh_content ul li p strong {\n    font-weight: normal;\n    font-size: inherit !important;\n    color: inherit !important;\n    margin: 0 !important;\n    text-transform: none;\n    line-height: inherit;\n}\n\n.tmpl_hh_content ol li p,\n.tmpl_hh_content ul li p {\n    font-weight: normal;\n    margin: 0;\n}\n\n.tmpl_hh_content p b,\n.tmpl_hh_content p strong {\n    display: inline;\n    margin: 0 0 0;\n}\n\n.tmpl_hh_wrapper {\n    width: 100%;\n    margin: 0 auto;\n    max-width: 690px;\n    position: relative;\n    word-break: normal;\n    color: #000000;\n    overflow: hidden;\n    font-family: 'Arial', sans-serif;\n    font-size: 16px;\n    line-height: 19px;\n}\n\n.tmpl_hh_wrapper img {\n    width: 100%;\n    display: block;\n}\n\n.tmpl_hh_content {\n    padding: 22px 40px 38px;\n    position: relative;\n    z-index: 1;\n}\n\n.tmpl_hh_content p:first-child,\n.tmpl_hh_content>strong:first-child,\n.tmpl_hh_content div>strong:first-child {\n    margin-top: 0 !important;\n}\n\n.tmpl_hh_content p,\n.tmpl_hh_content b,\n.tmpl_hh_content strong {\n   margin: 21px 0 11px;\n}\n\n.tmpl_hh_content b, \n.tmpl_hh_content strong {\n    display: inline-block;\n    font-weight: bold;\n    font-size: 18px;\n    color: #005aa6;\n}\n\n.tmpl_hh_content ol,\n.tmpl_hh_content ul {\n    margin-left: 19px;\n    list-style: none !important;\n}\n\n.tmpl_hh_content ol {\n    counter-reset: list_counter;\n}\n\n.tmpl_hh_content li {\n    position: relative;\n    margin-bottom: 11px;\n}\n\n.tmpl_hh_content ul ul,\n.tmpl_hh_content ul ol,\n.tmpl_hh_content ol ol,\n.tmpl_hh_content ol ul {\n    margin-top: 11px;\n    margin-bottom: 0;\n}\n\n.tmpl_hh_content ol>li {\n    counter-increment: list_counter;    \n}\n\n.tmpl_hh_content li:before {\n    position: absolute;\n    left: -19px;\n    top: 0;\n}\n\n.tmpl_hh_content ul>li:before {\n    content: \"\";\n    background-color: rgb(0, 129, 192);\n    width: 5px;\n    height: 5px;\n    top: 7px;\n}\n\n.tmpl_hh_content ol>li:before {\n    content: counter(list_counter)'.';\n    left: auto;\n    right: 100%;\n    margin-right: 2px;\n}\n\n.tmpl_hh_flex {\n    display: -webkit-box;\n    display: -ms-flexbox;\n    display: flex;\n    -webkit-box-pack: justify;\n    -ms-flex-pack: justify;\n    justify-content: space-between;\n    -ms-flex-wrap: wrap;\n    flex-wrap: wrap;\n}\n\n.tmpl_hh_content p:first-child {\n    background-color: #005aa6;\n    margin: 0 -40px 35px;\n    padding: 30px 40px 37px;\n    color: #fff;\n    font-size: 18px;\n    background-image: url(https://hhcdn.ru/ichameleon/152488.png);\n    background-position: right top;\n    background-repeat: no-repeat;\n}\n\n.tmpl_hh_content p:first-child strong {\n    color: #fff;\n    font-weight: normal;\n    font-size: 26px;\n    line-height: 30px;\n}\n\n.tmpl_hh_about {\n    position: relative;\n    padding: 13px 68px 23px 40px;\n}\n\np.tmpl_hh_about_title {\n    color: #1d1d1b;\n    font-size: 24px;\n    line-height: 31px;\n    font-weight: bold;\n    margin-bottom: 19px;\n}\n\np.tmpl_hh_about__text {\n    font-size: 18px;\n    line-height: 26px;\n    color: #1d1d1b;\n}\n\n.tmpl_hh_numbers {\n    margin: 0 40px 19px;\n    position: relative;\n}\n\n.tmpl_hh_numbers__item {\n    width: 48.5%;\n    box-shadow: 0px 0px 16px 0px rgba(32, 39, 58, 0.09);\n    position: relative;\n    box-sizing: border-box;\n    padding: 58px 41px 16px 22px;\n    margin-bottom: 11px;\n    border-radius: 5px;\n}\n\np.tmpl_hh_numbers__title {\n    position: absolute;\n    top: 11px;\n    left: 20px;\n    font-size: 70px;\n    color: #edf1f4;\n    line-height: 70px;\n    font-weight: 900;\n    font-family: 'Museo Sans Cyrl 900', Arial;\n}\n\np.tmpl_hh_numbers__text {\n    font-weight: bold;\n    position: relative;\n}\n\np.tmpl_hh_slogan {\n    font-size: 24px;\n    line-height: 30px;\n    padding: 35px 0 0;\n}\n\np.tmpl_hh_slogan span {\n    background: #f08019;\n    color: #fff;\n    padding: 0px 5px 5px 4px;\n}\n\n.tmpl_hh_footer {\n    position: relative;\n    background: #0081c0;\n    color: #fff;\n    padding: 38px 40px 26px;\n}\n\np.tmpl_hh_footer__title {\n    font-size: 24px;\n    line-height: 24px;\n    font-weight: bold;\n    margin-bottom: 36px;\n}\n\n.tmpl_hh_footer__column {\n    width: 50%;\n}\n\n.tmpl_hh_footer__item {\n    position: relative;\n    padding: 0 23px 0 51px;\n    margin-bottom: 20px;\n}\n\n.tmpl_hh_footer__image {\n    position: absolute;\n    top: 2px;\n    width: 31px;\n    left: 0;\n}\n\n.tmpl_hh_circle--green {\n    background: #009945;\n    width: 16px;\n    padding-bottom: 16px;\n    bottom: -46px;\n    right: 38px;\n}\n\n.tmpl_hh_circle--orange {\n    background: #f08019;\n    width: 37px;\n    padding-bottom: 37px;\n    top: -15px;\n    right: 24px;\n}\n\n.tmpl_hh_circle--darkblue {\n    background: #005aa6;\n    width: 18px;\n    padding-bottom: 18px;\n    top: -19px;\n    right: 29px;\n}\n\n.tmpl_hh_circle--yellow {\n    background: #fab500;\n    width: 30px;\n    padding-bottom: 30px;\n    top: 0;\n    right: 18px;\n    top: -9px;\n}\n\n.tmpl_hh_circle {\n    position: absolute;\n    border-radius: 100%;\n    z-index: 10;\n}\n\n.tmpl_hh_content p:first-child em,\n.tmpl_hh_content p:first-child strong em {\n    font-style: normal;\n}\n\n@media screen and (max-width: 1019px) {\n    .tmpl_hh_numbers__item {\n        padding: 58px 22px 16px 22px;\n    }\n}\n\n@media screen and (max-width: 699px) {\n    .tmpl_hh_header img {\n        height: 145px;\n        width: auto;\n    }\n\n    .tmpl_hh_about {\n        padding: 13px  6% 23px;\n    }\n\n    .tmpl_hh_numbers {\n        margin: 0 6% 19px;\n    }\n\n    .tmpl_hh_numbers__item {\n        width: 100%;\n    }\n\n    p.tmpl_hh_slogan {\n        font-size: 20px;\n        line-height: 26px;\n    }\n\n    p.tmpl_hh_slogan br {\n        display: none;\n    }\n\n    .tmpl_hh_content {\n        padding: 22px 6% 38px;\n    }\n\n    .tmpl_hh_content p:first-child {\n        margin: 0 -7% 35px;\n        padding: 30px 7% 30px;\n    }\n\n    .tmpl_hh_footer {\n        padding: 38px 6% 26px;\n    }\n\n    .tmpl_hh_footer__column {\n        width: 100%;\n    }\n}\n\n</style>\n\n<div class=\"tmpl_hh_wrapper\">\n    <div class=\"tmpl_hh_header\">\n        <img src=\"https://hhcdn.ru/ichameleon/180222.png\" alt=\"\">\n    </div>    \n    <div class=\"tmpl_hh_about\">\n        <p class=\"tmpl_hh_about_title\">Лига Цифровой Экономики — это 4 500 человек и  1 000 проектов цифровой трансформации каждый год!</p>\n        <p class=\"tmpl_hh_about__text\">Наши клиенты — лидеры рынка в ключевых отраслях экономики и государственного сектора. Мы гордимся нашей экспертизой и знаковыми проектами.</p>\n    </div>\n    <div class=\"tmpl_hh_numbers tmpl_hh_flex\">\n        <div class=\"tmpl_hh_numbers__item tmpl_hh_numbers__item1\">\n            <p class=\"tmpl_hh_numbers__title\">20</p>\n            <p class=\"tmpl_hh_numbers__text\">Команда с 20-летним опытом на рынке ИТ-услуг</p>\n            <div class=\"tmpl_hh_circle tmpl_hh_circle--darkblue\"></div>\n        </div>\n        <div class=\"tmpl_hh_numbers__item tmpl_hh_numbers__item2\">\n            <p class=\"tmpl_hh_numbers__title\">70</p>\n            <p class=\"tmpl_hh_numbers__text\">70+ практик и центров компетенций</p>\n            <div class=\"tmpl_hh_circle tmpl_hh_circle--orange\"></div>\n        </div>\n        <div class=\"tmpl_hh_numbers__item tmpl_hh_numbers__item3\">\n            <p class=\"tmpl_hh_numbers__title\">4 500+</p>\n            <p class=\"tmpl_hh_numbers__text\">4 500+ экспертов по России, Украине и Казахстане</p>\n            <div class=\"tmpl_hh_circle tmpl_hh_circle--yellow\"></div>\n        </div>\n        <div class=\"tmpl_hh_numbers__item tmpl_hh_numbers__item4\">\n            <p class=\"tmpl_hh_numbers__title\">1 000+</p>\n            <p class=\"tmpl_hh_numbers__text\">1 000+ проектов цифровой трансформации каждый год</p>\n            <div class=\"tmpl_hh_circle tmpl_hh_circle--green\"></div>\n        </div>\n    </div>\n    <div class=\"tmpl_hh_about\">\n        <p class=\"tmpl_hh_about__text\">Ценим свободу и ответственность за результат, атмосферу сотрудничества и энергию в наших командах. В Лиге мы стремимся создавать инновационные решения и развивать наших сотрудников.</p>\n        <p class=\"tmpl_hh_slogan\"><b>Присоединяйся</b> к нашей команде<br> и создавай  <span>лучшие решения</span>  для лидеров рынка!</p>\n    </div>\n    <div class=\"tmpl_hh_content\">\n       <p>Мы работаем на проекте с двумя крупными банками, где помогаем перейти с монолитной архитектуры на микро. Мы улучшаем банковское приложение для удобства клиентов и увеличения количества услуг, которые можно оказать дистанционно.</p> <p> </p> <p><strong>Что предстоит делать:</strong></p> <ul> <li>Проектировать и разрабатывать микросервисы;</li> <li>Проектировать и разрабатывать API для других команд Банка;</li> <li>Распиливать монолит;</li> <li>Помогать команде доставлять фичи до клиентов;</li> <li>Быть проактивным и коммуникабельным.</li> </ul> <p><strong>Что мы ожидаем от Вас:</strong></p> <ul> <li>Опыт java/kotlin разработки от 2х лет;</li> <li>Понимание особенностей микросервисной архитектуры и опыт разработки микросервисов;</li> <li>Опыт интеграционных проектов;</li> <li>Понимание принципов разработки нагруженных сервисов;</li> <li>Понимание принципов разработки API;</li> <li>Уверенное владение Java, понимание принципов работы JVM;</li> <li>Знание основных библиотек и шаблонов проектирования;</li> <li>Опыт использования Spring Framework (boot, MVC, data, security...);</li> <li>Опыт работы с многопоточностью и асинхронностью;</li> <li>Опыт работы с базами данных, умение писать и оптимизировать запросы;</li> <li>Опыт работы с распределёнными хранилищами и системами;</li> <li>Знание HTTP, REST, SOAP;</li> <li>Опыт работы с фреймворками и инструментами автоматического тестирования (junit, postman, jmeter);</li> <li>Умение разбираться и работать с чужим кодом;</li> <li>Участие в code review;</li> <li>Опыт работы с Git;</li> <li>Готовность к командной работе и трудиться над общими задачами.</li> </ul> <p><strong>Стек:</strong></p> <ul> <li>Java 8-11, Kotlin</li> <li>Tomcat, Jetty, Netty, Spring</li> <li>PostgreSQL, Oracle, Redis, Kafka, Tarantool</li> <li>Maven, Gradle, Ansible</li> <li>Docker, Kubernetes(OpenShift)</li> </ul> <p><strong>Что мы предлагаем:</strong></p> <p><strong>Зарплата</strong></p> <p>Мы полностью белые - оклад, премии, бонусы.<br>Отталкиваемся от ваших ожиданий.</p> <p><strong>График</strong></p> <p>У нас нет задачи, чтобы вы работали с 9 до 18, поэтому по согласованию с руководителем график может смещаться как вам удобнее. Главное - не нарушать дедлайны.</p> <p><strong>Удаленка</strong></p> <p>Готовы рассмотреть и полную и частичную удаленку.</p> <p><strong>Бонусы</strong></p> <p>У нас действует бонусная система. На бонус влияет оценка руководителем ваших усилий и главное - результатов. Его максимальный и минимальный размеры определяются в каждом случае индивидуально.</p> <p><strong>Дважды в год мы мониторим уровень зарплаты и должность сотрудника, чтобы не терять ценные кадры.</strong></p> <p><strong>Мы готовы вкладывать в ваше обучение время наших сотрудников и деньги для внешнего обучения.</strong></p> <p>Ну и конечно же - ДМС со стоматологией, скидки на фитнес 50%, оплачиваемая мобильная связь, скидки на изучение английского языка.</p> <p> </p> <p> </p> <p><strong>В сопроводительном письме укажи свой уровень (jun. middle или senior) и ожидания по зарплате, отклики стараюсь смотреть день в день, заранее с</strong></p></div>  \n    <div class=\"tmpl_hh_footer\">\n        <p class=\"tmpl_hh_footer__title\">Лига предлагает тебе</p>\n        <div class=\"tmpl_hh_footer__icons tmpl_hh_flex\">\n            <div class=\"tmpl_hh_footer__column\">\n                <div class=\"tmpl_hh_footer__item tmpl_hh_footer__item1\">\n                    <div class=\"tmpl_hh_footer__image\"><img src=\"https://hhcdn.ru/ichameleon/152490.png\" alt=\"\"></div>\n                    <p class=\"tmpl_hh_footer__text\">Трудоустройство в соответствии с требованиями законодательства</p>\n                </div>\n                <div class=\"tmpl_hh_footer__item tmpl_hh_footer__item2\">\n                    <div class=\"tmpl_hh_footer__image\"><img src=\"https://hhcdn.ru/ichameleon/152491.png\" alt=\"\"></div>\n                    <p class=\"tmpl_hh_footer__text\">Развитая система внутренних тренингов и возможность обучаться на внешних курсах</p>\n                </div>\n                <div class=\"tmpl_hh_footer__item tmpl_hh_footer__item3\">\n                    <div class=\"tmpl_hh_footer__image\"><img src=\"https://hhcdn.ru/ichameleon/152492.png\" alt=\"\"></div>\n                    <p class=\"tmpl_hh_footer__text\">Гибкий график<br> работы</p>\n                </div>\n            </div>\n            <div class=\"tmpl_hh_footer__column\">\n                <div class=\"tmpl_hh_footer__item tmpl_hh_footer__item4\">\n                    <div class=\"tmpl_hh_footer__image\"><img src=\"https://hhcdn.ru/ichameleon/152493.png\" alt=\"\"></div>\n                    <p class=\"tmpl_hh_footer__text\">Рост и развитие в команде профессионалов</p>\n                </div>\n                <div class=\"tmpl_hh_footer__item tmpl_hh_footer__item5\">\n                    <div class=\"tmpl_hh_footer__image\"><img src=\"https://hhcdn.ru/ichameleon/152495.png\" alt=\"\"></div>\n                    <p class=\"tmpl_hh_footer__text\">ДМС со стоматологией, скидки на фитнес 50%, оплачиваемая мобильная связь, скидки на изучение английского языка \nи многое другое </p>\n                </div>\n            </div>\n        </div>\n    </div>\n</div>\n\n","vacancy_constructor_template":null,"key_skills":[{"name":"Hibernate ORM"},{"name":"Spring Framework"},{"name":"Git"},{"name":"Java SE"},{"name":"Java"}],"accept_handicapped":false,"accept_kids":false,"archived":false,"response_url":null,"specializations":[{"id":"1.395","name":"Банковское ПО","profarea_id":"1","profarea_name":"Информационные технологии, интернет, телеком"},{"id":"1.270","name":"Сетевые технологии","profarea_id":"1","profarea_name":"Информационные технологии, интернет, телеком"},{"id":"1.272","name":"Системная интеграция","profarea_id":"1","profarea_name":"Информационные технологии, интернет, телеком"},{"id":"1.113","name":"Консалтинг, Аутсорсинг","profarea_id":"1","profarea_name":"Информационные технологии, интернет, телеком"},{"id":"1.246","name":"Развитие бизнеса","profarea_id":"1","profarea_name":"Информационные технологии, интернет, телеком"}],"code":null,"hidden":false,"quick_responses_allowed":false,"driver_license_types":[],"accept_incomplete_resumes":false,"employer":{"id":"2733062","name":"Лига Цифровой Экономики","url":"https://api.hh.ru/employers/2733062?host=hh.ru","alternate_url":"https://hh.ru/employer/2733062","logo_urls":{"90":"https://hhcdn.ru/employer-logo/3793743.png","240":"https://hhcdn.ru/employer-logo/3793744.png","original":"https://hhcdn.ru/employer-logo-original/838215.png"},"vacancies_url":"https://api.hh.ru/vacancies?employer_id=2733062&host=hh.ru","trusted":true},"published_at":"2021-05-31T15:53:04+0300","created_at":"2021-05-31T15:53:04+0300","negotiations_url":null,"suitable_resumes_url":null,"apply_alternate_url":"https://hh.ru/applicant/vacancy_response?vacancyId=42086742","has_test":false,"test":null,"alternate_url":"https://hh.ru/vacancy/42086742","working_days":[],"working_time_intervals":[],"working_time_modes":[],"accept_temporary":false}