{"id":"42277955","premium":false,"billing_type":{"id":"standard","name":"Стандарт"},"relations":[],"name":"Senior Backend developer Java/Kotlin","insider_interview":null,"response_letter_required":false,"area":{"id":"1","name":"Москва","url":"https://api.hh.ru/areas/1?host=hh.ru"},"salary":null,"type":{"id":"open","name":"Открытая"},"address":{"city":"Москва","street":"Рочдельская улица","building":"15с13","description":null,"lat":55.755991,"lng":37.56512,"raw":"Москва, Рочдельская улица, 15с13","metro":{"station_name":"Баррикадная","line_name":"Таганско-Краснопресненская","station_id":"7.16","line_id":"7","lat":55.760793,"lng":37.581242},"metro_stations":[{"station_name":"Баррикадная","line_name":"Таганско-Краснопресненская","station_id":"7.16","line_id":"7","lat":55.760793,"lng":37.581242},{"station_name":"Краснопресненская","line_name":"Кольцевая","station_id":"5.58","line_id":"5","lat":55.760378,"lng":37.577114},{"station_name":"Улица 1905 года","line_name":"Таганско-Краснопресненская","station_id":"7.146","line_id":"7","lat":55.763944,"lng":37.562271}]},"allow_messages":true,"site":{"id":"hh","name":"hh.ru"},"experience":{"id":"moreThan6","name":"Более 6 лет"},"schedule":{"id":"fullDay","name":"Полный день"},"employment":{"id":"full","name":"Полная занятость"},"department":null,"contacts":null,"description":"<p><strong>Мультимедийный сервис Okko</strong> — один из крупнейших российских VoD-сервисов, лидер по платной модели монетизации. Проект стартовал в 2011 году и сегодня представлен на всех ключевых платформах: Smart TV, mobile (IOS и Android), Apple TV, PlayStation 3, 4 и 5, web (ПК). Okko входит в экосистему Сбера.</p> <p>Пользователи Okko могут купить и скачать понравившийся фильм в высоком качестве (8K, 4K, HDR), арендовать контент на 48 часов или купить подписку и смотреть его на любой популярной платформе. В коллекции сервиса — порядка 100 тысяч единиц популярного контента таких мировых киностудий, как Walt Disney Pictures, Paramount Pictures, 20th Century Fox, Warner Bros, Sony Pictures, Universal Pictures, а также ведущих европейских и российских производителей фильмов и сериалов.</p> <p>Подписчикам Okko доступны популярные сериалы «Амедиатеки» и START, российское кино и мировые блокбастеры, артхаус и детский контент, а также образовательные программы и контент из области искусства. Okko предлагает подписки «Оптимум», «Премиум» и «Лайт», открывающие доступ к 80, 90 и 55 тысячам единиц контента соответственно. «Лайт» входит в подписку «СберПрайм».<br />На платформе Okko также доступен сервис спортивных трансляций Okko Спорт, предлагающий просмотр матчей Английской Премьер-лиги, MLS и Кубка Диего Марадоны. В 2021 году Okko Спорт также покажет MMA-турниры Bellator, теннисные турниры ATP 250 и финальную стадию Кубка Дэвиса.</p> <p>Мы ищем опытного <strong>Java/Kotlin </strong>разработчика в команду <strong>Backend</strong> для поддержания и развития высоконагруженной backend-части платформы нашего видео-сервиса. Мы постоянно работаем над улучшением опыта пользователей в нашем сервисе для того, чтобы наши фильмы и спортивные трансляции можно было удобно находить, с легкостью осуществлять оплату с помощью широкого набора способов и комфортнее смотреть в любой ситуации: дома перед телевизором, в такси или даже в самолете и поезде.</p> <p>В настоящий момент в серверной части нашей платформы мы завершаем миграцию на полностью микросервисную архитектуру. Также активно внедряем сопутствующие процессы: CI/CD, контейнеризация, оркестрация, мониторинг и т.д.</p> <p><strong>Задачи:</strong></p> <ul> <li>Проектирование новых микро-сервисов в серверной части платформы;</li> <li>Анализ и проработка новых продуктов, а также развитие существующих;</li> <li>Поддержание имеющихся компонентов в актуальном стеке технологий и с использованием современных подходов.</li> </ul> <p><strong>Требования:</strong></p> <ul> <li>Уверенное знание Java SE и\\или Kotlin;</li> <li>Знание архитектурных шаблонов проектирования микросервисов и реактивного подхода к программированию;</li> <li>Уверенное знание SQL (Postgres DB) баз данных;</li> <li>Опыт работы с NoSQL базами данных: Cassandra, Couchbase, Redis, Hive/Impala (AWS Athena);</li> <li>Понимание принципов проектирования клиент-серверных интерфейсов (REST);</li> <li>Опыт работы со Spring Framework, Spring Boot, docker.</li> </ul> <p><strong>Будет плюсом:</strong></p> <ul> <li>Знание Kotlin;</li> <li>Опыт использования или интерес к работе с NoSQL базами данных (Cassandra, Couchbase, Hadoop);</li> <li>Опыт работы с Redis, nginx, RabbitMQ, Kafka;</li> <li>Опыт настройки мониторинга Java-приложений;</li> <li>Опыт Frontend-разработки.</li> </ul> <p><strong>Условия:</strong></p> <ul> <li>Амбициозные цели;</li> <li>Гибкий график. При необходимости есть возможность работать из дома, т.к. главное для нас - результат;</li> <li>Неограниченные возможности для профессионального развития и самореализации;</li> <li>Топовое оборудование и весь необходимый софт;</li> <li>Официальное трудоустройство, достойная и полностью белая заработная плата;</li> <li>ДМС, компенсация мобильной связи, занятий спортом/языковых курсов/покупки гаджетов;</li> <li>Комфортный светлый офис с кикером, кофе, йогуртами, фруктами и вкусными ужинами;</li> <li>Льготные условия ипотеки от Сбера;</li> <li>Насыщенная корпоративная жизнь.</li> </ul>","branded_description":"\n<style>\n.tmpl_hh_wrapper p,\n.tmpl_hh_wrapper a,\n.tmpl_hh_wrapper img,\n.tmpl_hh_wrapper ol,\n.tmpl_hh_wrapper ul,\n.tmpl_hh_wrapper li {\n    margin: 0;\n    padding: 0;\n    border: 0;\n    font-size: 100%;\n    font: inherit;\n    vertical-align: baseline;\n}\n\n.hht-vacancydescription {\n    padding: 0px;\n}\n\n.tmpl_hh_wrapper .l-cell,\n.tmpl_hh_wrapper .l-paddings {\n    padding: 0px !important;\n}\n\n.tmpl_hh_wrapper .b-vacancy-desc-wrapper {\n    margin-top: 0px !important;    \n}\n\n.tmpl_hh_wrapper .b-vacancy-desc {\n    overflow: visible !important;\n    line-height: inherit;\n}\n\n.tmpl_hh_content ol li b,\n.tmpl_hh_content ol li strong,\n.tmpl_hh_content ol li p b,\n.tmpl_hh_content ol li p strong,\n.tmpl_hh_content ul li b,\n.tmpl_hh_content ul li strong,\n.tmpl_hh_content ul li p b,\n.tmpl_hh_content ul li p strong {\n    font-weight: normal;\n    font-size: inherit !important;\n    color: inherit !important;\n    margin: 0 !important;\n    text-transform: none;\n    line-height: inherit;\n    padding: 0;\n}\n\n.tmpl_hh_content ol li p,\n.tmpl_hh_content ul li p {\n    font-weight: normal;\n    margin: 0;\n}\n\n.tmpl_hh_content p b,\n.tmpl_hh_content p strong {\n    display: inline;\n    margin: 0 0 0;\n}\n\n.tmpl_hh_wrapper {\n    width: 100%;\n    margin: 0 auto;\n    max-width: 690px;\n    position: relative;\n    word-break: normal;\n    overflow: hidden;\n    font-family: 'Verdana';\n    font-size: 16px;\n    line-height: 22px;\n    color: #fff;\n    background: #2F155C;\n}\n\n.tmpl_hh_wrapper img {\n    width: 100%;\n    display: block;\n}\n\n.tmpl_hh_content {\n    padding: 52px 50px 58px;\n    position: relative;\n    z-index: 3;\n}\n\n.tmpl_hh_content p:first-child,\n.tmpl_hh_content>strong:first-child,\n.tmpl_hh_content div>strong:first-child {\n    margin-top: 0 !important;\n}\n\n.tmpl_hh_content p,\n.tmpl_hh_content b,\n.tmpl_hh_content strong {\n    margin: 45px 0 25px;\n}\n\n.tmpl_hh_content b, \n.tmpl_hh_content strong {\n    display: inline-block;\n    font-weight: normal;\n    font-size: 24px;\n    line-height: 32px;\n}\n\n.tmpl_hh_content ol,\n.tmpl_hh_content ul {\n    margin-left: 0;\n    list-style: none !important;\n}\n\n.tmpl_hh_content ol {\n    counter-reset: list_counter;\n}\n\n.tmpl_hh_content li {\n    position: relative;\n    text-indent: 21px;\n    margin-bottom: 8px;\n}\n\n.tmpl_hh_content ul ul,\n.tmpl_hh_content ul ol,\n.tmpl_hh_content ol ol,\n.tmpl_hh_content ol ul {\n    margin-top: 8px;\n}\n\n.tmpl_hh_content ol>li {\n    counter-increment: list_counter;    \n}\n\n.tmpl_hh_content li:before {\n    position: absolute;\n    left: -21px;\n    top: 0;\n}\n\n.tmpl_hh_content ul>li:before {\n    content: \"—\";\n    color: #A076F6;\n}\n\n.tmpl_hh_content ol>li:before {\n    content: counter(list_counter)'.';\n    left: auto;\n    right: 100%;\n    margin-right: 2px;\n}\n\n.tmpl_hh_flex {\n    display: -webkit-box;\n    display: -ms-flexbox;\n    display: flex;\n    -webkit-box-pack: justify;\n    -ms-flex-pack: justify;\n    justify-content: space-between;\n    -ms-flex-wrap: wrap;\n    flex-wrap: wrap;\n}\n\n.tmpl_hh_header {\n    position: relative;\n    background: url(https://hhcdn.ru/ichameleon/178290.jpg) center no-repeat;\n    background-size: auto 100%;\n    height: 370px;\n}\n\n.tmpl_hh_footer{\n    position: relative;\n    background: url(https://hhcdn.ru/ichameleon/178289.jpg) center no-repeat;\n    background-size: auto 100%;\n    height: 213px;\n}\n\n\n@media screen and (max-width: 699px) {\n    .tmpl_hh_header {\n        height: 0;\n        padding-bottom: 70.7%;\n    }\n\n    .tmpl_hh_content {\n        padding: 43px 10px 48px;\n    }\n\n    .tmpl_hh_footer {\n        height: 0;\n        padding-bottom: 40.7%;\n    }\n}\n</style>\n\n\n<div class=\"tmpl_hh_wrapper\">\n    <div class=\"tmpl_hh_header\"></div>\n    <div class=\"tmpl_hh_content\">\n       <p><strong>Мультимедийный сервис Okko</strong> — один из крупнейших российских VoD-сервисов, лидер по платной модели монетизации. Проект стартовал в 2011 году и сегодня представлен на всех ключевых платформах: Smart TV, mobile (IOS и Android), Apple TV, PlayStation 3, 4 и 5, web (ПК). Okko входит в экосистему Сбера.</p> <p>Пользователи Okko могут купить и скачать понравившийся фильм в высоком качестве (8K, 4K, HDR), арендовать контент на 48 часов или купить подписку и смотреть его на любой популярной платформе. В коллекции сервиса — порядка 100 тысяч единиц популярного контента таких мировых киностудий, как Walt Disney Pictures, Paramount Pictures, 20th Century Fox, Warner Bros, Sony Pictures, Universal Pictures, а также ведущих европейских и российских производителей фильмов и сериалов.</p> <p>Подписчикам Okko доступны популярные сериалы «Амедиатеки» и START, российское кино и мировые блокбастеры, артхаус и детский контент, а также образовательные программы и контент из области искусства. Okko предлагает подписки «Оптимум», «Премиум» и «Лайт», открывающие доступ к 80, 90 и 55 тысячам единиц контента соответственно. «Лайт» входит в подписку «СберПрайм».<br>На платформе Okko также доступен сервис спортивных трансляций Okko Спорт, предлагающий просмотр матчей Английской Премьер-лиги, MLS и Кубка Диего Марадоны. В 2021 году Okko Спорт также покажет MMA-турниры Bellator, теннисные турниры ATP 250 и финальную стадию Кубка Дэвиса.</p> <p>Мы ищем опытного <strong>Java/Kotlin </strong>разработчика в команду <strong>Backend</strong> для поддержания и развития высоконагруженной backend-части платформы нашего видео-сервиса. Мы постоянно работаем над улучшением опыта пользователей в нашем сервисе для того, чтобы наши фильмы и спортивные трансляции можно было удобно находить, с легкостью осуществлять оплату с помощью широкого набора способов и комфортнее смотреть в любой ситуации: дома перед телевизором, в такси или даже в самолете и поезде.</p> <p>В настоящий момент в серверной части нашей платформы мы завершаем миграцию на полностью микросервисную архитектуру. Также активно внедряем сопутствующие процессы: CI/CD, контейнеризация, оркестрация, мониторинг и т.д.</p> <p><strong>Задачи:</strong></p> <ul> <li>Проектирование новых микро-сервисов в серверной части платформы;</li> <li>Анализ и проработка новых продуктов, а также развитие существующих;</li> <li>Поддержание имеющихся компонентов в актуальном стеке технологий и с использованием современных подходов.</li> </ul> <p><strong>Требования:</strong></p> <ul> <li>Уверенное знание Java SE и\\или Kotlin;</li> <li>Знание архитектурных шаблонов проектирования микросервисов и реактивного подхода к программированию;</li> <li>Уверенное знание SQL (Postgres DB) баз данных;</li> <li>Опыт работы с NoSQL базами данных: Cassandra, Couchbase, Redis, Hive/Impala (AWS Athena);</li> <li>Понимание принципов проектирования клиент-серверных интерфейсов (REST);</li> <li>Опыт работы со Spring Framework, Spring Boot, docker.</li> </ul> <p><strong>Будет плюсом:</strong></p> <ul> <li>Знание Kotlin;</li> <li>Опыт использования или интерес к работе с NoSQL базами данных (Cassandra, Couchbase, Hadoop);</li> <li>Опыт работы с Redis, nginx, RabbitMQ, Kafka;</li> <li>Опыт настройки мониторинга Java-приложений;</li> <li>Опыт Frontend-разработки.</li> </ul> <p><strong>Условия:</strong></p> <ul> <li>Амбициозные цели;</li> <li>Гибкий график. При необходимости есть возможность работать из дома, т.к. главное для нас - результат;</li> <li>Неограниченные возможности для профессионального развития и самореализации;</li> <li>Топовое оборудование и весь необходимый софт;</li> <li>Официальное трудоустройство, достойная и полностью белая заработная плата;</li> <li>ДМС, компенсация мобильной связи, занятий спортом/языковых курсов/покупки гаджетов;</li> <li>Комфортный светлый офис с кикером, кофе, йогуртами, фруктами и вкусными ужинами;</li> <li>Льготные условия ипотеки от Сбера;</li> <li>Насыщенная корпоративная жизнь.</li> </ul></div>\n    <div class=\"tmpl_hh_footer\"></div>\n</div>\n\n","vacancy_constructor_template":null,"key_skills":[{"name":"Java SE"},{"name":"Spring Framework"},{"name":"SQL"},{"name":"REST"},{"name":"docker"}],"accept_handicapped":false,"accept_kids":false,"archived":false,"response_url":null,"specializations":[{"id":"1.221","name":"Программирование, Разработка","profarea_id":"1","profarea_name":"Информационные технологии, интернет, телеком"}],"code":null,"hidden":false,"quick_responses_allowed":false,"driver_license_types":[],"accept_incomplete_resumes":false,"employer":{"id":"1375441","name":"Okko","url":"https://api.hh.ru/employers/1375441?host=hh.ru","alternate_url":"https://hh.ru/employer/1375441","logo_urls":{"90":"https://hhcdn.ru/employer-logo/3778063.png","240":"https://hhcdn.ru/employer-logo/3778064.png","original":"https://hhcdn.ru/employer-logo-original/834295.png"},"vacancies_url":"https://api.hh.ru/vacancies?employer_id=1375441&host=hh.ru","trusted":true},"published_at":"2021-06-07T14:32:39+0300","created_at":"2021-06-07T14:32:39+0300","negotiations_url":null,"suitable_resumes_url":null,"apply_alternate_url":"https://hh.ru/applicant/vacancy_response?vacancyId=42277955","has_test":false,"test":null,"alternate_url":"https://hh.ru/vacancy/42277955","working_days":[],"working_time_intervals":[],"working_time_modes":[],"accept_temporary":false}