{"id":"42342452","premium":false,"billing_type":{"id":"standard","name":"Стандарт"},"relations":[],"name":"AXIOMA C# Senior Backend Developer","insider_interview":null,"response_letter_required":false,"area":{"id":"1","name":"Москва","url":"https://api.hh.ru/areas/1?host=hh.ru"},"salary":null,"type":{"id":"open","name":"Открытая"},"address":{"city":"Москва","street":"Воронцовская улица","building":"43с1","description":null,"lat":55.733052,"lng":37.66495,"raw":"Москва, Воронцовская улица, 43с1","metro":{"station_name":"Крестьянская застава","line_name":"Люблинско-Дмитровская","station_id":"10.63","line_id":"10","lat":55.732278,"lng":37.665325},"metro_stations":[{"station_name":"Крестьянская застава","line_name":"Люблинско-Дмитровская","station_id":"10.63","line_id":"10","lat":55.732278,"lng":37.665325},{"station_name":"Пролетарская","line_name":"Таганско-Краснопресненская","station_id":"7.62","line_id":"7","lat":55.731546,"lng":37.666917}]},"allow_messages":true,"site":{"id":"hh","name":"hh.ru"},"experience":{"id":"between3And6","name":"От 3 до 6 лет"},"schedule":{"id":"fullDay","name":"Полный день"},"employment":{"id":"full","name":"Полная занятость"},"department":null,"contacts":null,"description":"<p>Ищем ключевых игроков для новой in-house команды разработки технологической платформы AXIOMA.</p> <p>AXIOMA - это платформа, обеспечивающая FX, депозитный бизнес, а также проектное финансирование застройщиков (с использованием механизма эскроу-счетов) для корпоративно-инвестиционного подразделения банка. AXIOMA обеспечивает ценообразование, жизненный цикл сделок, расчет финансового результата и управленческую отчетность. Дополнительно, в части FX, AXIOMA обеспечивает электронную торговлю, управление внутридневной позицией. У нас большие и амбициозные планы по развитию платформы и созданию новых продуктов для чего мы создаем несколько новых команд.</p> <p><strong>Чем Вы будете заниматься:</strong></p> <ul> <li>Отвечать за разработку технологической платформы AXIOMA;</li> <li>Обеспечивать полный цикл разработки – от анализа требований и проектирования до внедрения;</li> <li>Работать в тесном сотрудничестве со командами разработки бизнес-продуктов, бизнес-аналитиками и владельцем продукта.</li> </ul> <p><strong>От Вас потребуется:</strong></p> <ul> <li>Опыт промышленной командной разработки (от 3 лет);</li> <li>Опыт разработки на .Net Framework 4.5-4.7 (или .Net Core 2+);</li> <li>Опыт использования Entity Framework 6+;</li> <li>Опыт работы с MS Sql Server 2012+;</li> <li>Отличные аналитические навыки;</li> <li>Опыт проектирования масштабируемых, отказоустойчивых решений;</li> <li>Отличное понимание принципов ООП;</li> <li>Понимание многоуровневой архитектуры, принципов SOA.</li> </ul> <p><strong>Будет здорово, если:</strong></p> <ul> <li>У Вас есть опыт разработки в финансовой отрасли, инвестиционном бизнесе;</li> <li>Имеете опыт работы по гибким методологиям разработки (SCRUM/Agile);</li> <li>У Вас есть опыт работы с любыми MQ системами;</li> <li>У Вас есть опыт использования CI/CD практик.</li> </ul> <p><strong>Мы предлагаем:</strong></p> <ul> <li>Возможность присоединиться к очень молодой и быстрорастущей команде in-house разработки одного из крупнейших банкой России;</li> <li>Амбициозные интересные проекты;</li> <li>Достойный уровень дохода + премии;</li> <li>Добровольное медицинское страхование.</li> </ul>","branded_description":"\n<style>\n.tmpl_hh_wrapper p,\n.tmpl_hh_wrapper a,\n.tmpl_hh_wrapper img,\n.tmpl_hh_wrapper ol,\n.tmpl_hh_wrapper ul,\n.tmpl_hh_wrapper li {\n    margin: 0;\n    padding: 0;\n    border: 0;\n    font-size: 100%;\n    font: inherit;\n    vertical-align: baseline;\n}\n\n.hht-vacancydescription {\n    padding: 0px;\n}\n\n.tmpl_hh_wrapper .l-cell,\n.tmpl_hh_wrapper .l-paddings {\n    padding: 0px !important;\n}\n\n.tmpl_hh_wrapper .b-vacancy-desc-wrapper {\n    margin-top: 0px !important;    \n}\n\n.tmpl_hh_wrapper .b-vacancy-desc {\n    overflow: visible !important;\n    line-height: inherit;\n}\n\n.tmpl_hh_content ol li b,\n.tmpl_hh_content ol li strong,\n.tmpl_hh_content ol li p b,\n.tmpl_hh_content ol li p strong,\n.tmpl_hh_content ul li b,\n.tmpl_hh_content ul li strong,\n.tmpl_hh_content ul li p b,\n.tmpl_hh_content ul li p strong {\n    font-weight: normal;\n    font-size: inherit !important;\n    color: inherit !important;\n    margin: 0 !important;\n    text-transform: none;\n    line-height: inherit;\n}\n\n.tmpl_hh_content ol li p,\n.tmpl_hh_content ul li p {\n    font-weight: normal;\n    margin: 0;\n}\n\n.tmpl_hh_content p b,\n.tmpl_hh_content p strong {\n    display: inline;\n    margin: 0 0 0;\n}\n\n.tmpl_hh_wrapper {\n    width: 100%;\n    margin: 0 auto;\n    max-width: 690px;\n    position: relative;\n    word-break: normal;\n    color: #000000;\n    overflow: hidden;\n    font-family: 'Arial';\n    font-size: 16px;\n    line-height: 24px;\n}\n\n.tmpl_hh_wrapper img {\n    width: 100%;\n    display: block;\n}\n\n.tmpl_hh_content {\n    padding: 57px 40px 77px;\n    position: relative;\n    z-index: 1;\n}\n\n.tmpl_hh_content p:first-child,\n.tmpl_hh_content>strong:first-child,\n.tmpl_hh_content div>strong:first-child {\n    margin-top: 0 !important;\n}\n\n.tmpl_hh_content p,\n.tmpl_hh_content b,\n.tmpl_hh_content strong {\n   margin: 52px 0 19px;\n}\n\n.tmpl_hh_content b, \n.tmpl_hh_content strong {\n    display: inline-block;\n    font-weight: bold;\n    font-size: 18px;\n    line-height: 18px;\n}\n\n.tmpl_hh_content ol, \n.tmpl_hh_content ul {\n    margin-left: 17px;\n    list-style: none !important;\n}\n\n.tmpl_hh_content ol {\n    counter-reset: list_counter;\n}\n\n.tmpl_hh_content li {\n    position: relative;\n    font-size: 14px;\n    line-height: 22px;\n    margin-bottom: 8px;\n}\n\n.tmpl_hh_content ul ul,\n.tmpl_hh_content ul ol,\n.tmpl_hh_content ol ol,\n.tmpl_hh_content ol ul {\n    margin-top: 8px;\n}\n\n.tmpl_hh_content ol>li {\n    counter-increment: list_counter;    \n}\n\n.tmpl_hh_content li:before {\n    position: absolute;\n    left: -17px;\n    top: 0;\n}\n\n.tmpl_hh_content ul>li:before {\n    content: \"\";\n    border-radius: 50%;\n    background-color: rgb(0, 102, 229);\n    top: 7px;\n    width: 8px;\n    height: 8px;\n}\n\n.tmpl_hh_content ol>li:before {\n    content: counter(list_counter)'.';\n    left: auto;\n    right: 100%;\n    margin-right: 2px;\n}\n\n.tmpl_hh_flex {\n    display: -webkit-box;\n    display: -ms-flexbox;\n    display: flex;\n    -webkit-box-pack: justify;\n    -ms-flex-pack: justify;\n    justify-content: space-between;\n    -ms-flex-wrap: wrap;\n    flex-wrap: wrap;\n}\n\n.tmpl_hh_header {\n    position: relative;\n}\n\n@media screen and (max-width: 699px) {\n    .tmpl_hh_content ul>li:before {\n        content: \"\\2022\";\n        color: rgb(0, 102, 229);\n        top: 0;\n        width: 0;\n        height: 0;\n    }\n\n    .tmpl_hh_content {\n        padding: 35px 4% 35px;\n    }\n}\n\n\n</style>\n\n\n<div class=\"tmpl_hh_wrapper\">\n    <div class=\"tmpl_hh_header\">\n       <img src=\"https://hhcdn.ru/ichameleon/166021.jpg\" alt=\"\">\n    </div>\n    <div class=\"tmpl_hh_content\">\n       <p>Ищем ключевых игроков для новой in-house команды разработки технологической платформы AXIOMA.</p> <p>AXIOMA - это платформа, обеспечивающая FX, депозитный бизнес, а также проектное финансирование застройщиков (с использованием механизма эскроу-счетов) для корпоративно-инвестиционного подразделения банка. AXIOMA обеспечивает ценообразование, жизненный цикл сделок, расчет финансового результата и управленческую отчетность. Дополнительно, в части FX, AXIOMA обеспечивает электронную торговлю, управление внутридневной позицией. У нас большие и амбициозные планы по развитию платформы и созданию новых продуктов для чего мы создаем несколько новых команд.</p> <p><strong>Чем Вы будете заниматься:</strong></p> <ul> <li>Отвечать за разработку технологической платформы AXIOMA;</li> <li>Обеспечивать полный цикл разработки – от анализа требований и проектирования до внедрения;</li> <li>Работать в тесном сотрудничестве со командами разработки бизнес-продуктов, бизнес-аналитиками и владельцем продукта.</li> </ul> <p><strong>От Вас потребуется:</strong></p> <ul> <li>Опыт промышленной командной разработки (от 3 лет);</li> <li>Опыт разработки на .Net Framework 4.5-4.7 (или .Net Core 2+);</li> <li>Опыт использования Entity Framework 6+;</li> <li>Опыт работы с MS Sql Server 2012+;</li> <li>Отличные аналитические навыки;</li> <li>Опыт проектирования масштабируемых, отказоустойчивых решений;</li> <li>Отличное понимание принципов ООП;</li> <li>Понимание многоуровневой архитектуры, принципов SOA.</li> </ul> <p><strong>Будет здорово, если:</strong></p> <ul> <li>У Вас есть опыт разработки в финансовой отрасли, инвестиционном бизнесе;</li> <li>Имеете опыт работы по гибким методологиям разработки (SCRUM/Agile);</li> <li>У Вас есть опыт работы с любыми MQ системами;</li> <li>У Вас есть опыт использования CI/CD практик.</li> </ul> <p><strong>Мы предлагаем:</strong></p> <ul> <li>Возможность присоединиться к очень молодой и быстрорастущей команде in-house разработки одного из крупнейших банкой России;</li> <li>Амбициозные интересные проекты;</li> <li>Достойный уровень дохода + премии;</li> <li>Добровольное медицинское страхование.</li> </ul></div>\n</div>\n\n","vacancy_constructor_template":null,"key_skills":[{"name":"MS SQL Server"},{"name":"C#"},{"name":".NET Framework"},{"name":"SQL"},{"name":"Бизнес-анализ"}],"accept_handicapped":false,"accept_kids":false,"archived":false,"response_url":null,"specializations":[{"id":"1.395","name":"Банковское ПО","profarea_id":"1","profarea_name":"Информационные технологии, интернет, телеком"},{"id":"1.221","name":"Программирование, Разработка","profarea_id":"1","profarea_name":"Информационные технологии, интернет, телеком"},{"id":"5.79","name":"Инвестиционная компания","profarea_id":"5","profarea_name":"Банки, инвестиции, лизинг"},{"id":"5.4","name":"Forex","profarea_id":"5","profarea_name":"Банки, инвестиции, лизинг"},{"id":"5.23","name":"Акции, Ценные бумаги","profarea_id":"5","profarea_name":"Банки, инвестиции, лизинг"}],"code":null,"hidden":false,"quick_responses_allowed":false,"driver_license_types":[],"accept_incomplete_resumes":false,"employer":{"id":"4649269","name":"Иннотех, Группа компаний","url":"https://api.hh.ru/employers/4649269?host=hh.ru","alternate_url":"https://hh.ru/employer/4649269","logo_urls":{"90":"https://hhcdn.ru/employer-logo/3621227.png","240":"https://hhcdn.ru/employer-logo/3621228.png","original":"https://hhcdn.ru/employer-logo-original/795085.png"},"vacancies_url":"https://api.hh.ru/vacancies?employer_id=4649269&host=hh.ru","trusted":true},"published_at":"2021-05-22T14:24:45+0300","created_at":"2021-05-22T14:24:45+0300","negotiations_url":null,"suitable_resumes_url":null,"apply_alternate_url":"https://hh.ru/applicant/vacancy_response?vacancyId=42342452","has_test":false,"test":null,"alternate_url":"https://hh.ru/vacancy/42342452","working_days":[],"working_time_intervals":[],"working_time_modes":[],"accept_temporary":false}