{"id":"42391008","premium":false,"billing_type":{"id":"standard","name":"Стандарт"},"relations":[],"name":"Senior Java-разработчик (back-end)","insider_interview":null,"response_letter_required":false,"area":{"id":"1","name":"Москва","url":"https://api.hh.ru/areas/1?host=hh.ru"},"salary":null,"type":{"id":"open","name":"Открытая"},"address":null,"allow_messages":true,"site":{"id":"hh","name":"hh.ru"},"experience":{"id":"between3And6","name":"От 3 до 6 лет"},"schedule":{"id":"fullDay","name":"Полный день"},"employment":{"id":"full","name":"Полная занятость"},"department":null,"contacts":null,"description":"<strong>Обязанности:</strong> <ul> <li> <p>Проектирование и разработка высоконагруженных приложений на Java EE и Spring;</p> </li> <li> <p>Анализ и выбор наиболее оптимальных и надежных алгоритмов реализации технических решений в соответствии потребностями бизнеса и потребителей;</p> </li> <li> <p>Проектирование и реализация модулей программных решений в составе монолитной и микро сервисной архитектур;</p> </li> <li> <p>Разработка интеграционных решений на базе web-сервисной архитектуры;</p> </li> <li> <p>Написание UNIT-тестов: Junit;</p> </li> <li> <p>Коммуникации с внутренними и внешними командами разработки.</p> </li> </ul> <p><strong>Cтэк: </strong>java EE, spring, postgreSQL, kafka, Cassandra.</p> <p><strong>Инструменты:</strong> IntelliJ, Jira, Confluence, Git, Docker, Jenkins.</p> <strong>Требования:</strong> <ul> <li> <p>Высшее техническое образование;</p> </li> <li> <p>Опыт разработки приложений на заказ или разработки in-house продуктов на Java от 3х лет;</p> </li> <li> <p>Опыт проектирования и реализации многомодульных приложений и масштабируемых решений;</p> </li> <li> <p>Отличное знание ООП и опыт разработки на Java SE/EE от 3х лет;</p> </li> <li> <p>Опыт работы с ОС Linux;</p> </li> <li> <p>Опыт разработки интеграционных сервисов для стабильной передачи больших объемов данных с использованием REST/SOAP;</p> </li> <li> <p>Хорошие знания Databases и опыт разработки с использованием PostgreSQL и понимание принципов работы с NoSQL СУБД (cassandra);</p> </li> <li> <p>Способность работать в waterfall или agile-ориентированной команде разработки;</p> </li> <li> <p>Английский язык (на уровне чтения технической документации).</p> </li> </ul> <strong>Условия:</strong> <ul> <li> <p>Сложные и интересные задачи в области бизнес приложений и продуктов в сфере IoT для крупных заказчиков;</p> </li> <li> <p>100% удаленная работа на период пандемии COVID-19 (Офис в шаговой доступности от ст. м. Академическая);</p> </li> <li> <p>Высокий уровень заработной платы (обсуждается с успешными кандидатами);</p> </li> <li> <p>Социальный пакет (медицинская страховка, включая стоматологию, корпоративные скидки на фитнес, йога).</p> </li> </ul>","branded_description":null,"vacancy_constructor_template":null,"key_skills":[{"name":"Git"},{"name":"Java"},{"name":"JUnit"},{"name":"PostgreSQL"},{"name":"Atlassian Jira"},{"name":"Spring Framework"},{"name":"Kafka"},{"name":"Java EE"},{"name":"Java SE"}],"accept_handicapped":false,"accept_kids":false,"archived":false,"response_url":null,"specializations":[{"id":"1.221","name":"Программирование, Разработка","profarea_id":"1","profarea_name":"Информационные технологии, интернет, телеком"},{"id":"1.82","name":"Инженер","profarea_id":"1","profarea_name":"Информационные технологии, интернет, телеком"}],"code":null,"hidden":false,"quick_responses_allowed":false,"driver_license_types":[],"accept_incomplete_resumes":false,"employer":{"id":"115","name":"Ай-Теко (I-Teco)","url":"https://api.hh.ru/employers/115?host=hh.ru","alternate_url":"https://hh.ru/employer/115","logo_urls":{"90":"https://hhcdn.ru/employer-logo/2829535.jpeg","240":"https://hhcdn.ru/employer-logo/2829536.jpeg","original":"https://hhcdn.ru/employer-logo-original/597070.jpg"},"vacancies_url":"https://api.hh.ru/vacancies?employer_id=115&host=hh.ru","trusted":true},"published_at":"2021-05-24T13:21:07+0300","created_at":"2021-05-24T13:21:07+0300","negotiations_url":null,"suitable_resumes_url":null,"apply_alternate_url":"https://hh.ru/applicant/vacancy_response?vacancyId=42391008","has_test":false,"test":null,"alternate_url":"https://hh.ru/vacancy/42391008","working_days":[],"working_time_intervals":[],"working_time_modes":[],"accept_temporary":false}