{"id":"42410722","premium":false,"billing_type":{"id":"standard","name":"Стандарт"},"relations":[],"name":"Senior Backend developer — Teachers","insider_interview":null,"response_letter_required":false,"area":{"id":"1","name":"Москва","url":"https://api.hh.ru/areas/1?host=hh.ru"},"salary":{"from":200000,"to":null,"currency":"RUR","gross":false},"type":{"id":"open","name":"Открытая"},"address":null,"allow_messages":true,"site":{"id":"hh","name":"hh.ru"},"experience":{"id":"moreThan6","name":"Более 6 лет"},"schedule":{"id":"remote","name":"Удаленная работа"},"employment":{"id":"full","name":"Полная занятость"},"department":null,"contacts":null,"description":"<p><strong>О команде.</strong> Мы в Skyeng меняем традиционное образование с помощью технологий. Сейчас в нашей IT-команде более 450 сотрудников, включая 150+ разработчиков. Наша разработка — это 37 независимых и быстрых продуктовых команд с опытными тимлидами и продактами. Наши продукты — это онлайн-платформа Vimbox, Android и iOS-приложения, словари, браузерные расширения, внутренние CRM и финансовые системы. Skyeng входит в топ 15 IT-компаний России.</p> <p><strong>Под капотом.</strong> Распределённая команда с четкими процессами, применяем смесь kanban и scrum: работаем на результат, в production выкатываем изменения по нескольку раз в день, регулярные стендапы, ретроспективы.</p> <p>Наши менеджеры не боятся слова «рефакторинг», для работы с техническим долгом выделяем время в спринте. Не боимся ошибаться, а если так происходит, то проводим post mortem, разбираем ошибки и работаем дальше.</p> <p>Используем современные инструменты коммуникации: Slack, Hangouts, Jira, Confluence, Notion, Github, Zeplin и другие.</p> <p><strong>О вакансии. </strong>Наша команда занимается разработкой системы Teachers Relations Management (TRM). Мы называем ее Tramway - это система для работы со всем жизненным циклом учителя.</p> <p>В Skyeng обучают преподавателей, матчат их со студентами по оптимальному времени занятий, интересам и другим параметрам. Преподаватели регулярно уходят в отпуск и так далее. А еще мы активно растем и надо регулярно находить новых педагогов - в частности, проводить с ними групповые собеседования.</p> <p>Все эти и другие кейсы покрывает TRM - здесь есть все данные о нынешних, потенциальных и бывших преподавателях, включая прогресс их учеников и общую оценка эффективности. Такие продукты тоже делает отдельная команда.</p> <p><strong>Что ты будешь делать:</strong></p> <p>Проектировать и разрабатывать функциональность новой версии системы Teachers Relations Management на базе PHP 7 (Symfony 4), JS (Angular 8, TypeScript), Doctrine, PostgreSQL, Elasticsearch, RabbitMQ, jBPM.</p> <p><strong>Как мы работаем:</strong></p> <ul> <li> <p>Не делаем задачи &quot;чтобы было&quot;, у любой таски на доске есть ценность и менеджер всегда может ее обосновать;</p> </li> <li> <p>Дружим с тестированием и не катим задачи в пятницу вечером;</p> </li> <li> <p>У нас ежедневные получасовые созвоны, на которых рассказываем о задачах и планах;</p> </li> <li> <p>Техревью, во время которых разбираем новые задачи, договариваемся о способах реализации, пишем техпланы;</p> </li> <li> <p>Еженедельные встречи, где обсуждаем новости Skyeng, новые идеи (часто) или проблемы (редко).</p> </li> </ul> <p><strong>Какие технические требования:</strong></p> <ul> <li> <p>PHP не менее 5 лет;</p> </li> <li> <p>Опыт с Symfony обязателен;</p> </li> <li> <p>Понимание и использование принципов OOП;</p> </li> <li> <p>Планирование решений до написания кода, построение архитектуры;</p> </li> <li> <p>Плюсом будет опыт разработки проектов под существенную нагрузку.</p> </li> </ul> <p><strong>Какие навыки помогут работать с нами:</strong></p> <ul> <li> <p>Умение писать код, который легко поддерживать, чётко называть классы и методы;</p> </li> <li> <p>Умение оценивать сроки, вовремя сигнализировать о проблеме;</p> </li> <li> <p>Умение прислушиваться к чужому мнению, искать компромиссы;</p> </li> <li> <p>Результативность и умение довести задачи до конца;</p> </li> <li> <p>Понимание силы процессов: зачем логировать время, переставлять статусы, готовиться к встречам.</p> </li> </ul> <p><strong>Пара причин работать с нами:</strong></p> <ul> <li> <p>Меняем образование — это важная цель в глобальном масштабе, делать социально-важное нереально круто, попробуй!</p> </li> <li> <p>Учимся сами: регулярные доклады разработчиков внутри компании, участие и выступления на конференциях;</p> </li> <li> <p>Недавно мы провели первый хакатон и не собираемся останавливаться;</p> </li> <li> <p>Скидка 50% на уроки английского каждому сотруднику и вашему другу;</p> </li> <li> <p>Оплачиваемые отпуск и больничный;</p> </li> <li> <p>Стабильная заработная плата два раза в месяц;</p> </li> <li> <p>Работа в большой и амбициозной IT-компании с процессами, но без бюрократии;</p> </li> <li> <p>Можно расти вместе со школой. Skyeng растет в 3 раза каждый год, сотрудники растут быстрее;</p> </li> <li> <p>Можно работать удаленно из любой точки мира, а также из нашего уютного офиса в Москве (м. Таганская). Выбор за тобой.</p> </li> </ul>","branded_description":null,"vacancy_constructor_template":null,"key_skills":[{"name":"Symfony"},{"name":"ООП"},{"name":"PHP"}],"accept_handicapped":false,"accept_kids":false,"archived":false,"response_url":null,"specializations":[{"id":"1.221","name":"Программирование, Разработка","profarea_id":"1","profarea_name":"Информационные технологии, интернет, телеком"}],"code":null,"hidden":false,"quick_responses_allowed":false,"driver_license_types":[],"accept_incomplete_resumes":false,"employer":{"id":"1122462","name":"Skyeng","url":"https://api.hh.ru/employers/1122462?host=hh.ru","alternate_url":"https://hh.ru/employer/1122462","logo_urls":{"240":"https://hhcdn.ru/employer-logo/3420386.png","90":"https://hhcdn.ru/employer-logo/3420385.png","original":"https://hhcdn.ru/employer-logo-original/744856.png"},"vacancies_url":"https://api.hh.ru/vacancies?employer_id=1122462&host=hh.ru","trusted":true},"published_at":"2021-06-07T16:02:12+0300","created_at":"2021-06-07T16:02:12+0300","negotiations_url":null,"suitable_resumes_url":null,"apply_alternate_url":"https://hh.ru/applicant/vacancy_response?vacancyId=42410722","has_test":false,"test":null,"alternate_url":"https://hh.ru/vacancy/42410722","working_days":[],"working_time_intervals":[],"working_time_modes":[],"accept_temporary":false}