{"id":"42577490","premium":false,"billing_type":{"id":"standard","name":"Стандарт"},"relations":[],"name":"Senior backend developer С++","insider_interview":null,"response_letter_required":false,"area":{"id":"1","name":"Москва","url":"https://api.hh.ru/areas/1?host=hh.ru"},"salary":null,"type":{"id":"open","name":"Открытая"},"address":{"city":"Москва","street":"Тимирязевская улица","building":"1","description":null,"lat":55.807749,"lng":37.570132,"raw":"Москва, Тимирязевская улица, 1","metro":{"station_name":"Дмитровская","line_name":"Серпуховско-Тимирязевская","station_id":"9.35","line_id":"9","lat":55.808056,"lng":37.581734},"metro_stations":[{"station_name":"Дмитровская","line_name":"Серпуховско-Тимирязевская","station_id":"9.35","line_id":"9","lat":55.808056,"lng":37.581734}]},"allow_messages":true,"site":{"id":"hh","name":"hh.ru"},"experience":{"id":"between3And6","name":"От 3 до 6 лет"},"schedule":{"id":"fullDay","name":"Полный день"},"employment":{"id":"full","name":"Полная занятость"},"department":null,"contacts":null,"description":"<p><strong>Требования:</strong></p> <ul> <li>уверенные знания C++11/14/17 STL, Qt5.x, базовых алгоритмов;</li> <li>опыт работы от 3-х лет, наличие завершенных проектов;</li> <li>хорошее знание ООП;</li> <li>навыки в применении шаблонов проектирования;</li> <li>опыт разработки многопоточных приложений;</li> <li> <p>oпыт разработки многопоточных TCP/HTTP серверов;</p> </li> <li> <p>oпыт работы с PostgreSQL;</p> </li> <li>опыт разработки кроссплатформенных программ на C++ (среда Unix/Win);</li> <li>высшее техническое или математическое образование.</li> </ul> <p><strong>Плюсами будет:</strong></p> <ul> <li>опыт программирования на С#;</li> <li> <p>опыт работы с библиотекой Poco.</p> </li> </ul> <p><strong>Обязанности:</strong></p> <ul> <li>разработка программного комплекса модульной/плагинной архитектуры (модель клиент-сервер);</li> <li> <p>доработка многопоточного HTTPS сервера;</p> </li> <li> <p>написание сложных запросов в БД;</p> </li> <li>создание внешних API для работы с партнёрами;</li> <li>создание сложных моделей хранения данных;</li> <li>создание моделей представления данных.</li> </ul> <p><strong>Условия:</strong></p> <ul> <li>гибкий график работы;</li> <li>оформление с соблюдением Трудового кодекса Российской Федерации;</li> <li>место работы: район м. Дмитровская, современный комфортный офис в БЦ “Премьер” в 10 минутах ходьбы от станции метро и ж/д станции «Дмитровская».</li> </ul>","branded_description":null,"vacancy_constructor_template":null,"key_skills":[{"name":"C++"},{"name":"Qt"},{"name":"Poco"},{"name":"HTTPS"},{"name":"TCP/HTTP"},{"name":"STL"},{"name":"PostgreSQL"},{"name":"Unix"}],"accept_handicapped":false,"accept_kids":false,"archived":false,"response_url":null,"specializations":[{"id":"1.221","name":"Программирование, Разработка","profarea_id":"1","profarea_name":"Информационные технологии, интернет, телеком"}],"code":null,"hidden":false,"quick_responses_allowed":false,"driver_license_types":[],"accept_incomplete_resumes":false,"employer":{"id":"3435","name":"Топ Системы","url":"https://api.hh.ru/employers/3435?host=hh.ru","alternate_url":"https://hh.ru/employer/3435","logo_urls":{"original":"https://hhcdn.ru/employer-logo-original/700724.png","90":"https://hhcdn.ru/employer-logo/3244012.png","240":"https://hhcdn.ru/employer-logo/3244013.png"},"vacancies_url":"https://api.hh.ru/vacancies?employer_id=3435&host=hh.ru","trusted":true},"published_at":"2021-06-02T18:43:22+0300","created_at":"2021-06-02T18:43:22+0300","negotiations_url":null,"suitable_resumes_url":null,"apply_alternate_url":"https://hh.ru/applicant/vacancy_response?vacancyId=42577490","has_test":false,"test":null,"alternate_url":"https://hh.ru/vacancy/42577490","working_days":[],"working_time_intervals":[],"working_time_modes":[],"accept_temporary":false}