{"id":"42599274","premium":false,"billing_type":{"id":"standard_plus","name":"Стандарт плюс"},"relations":[],"name":"Старший разработчик бэкенда (С, GO)","insider_interview":null,"response_letter_required":false,"area":{"id":"1","name":"Москва","url":"https://api.hh.ru/areas/1?host=hh.ru"},"salary":null,"type":{"id":"open","name":"Открытая"},"address":{"city":null,"street":null,"building":null,"description":null,"lat":null,"lng":null,"raw":"Москва, Цветной бульвар, 2с1 БЦ Легенда Цветного","metro":null,"metro_stations":[]},"allow_messages":true,"site":{"id":"hh","name":"hh.ru"},"experience":{"id":"between3And6","name":"От 3 до 6 лет"},"schedule":{"id":"fullDay","name":"Полный день"},"employment":{"id":"full","name":"Полная занятость"},"department":null,"contacts":null,"description":"<p>Мы ищем опытного backend разработчика в команду C-team департамента “Платформа”. Данный департамент занимается инфраструктурными проектами, является “бекендом” для “бекенда”.</p> <p> </p> <p><strong>ЧЕМ ПРЕДСТОИТ ЗАНИМАТЬСЯ:</strong></p> <ul> <li> <p>Создавать и поддерживать высоко нагруженные (сотни тысяч RPS и latency миллисекунды) и отказоустойчивые сервисы на C/C++/Go, которые используются из таких же сервисов на C/C++/Go/Kotlin или “монолита” на PHP. Большинство из сервисов инфраструктурные, но есть и частично продуктовые (например разного рода поиск). У нас внушительная нагрузка и дата центры в разных концах света.</p> </li> <li> <p>Поддерживать веб-сервер nginx, создавать и поддерживать расширения для него. Запросы к нашему сервису проходят через nginx и на нем мы делаем очень интересные вещи типа ресайза картинок налету.</p> </li> <li> <p>Создавать и развивать сервисную архитектуру в компании, основанную на kubernetes вместе с коллегами из других департаментов. Делать жизнь продуктовых разработчиков лучше. Мы еще в начале пути, но у нас огромные планы по расширению сервисной инфраструктуры в компании.</p> </li> <li> <p>Анализировать поведение больших живых систем, оптимизировать, создавать инструменты визуализации и предсказания проблем. Мы работаем с большими нагрузками и маленькая оптимизация может сэкономить десятки серверов или миллионы долларов.</p> </li> </ul> <p> </p> <p><strong>ЧТО НУЖНО ЗНАТЬ И УМЕТЬ:</strong></p> <ul> <li> <p>Опыт в разработке backend сервисов либо систем, которые связаны с современным web-ом.</p> </li> <li> <p>Желателен опыт разработки высоко нагруженных сетевых сервисов (C10K, лучше - С100K/C1M).</p> </li> <li> <p>Высокий уровень программирования на C или C++ (из этих двух языков большая часть кода на C).</p> </li> <li> <p>Плюсом будет опыт программирования на Go, но подойдет и сильное желание научиться.</p> </li> <li> <p>В дополнение к C/C++/Go иногда нужно будет попрограммировать на PHP/Kotlin. А поэтому опыт работы с этими языками или JVM приветствуется.</p> </li> <li> <p>Понимание работы ядра linux, сетевого стека, управления памятью.</p> </li> <li> <p>Знание unix shell, скриптовых языков (предпочтительно php или python).</p> </li> <li> <p>Опыт highload: понимание архитектуры, инструментов и инфраструктуры.</p> </li> <li> <p>Опыт проектирования и разработки масштабируемых приложений.</p> </li> <li> <p>Умение самостоятельно вести свой проект от проектирования до внедрения и поддержки.</p> </li> <li> <p>Ориентированность на результат, отличные коммуникативные способности, инициативность.</p> </li> <li> <p>Знание английского языка. Компания международная и общаться\\писать на английском языке нужно будет обязательно.</p> </li> </ul> <p> </p> <p><strong>МЫ ПРЕДЛАГАЕМ:</strong></p> <ul> <li>Конкурентную заработную плату;</li> <li>ДМС, включая стоматологию (в лучших клиниках Москвы), страхование жизни, полис выезжающего заграницу (для командировок и отпуска);</li> <li>Развитую бонусную систему (полугодовые, менеджерские и &quot;thank you&quot; бонусы);</li> <li>Занятия английским языком с преподавателем + языковая практика при общении с лондонским головным офисом;</li> <li>Оплату посещения профильных конференций как российских, так и международных;</li> <li>Оплату профильных курсов;</li> <li>Обеды в офисе;</li> <li>Пицца/пироги/суши каждую пятницу, вечера национальных кухонь;</li> <li>Оплату спортзала;</li> <li>Современную технику на выбор;</li> <li>Корпоративные мобильные устройства (телефоны или планшеты);</li> <li>Покупку профильной литературы;</li> <li>Два раза в неделю в офисе массаж;</li> <li>Мы рады за наших коллег, которые становятся родителями: +две недели оплачиваемого отпуска и 30 000 р. на первые погремушки:)</li> <li>Корпоративные мероприятия и тимбилдинги (картинг, пейнтбол, лазертег и др.);</li> <li>Современный офис в самом центре Москвы - м. Трубная (2 минуты пешком от метро);</li> <li>Помощь с переездом для кандидатов из других городов (оплата билетов, проживания в гостинице на время поиска жилья, sign in bonus).</li> </ul>","branded_description":"\n<style type=\"text/css\">\n.tmplt_hh {\n   width: 100%;\n    max-width: 690px;\n    \n    position: relative;\n    word-break: normal;\n    margin: 0 auto;\n    overflow: hidden;\n    font-family: Arial, sans-serif;\n    border-bottom: 79px solid #fafafa;\n}\n\n.tmplt_hh-clearfix:before,\n.tmplt_hh-clearfix:after {\n    content: \"\";\n    display: table;\n}\n\n.tmplt_hh-clearfix:after {\n    clear: both;\n}\n\n.tmplt_hh h1,\n.tmplt_hh h2,\n.tmplt_hh h3,\n.tmplt_hh h4,\n.tmplt_hh h5,\n.tmplt_hh h6,\n.tmplt_hh p,\n.tmplt_hh blockquote,\n.tmplt_hh pre,\n.tmplt_hh a,\n.tmplt_hh abbr,\n.tmplt_hh acronym,\n.tmplt_hh address,\n.tmplt_hh big,\n.tmplt_hh cite,\n.tmplt_hh code,\n.tmplt_hh img,\n.tmplt_hh ol,\n.tmplt_hh ul,\n.tmplt_hh li,\n.tmplt_hh footer,\n.tmplt_hh header {\n    margin: 0;\n    padding: 0;\n    border: 0;\n    font-size: 100%;\n    font: inherit;\n    vertical-align: baseline;\n}\n\n.hht-vacancydescription {\n    padding: 0px;\n}\n\n.tmplt_hh .l-cell,\n.tmplt_hh .l-paddings {\n    padding: 0px;\n}\n\n.tmplt_hh .b-vacancy-desc-wrapper {\n    margin-top: 0px;\n}\n\n.tmplt_hh-content ol li b,\n.tmplt_hh-content ol li strong,\n.tmplt_hh-content ol li p b,\n.tmplt_hh-content ol li p strong,\n.tmplt_hh-content ul li b,\n.tmplt_hh-content ul li strong,\n.tmplt_hh-content ul li p b,\n.tmplt_hh-content ul li p strong {\n    font-weight: normal;\n    font-size: inherit!important;\n    color: inherit!important;\n    margin: 0!important;\n    display: inline!important;\n    text-transform: none;\n}\n\n.tmplt_hh-content ol li p,\n.tmplt_hh-content ul li p {\n    font-weight: normal!important;\n    margin: 0!important;\n}\n\n.tmplt_hh-content p b,\n.tmplt_hh-content p strong {\n    display: inline!important;\n    margin: 0!important;\n}\n\n\n/*.b-vacancy-desc {\n    overflow: visible;\n}*/\n\n.g-user-content ul ul {\n    list-style: none;\n}\n\n.tmplt_hh-header {\n    position: relative;\n}\n\nimg.tmplt_hh-header-fon {\n    width: 100%;\n    display: block;\n}\n\nimg.tmplt_hh-logo {\n    width: 43%;\n    display: block;\n    position: absolute;\n    top: 36%;\n    left: 0;\n    right: 10.2%;\n    margin: 0 auto;\n}\n\n\n/* Styles content */\n\n.tmplt_hh-content {\n    padding: 31px 0 70px 0;\n    width: 87.3%;\n    max-width: 800px;\n    -webkit-box-sizing: border-box;\n    -moz-box-sizing: border-box;\n    box-sizing: border-box;\n    margin: 0 auto;\n    color: #646464;\n    font-size: 16px;\n    line-height: 20px;\n}\n\n.tmplt_hh-content p {\n    font-size: 16px;\n    line-height: 20px;\n    color: #646464;\n    margin: 32px 0 4px;\n}\n\n.tmplt_hh-content strong,\n.tmplt_hh-content b {\n    display: inline-block;\n    font-size: 18px;\n    line-height: 20px;\n    color: #303030;\n    margin: 32px 0 4px;\n    text-transform: uppercase;\n}\n\n.tmplt_hh-content ul {\n    list-style: none;\n    margin-left: 27px;\n}\n\n.tmplt_hh-content ol {\n    list-style: decimal inside;\n}\n\n.tmplt_hh-content ol ol {\n    margin-left: 27px;\n}\n\n.tmplt_hh-content ol ul {\n    margin-left: 54px;\n}\n\n.tmplt_hh-content ul,\n.tmplt_hh-content ol {\n    margin-top: 16px;\n    margin-bottom: 16px;\n}\n\n.tmplt_hh-content ul li,\n.tmplt_hh-content ol li {\n    font-size: 16px;\n    line-height: 20px;\n    color: #646464;\n    position: relative;\n    margin-bottom: 8px;\n}\n\n.tmplt_hh-content ul>li:before {\n    content: '';\n    position: absolute;\n    top: 4px;\n    left: -23px;\n    display: block;\n    width: 14px;\n    height: 12px;\n    background: url(https://hhcdn.ru/ichameleon/126246.png) no-repeat;\n    background-size: 100% auto;\n}\n\n\n/* responsive */\n\n.tmplt_hh.tmplt_hh_900 {\n    border-bottom: 40px solid #fafafa;\n}\n\n.tmplt_hh.tmplt_hh_900 .tmplt_hh-content {\n    padding: 15px 0 54px 0;\n    font-size: 14px;\n    line-height: 18px;\n}\n\n.tmplt_hh.tmplt_hh_900 .tmplt_hh-content p {\n    font-size: 14px;\n    line-height: 18px;\n    margin: 30px 0 4px;\n}\n\n.tmplt_hh.tmplt_hh_900 .tmplt_hh-content strong,\n.tmplt_hh.tmplt_hh_900 .tmplt_hh-content b {\n    font-size: 16px;\n    line-height: 18px;\n    margin: 30px 0 4px;\n}\n\n.tmplt_hh.tmplt_hh_900 .tmplt_hh-content ul {\n    margin-left: 25px;\n}\n\n.tmplt_hh.tmplt_hh_900 .tmplt_hh-content ol ol {\n    margin-left: 25px;\n}\n\n.tmplt_hh.tmplt_hh_900 .tmplt_hh-content ol ul {\n    margin-left: 50px;\n}\n\n.tmplt_hh.tmplt_hh_900 .tmplt_hh-content ul,\n.tmplt_hh.tmplt_hh_900 .tmplt_hh-content ol {\n    margin-top: 12px;\n    margin-bottom: 12px;\n}\n\n.tmplt_hh.tmplt_hh_900 .tmplt_hh-content ul li,\n.tmplt_hh.tmplt_hh_900 .tmplt_hh-content ol li {\n    font-size: 14px;\n    line-height: 18px;\n    margin-bottom: 6px;\n}\n\n.tmplt_hh.tmplt_hh_900 .tmplt_hh-content ul>li:before {\n    left: -23px;\n    width: 12px;\n    height: 10px;\n    top: 5px;\n}\n\n.tmplt_hh-header__old {\n    position: absolute;\n    color: #fff;\n    top: 3%;\n    right: 3%;\n    font-size: 12px;\n}\n\n@media screen and (max-width: 699px) {\n   .tmplt_hh.tmplt_hh_900 .tmplt_hh-content {\n    padding: 7px 0 15px 0;\n    \n}\n}\n</style>\n \n \n \n    <div class=\"tmplt_hh tmplt_hh_900\">\n         <div class=\"tmplt_hh-header\">\n             <div class=\"tmplt_hh-header__old\">18+</div>\n              <img src=\"https://hhcdn.ru/ichameleon/157098.png\" alt=\"\" class=\"tmplt_hh-header-fon\">\n         </div>\n        <div class=\"tmplt_hh-content\">\n            <p>Мы ищем опытного backend разработчика в команду C-team департамента “Платформа”. Данный департамент занимается инфраструктурными проектами, является “бекендом” для “бекенда”.</p> <p> </p> <p><strong>ЧЕМ ПРЕДСТОИТ ЗАНИМАТЬСЯ:</strong></p> <ul> <li> <p>Создавать и поддерживать высоко нагруженные (сотни тысяч RPS и latency миллисекунды) и отказоустойчивые сервисы на C/C++/Go, которые используются из таких же сервисов на C/C++/Go/Kotlin или “монолита” на PHP. Большинство из сервисов инфраструктурные, но есть и частично продуктовые (например разного рода поиск). У нас внушительная нагрузка и дата центры в разных концах света.</p> </li> <li> <p>Поддерживать веб-сервер nginx, создавать и поддерживать расширения для него. Запросы к нашему сервису проходят через nginx и на нем мы делаем очень интересные вещи типа ресайза картинок налету.</p> </li> <li> <p>Создавать и развивать сервисную архитектуру в компании, основанную на kubernetes вместе с коллегами из других департаментов. Делать жизнь продуктовых разработчиков лучше. Мы еще в начале пути, но у нас огромные планы по расширению сервисной инфраструктуры в компании.</p> </li> <li> <p>Анализировать поведение больших живых систем, оптимизировать, создавать инструменты визуализации и предсказания проблем. Мы работаем с большими нагрузками и маленькая оптимизация может сэкономить десятки серверов или миллионы долларов.</p> </li> </ul> <p> </p> <p><strong>ЧТО НУЖНО ЗНАТЬ И УМЕТЬ:</strong></p> <ul> <li> <p>Опыт в разработке backend сервисов либо систем, которые связаны с современным web-ом.</p> </li> <li> <p>Желателен опыт разработки высоко нагруженных сетевых сервисов (C10K, лучше - С100K/C1M).</p> </li> <li> <p>Высокий уровень программирования на C или C++ (из этих двух языков большая часть кода на C).</p> </li> <li> <p>Плюсом будет опыт программирования на Go, но подойдет и сильное желание научиться.</p> </li> <li> <p>В дополнение к C/C++/Go иногда нужно будет попрограммировать на PHP/Kotlin. А поэтому опыт работы с этими языками или JVM приветствуется.</p> </li> <li> <p>Понимание работы ядра linux, сетевого стека, управления памятью.</p> </li> <li> <p>Знание unix shell, скриптовых языков (предпочтительно php или python).</p> </li> <li> <p>Опыт highload: понимание архитектуры, инструментов и инфраструктуры.</p> </li> <li> <p>Опыт проектирования и разработки масштабируемых приложений.</p> </li> <li> <p>Умение самостоятельно вести свой проект от проектирования до внедрения и поддержки.</p> </li> <li> <p>Ориентированность на результат, отличные коммуникативные способности, инициативность.</p> </li> <li> <p>Знание английского языка. Компания международная и общаться\\писать на английском языке нужно будет обязательно.</p> </li> </ul> <p> </p> <p><strong>МЫ ПРЕДЛАГАЕМ:</strong></p> <ul> <li>Конкурентную заработную плату;</li> <li>ДМС, включая стоматологию (в лучших клиниках Москвы), страхование жизни, полис выезжающего заграницу (для командировок и отпуска);</li> <li>Развитую бонусную систему (полугодовые, менеджерские и \"thank you\" бонусы);</li> <li>Занятия английским языком с преподавателем + языковая практика при общении с лондонским головным офисом;</li> <li>Оплату посещения профильных конференций как российских, так и международных;</li> <li>Оплату профильных курсов;</li> <li>Обеды в офисе;</li> <li>Пицца/пироги/суши каждую пятницу, вечера национальных кухонь;</li> <li>Оплату спортзала;</li> <li>Современную технику на выбор;</li> <li>Корпоративные мобильные устройства (телефоны или планшеты);</li> <li>Покупку профильной литературы;</li> <li>Два раза в неделю в офисе массаж;</li> <li>Мы рады за наших коллег, которые становятся родителями: +две недели оплачиваемого отпуска и 30 000 р. на первые погремушки:)</li> <li>Корпоративные мероприятия и тимбилдинги (картинг, пейнтбол, лазертег и др.);</li> <li>Современный офис в самом центре Москвы - м. Трубная (2 минуты пешком от метро);</li> <li>Помощь с переездом для кандидатов из других городов (оплата билетов, проживания в гостинице на время поиска жилья, sign in bonus).</li> </ul></div>\n    </div>\n ","vacancy_constructor_template":null,"key_skills":[{"name":"Linux"},{"name":"MySQL"},{"name":"Unix"},{"name":"C"},{"name":"C++"},{"name":"GO"},{"name":"Kotlin"},{"name":"PHP"}],"accept_handicapped":false,"accept_kids":false,"archived":false,"response_url":null,"specializations":[{"id":"1.273","name":"Системный администратор","profarea_id":"1","profarea_name":"Информационные технологии, интернет, телеком"},{"id":"1.82","name":"Инженер","profarea_id":"1","profarea_name":"Информационные технологии, интернет, телеком"},{"id":"1.9","name":"Web инженер","profarea_id":"1","profarea_name":"Информационные технологии, интернет, телеком"},{"id":"1.89","name":"Интернет","profarea_id":"1","profarea_name":"Информационные технологии, интернет, телеком"},{"id":"1.10","name":"Web мастер","profarea_id":"1","profarea_name":"Информационные технологии, интернет, телеком"}],"code":null,"hidden":false,"quick_responses_allowed":false,"driver_license_types":[],"accept_incomplete_resumes":false,"employer":{"id":"746069","name":"Badoo","url":"https://api.hh.ru/employers/746069?host=hh.ru","alternate_url":"https://hh.ru/employer/746069","logo_urls":{"original":"https://hhcdn.ru/employer-logo-original/760431.png","90":"https://hhcdn.ru/employer-logo/3482681.png","240":"https://hhcdn.ru/employer-logo/3482682.png"},"vacancies_url":"https://api.hh.ru/vacancies?employer_id=746069&host=hh.ru","trusted":true},"published_at":"2021-06-11T10:56:29+0300","created_at":"2021-06-11T10:56:29+0300","negotiations_url":null,"suitable_resumes_url":null,"apply_alternate_url":"https://hh.ru/applicant/vacancy_response?vacancyId=42599274","has_test":false,"test":null,"alternate_url":"https://hh.ru/vacancy/42599274","working_days":[],"working_time_intervals":[],"working_time_modes":[],"accept_temporary":false}