{"id":"42751854","premium":false,"billing_type":{"id":"standard_plus","name":"Стандарт плюс"},"relations":[],"name":"Senior Backend Developer (Node.js)","insider_interview":null,"response_letter_required":false,"area":{"id":"1","name":"Москва","url":"https://api.hh.ru/areas/1?host=hh.ru"},"salary":{"from":null,"to":420000,"currency":"RUR","gross":false},"type":{"id":"open","name":"Открытая"},"address":null,"allow_messages":true,"site":{"id":"hh","name":"hh.ru"},"experience":{"id":"moreThan6","name":"Более 6 лет"},"schedule":{"id":"remote","name":"Удаленная работа"},"employment":{"id":"full","name":"Полная занятость"},"department":null,"contacts":null,"description":"<p>В нашу команду, работающую над высоконагруженным интерактивным медиа сервисом, требуется Senior Backend Developer (Node.js). Наша команда работает удаленно из разных городов и стран, на своем примере показывая, что небольшая команда может развивать и поддерживать масштабные проекты.</p> <p>Мы уделяем особое внимание качеству нашего кода и применяемым практикам. Документация, TDD, semantic versioning, статический анализ, CI/CD -- ключевые параметры успешной работы.</p> <p><br />Во внутренних процессах мы делаем ставку на командную работу: верим, что чуткое взаимодействие улучшает результаты работы, развивает профессиональные навыки и эмоциональный интеллект. Вежливо и непринужденно общаемся, этично и без предрассудков. Приветствуем инициативу, прислушиваемся к сотрудникам.<br /><br />Ищем Javascript/Node.JS разработчика, который умеет работать в команде и разделяет наши ценности.</p> <p>С каким стеком вы будете работать:</p> <ul> <li> <p>Бэкенд: Node.js</p> </li> <li> <p>Девопс: Terraform, Consul, Docker, Kubernetes, Chef</p> </li> <li> <p>Клауд платформы: Google, Amazon</p> </li> </ul> <p> </p> <p>Как мы пишем код:</p> <ul> <li> <p>Разрабатываем архитектурные решения, которые выдерживают нагрузку в 50000 запросов в секунду</p> </li> <li> <p>Активно изучаем и внедряем новые технологии</p> </li> <li> <p>Регулярно обновляем зависимости в проектах, совершенствуем архитектуру</p> </li> </ul> <p> </p> <p>Вы очень нужны нам, если вы:</p> <ul> <li> <p>Умеете работать в команде</p> </li> <li> <p>У вас хорошо получается осваивать новую информацию – вы можете изучить и применить новые технологии, архитектурные решения</p> </li> <li> <p>Решаете бизнес-задачи с использованием JS на сервере и понимаете как работает event-loop</p> </li> <li> <p>Имеете опыт проектирования систем</p> </li> <li> <p>Практикуете DevOps или будете рады этому научиться</p> </li> <li> <p>Владете английским на уровне чтения и написания документации</p> </li> </ul> <p> </p>","branded_description":null,"vacancy_constructor_template":null,"key_skills":[{"name":"JavaScript"},{"name":"Node.js"},{"name":"Linux"},{"name":"Работа в команде"},{"name":"Design Patterns"}],"accept_handicapped":false,"accept_kids":false,"archived":false,"response_url":null,"specializations":[{"id":"1.221","name":"Программирование, Разработка","profarea_id":"1","profarea_name":"Информационные технологии, интернет, телеком"}],"code":null,"hidden":false,"quick_responses_allowed":false,"driver_license_types":[],"accept_incomplete_resumes":false,"employer":{"id":"4680544","name":"StreamLayer Inc","url":"https://api.hh.ru/employers/4680544?host=hh.ru","alternate_url":"https://hh.ru/employer/4680544","logo_urls":{"240":"https://hhcdn.ru/employer-logo/3815568.png","90":"https://hhcdn.ru/employer-logo/3815567.png","original":"https://hhcdn.ru/employer-logo-original/843673.png"},"vacancies_url":"https://api.hh.ru/vacancies?employer_id=4680544&host=hh.ru","trusted":false},"published_at":"2021-06-13T12:01:08+0300","created_at":"2021-06-13T12:01:08+0300","negotiations_url":null,"suitable_resumes_url":null,"apply_alternate_url":"https://hh.ru/applicant/vacancy_response?vacancyId=42751854","has_test":false,"test":null,"alternate_url":"https://hh.ru/vacancy/42751854","working_days":[],"working_time_intervals":[],"working_time_modes":[],"accept_temporary":false}