{"id":"42826993","premium":false,"billing_type":{"id":"standard","name":"Стандарт"},"relations":[],"name":"Middle /Senior Back-end разработчик","insider_interview":null,"response_letter_required":false,"area":{"id":"1","name":"Москва","url":"https://api.hh.ru/areas/1?host=hh.ru"},"salary":null,"type":{"id":"open","name":"Открытая"},"address":{"city":"Москва","street":"Большой Саввинский переулок","building":"12с6","description":null,"lat":55.733239,"lng":37.563709,"raw":"Москва, Большой Саввинский переулок, 12с6","metro":{"station_name":"Киевская","line_name":"Филевская","station_id":"4.48","line_id":"4","lat":55.743168,"lng":37.565425},"metro_stations":[{"station_name":"Киевская","line_name":"Филевская","station_id":"4.48","line_id":"4","lat":55.743168,"lng":37.565425},{"station_name":"Спортивная","line_name":"Сокольническая","station_id":"1.135","line_id":"1","lat":55.722388,"lng":37.562041}]},"allow_messages":true,"site":{"id":"hh","name":"hh.ru"},"experience":{"id":"between1And3","name":"От 1 года до 3 лет"},"schedule":{"id":"fullDay","name":"Полный день"},"employment":{"id":"full","name":"Полная занятость"},"department":null,"contacts":null,"description":"<p>Наша компания входит в <strong>ЭКОСИСТЕМУ СБЕРА.</strong></p> <p>Мы команда по разработке digital продуктов для нашего бизнеса.</p> <p>Мы создаем и развиваем продукты для предпринимателей: веб-интерфейсы для удобной работы клиента с нашими специалистами по бухгалтерии, облачные сервисы и другие решения, которые делают жизнь бизнеса проще.</p> <p>Наши продукты помогают предпринимателям не думать о бухгалтерии, отчетности, кадровых документах, общении с государственными органами, делопроизводстве и всем прочем, что не относится непосредственно к их бизнесу.</p> <p>У нас нет легаси-продуктов, но есть амбициозные задачи по запуску новых цифровых продуктов.</p> <p>В настоящий момент у нас открыта вакансия – <strong>Middle /Senior Back-end разработчик</strong></p> <p><strong>МЫ ПРЕДЛАГАЕМ:</strong></p> <ul> <li><strong>Сильная команда. Мы нацелены на общий результат, у нас принято поддерживать друг друга</strong></li> <li>Возможность развиваться. Мы даем людям проявить себя на сложных задачах и пробовать новое</li> <li>Простор для творчества. В наших командах все понимают общую цель и потребности пользователя</li> <li>Отдача от работы. Мы создаем и развиваем продукты для бизнеса, чтобы предприниматели могли сфокусироваться на том, что для них действительно важно</li> <li>ДМС, все действующие программы лояльности, скидки и специальные предложения для сотрудников группы Сбера</li> <li>Возможность участия в льготной ипотечной программе</li> <li>Скидки в фитнес клубы города</li> <li>Комфортные офисы (Большой Саввинский переулок, 12с6)</li> </ul> <p><strong>ИСПОЛЬЗУЕМЫЙ СТЕК ТЕХНОЛОГИЙ:</strong></p> <ul> <li>.NET Core, ASP.NET Core, Entity Framework Core (Code First only), SignalR;</li> <li>MS SQL, Fulltext Search, Filestream;</li> <li>RabbitMQ, Masstransit;</li> <li>Redis;</li> <li>Hangfire;</li> <li>Docker и Docker Compose;</li> <li>Сервисы для командной разработки Gitlab, Jira, Figma;</li> <li>Многослойная архитектура;</li> </ul> <p><strong>ВАМ НЕОБХОДИМО:</strong></p> <ul> <li>Иметь опыт коммерческой веб-разработки на C# от 3-х лет;</li> <li>Обладать опытом работы с SQL;</li> <li>Обладать опытом командной разработки с использованием git;</li> <li>Умение писать Unit тесты;</li> <li>Иметь опыт использования очередей (RabbitMQ, Kafka, etc.);</li> <li>Иметь опыт работы с Redis;</li> <li>Знать, что такое SOLID и уметь применять это на практике;</li> </ul> <p><strong>БУДЕТ ПЛЮСОМ:</strong></p> <ul> <li>Опыт проектирования и разработки приложений с микросервисной архитектурой;</li> <li>Опыт использования полнотекстового поиска (MS SQL, ElasticSearch);</li> <li>Опыт реализации высоконагруженных сервисов;</li> </ul> <strong>Условия:</strong> <ul> <li>Трудоустройство по ТК РФ;</li> <li>5-дневная рабочая неделя (возможен гибридный график);</li> <li>Удобный режим работы;</li> <li>Премирование;</li> <li>Уровень заработной платы обсуждается индивидуально с успешным кандидатом.</li> </ul>","branded_description":"\n<style>\n.tmpl_hh_wrapper p,\n.tmpl_hh_wrapper a,\n.tmpl_hh_wrapper img,\n.tmpl_hh_wrapper ol,\n.tmpl_hh_wrapper ul,\n.tmpl_hh_wrapper li {\n    margin: 0;\n    padding: 0;\n    border: 0;\n    font-size: 100%;\n    font: inherit;\n    vertical-align: baseline;\n}\n\n.tmpl_hh_wrapper img {\n    display: block;\n    width: 100%;\n}\n\n.hht-vacancydescription {\n    padding: 0px;\n}\n\n.tmpl_hh_wrapper .l-cell,\n.tmpl_hh_wrapper .l-paddings {\n    padding: 0px !important;\n}\n\n.tmpl_hh_wrapper .b-vacancy-desc-wrapper {\n    margin-top: 0px !important;\n}\n\n.tmpl_hh_wrapper .b-vacancy-desc {\n    overflow: visible !important;\n    line-height: inherit;\n}\n\n.tmpl_hh_content ol li b,\n.tmpl_hh_content ol li strong,\n.tmpl_hh_content ol li p b,\n.tmpl_hh_content ol li p strong,\n.tmpl_hh_content ul li b,\n.tmpl_hh_content ul li strong,\n.tmpl_hh_content ul li p b,\n.tmpl_hh_content ul li p strong {\n    font-weight: normal;\n    font-size: inherit !important;\n    color: inherit !important;\n    margin: 0 !important;\n    text-transform: none;\n}\n\n.tmpl_hh_content ol li p,\n.tmpl_hh_content ul li p {\n    font-weight: normal;\n    margin: 0;\n}\n\n.tmpl_hh_content p b,\n.tmpl_hh_content p strong {\n    display: inline;\n    margin: 0;\n}\n\n.tmpl_hh_wrapper {\n    width: 100%;\n    margin: 0 auto;\n    max-width: 690px;\n    position: relative;\n    word-break: normal;\n    font-family: 'Arial';\n    color: #000;\n    font-size: 14px;\n    line-height: 16px;\n    letter-spacing: 0.1px;\n    word-spacing: -0.2px;\n}\n\n.tmpl_hh_header {\n    padding: 7.7% 0;\n}\n\nimg.tmpl_hh_header__logo {\n    width: 58%;\n    margin: 0 auto;\n}\n\n.tmpl_hh_content {\n    padding: 3.3% 5.5% 7.1% 5.6%;\n}\n\n.tmpl_hh_content p:first-child,\n.tmpl_hh_content>strong:first-child,\n.tmpl_hh_content div>strong:first-child {\n    margin-top: 0 !important;\n}\n\n.tmpl_hh_content p,\n.tmpl_hh_content b,\n.tmpl_hh_content strong {\n    margin: 19px 0 8px;\n}\n\n.tmpl_hh_content b,\n.tmpl_hh_content strong {\n    display: inline-block;\n    font-weight: bold;\n    font-size: 16px;\n    line-height: 18px;\n    text-transform: uppercase;\n    color: #00a432;\n}\n\n.tmpl_hh_content ol,\n.tmpl_hh_content ul {\n    margin-left: 26px;\n    list-style: none !important;\n}\n\n.tmpl_hh_content ol {\n    counter-reset: list_counter;\n}\n\n.tmpl_hh_content  li {\n    position: relative;\n    margin-bottom: 8px;\n}\n\n.tmpl_hh_content ul ul,\n.tmpl_hh_content ul ol,\n.tmpl_hh_content ol ol,\n.tmpl_hh_content ol ul {\n    margin-top: 8px;\n    margin-bottom: 8px;\n}\n\n.tmpl_hh_content ol>li {\n    counter-increment: list_counter;\n}\n\n.tmpl_hh_content li:before {\n    content: '';\n    position: absolute;\n    left: -26px;\n    top: 0;\n}\n\n.tmpl_hh_content ul>li:before {\n    content: '—';\n    color: #cecece;\n}\n\n.tmpl_hh_content ol>li:before {\n    content: counter(list_counter)'.';\n}\n\n@media screen and (max-width: 699px) {\n    \n    .tmpl_hh_header {\n        padding: 5.7% auto;\n}\n\n    img.tmpl_hh_header__logo {\n        width: 81%;\n        margin: 0 auto;\n    }\n\n    .tmpl_hh_content {\n        padding: 6.3% 4.5% 7.1% 0.6%;\n    }\n\n    .tmpl_hh_content p,\n    .tmpl_hh_content b,\n    .tmpl_hh_content strong {\n    }\n\n    .tmpl_hh_content b,\n    .tmpl_hh_content strong {\n    }\n\n    .tmpl_hh_content ul,\n    .tmpl_hh_content ol {\n    }\n\n    .tmpl_hh_content li {\n    }\n\n    .tmpl_hh_content ul ul,\n    .tmpl_hh_content ul ol,\n    .tmpl_hh_content ol ol,\n    .tmpl_hh_content ol ul {\n    }\n\n    .tmpl_hh_content li:before {\n    }\n}\n</style>\n\n<script>\n//\ndocument.addEventListener('DOMContentLoaded', function () {});\n//\n</script>\n\n\n<div class=\"tmpl_hh_wrapper\">\n    <div class=\"tmpl_hh_header\">\n        <img class=\"tmpl_hh_header__logo\" src=\"https://hhcdn.ru/ichameleon/124681.png\" alt=\"\">\n    </div>\n\n    <div class=\"tmpl_hh_content\">\n        <p>Наша компания входит в <strong>ЭКОСИСТЕМУ СБЕРА.</strong></p> <p>Мы команда по разработке digital продуктов для нашего бизнеса.</p> <p>Мы создаем и развиваем продукты для предпринимателей: веб-интерфейсы для удобной работы клиента с нашими специалистами по бухгалтерии, облачные сервисы и другие решения, которые делают жизнь бизнеса проще.</p> <p>Наши продукты помогают предпринимателям не думать о бухгалтерии, отчетности, кадровых документах, общении с государственными органами, делопроизводстве и всем прочем, что не относится непосредственно к их бизнесу.</p> <p>У нас нет легаси-продуктов, но есть амбициозные задачи по запуску новых цифровых продуктов.</p> <p>В настоящий момент у нас открыта вакансия – <strong>Middle /Senior Back-end разработчик</strong></p> <p><strong>МЫ ПРЕДЛАГАЕМ:</strong></p> <ul> <li><strong>Сильная команда. Мы нацелены на общий результат, у нас принято поддерживать друг друга</strong></li> <li>Возможность развиваться. Мы даем людям проявить себя на сложных задачах и пробовать новое</li> <li>Простор для творчества. В наших командах все понимают общую цель и потребности пользователя</li> <li>Отдача от работы. Мы создаем и развиваем продукты для бизнеса, чтобы предприниматели могли сфокусироваться на том, что для них действительно важно</li> <li>ДМС, все действующие программы лояльности, скидки и специальные предложения для сотрудников группы Сбера</li> <li>Возможность участия в льготной ипотечной программе</li> <li>Скидки в фитнес клубы города</li> <li>Комфортные офисы (Большой Саввинский переулок, 12с6)</li> </ul> <p><strong>ИСПОЛЬЗУЕМЫЙ СТЕК ТЕХНОЛОГИЙ:</strong></p> <ul> <li>.NET Core, ASP.NET Core, Entity Framework Core (Code First only), SignalR;</li> <li>MS SQL, Fulltext Search, Filestream;</li> <li>RabbitMQ, Masstransit;</li> <li>Redis;</li> <li>Hangfire;</li> <li>Docker и Docker Compose;</li> <li>Сервисы для командной разработки Gitlab, Jira, Figma;</li> <li>Многослойная архитектура;</li> </ul> <p><strong>ВАМ НЕОБХОДИМО:</strong></p> <ul> <li>Иметь опыт коммерческой веб-разработки на C# от 3-х лет;</li> <li>Обладать опытом работы с SQL;</li> <li>Обладать опытом командной разработки с использованием git;</li> <li>Умение писать Unit тесты;</li> <li>Иметь опыт использования очередей (RabbitMQ, Kafka, etc.);</li> <li>Иметь опыт работы с Redis;</li> <li>Знать, что такое SOLID и уметь применять это на практике;</li> </ul> <p><strong>БУДЕТ ПЛЮСОМ:</strong></p> <ul> <li>Опыт проектирования и разработки приложений с микросервисной архитектурой;</li> <li>Опыт использования полнотекстового поиска (MS SQL, ElasticSearch);</li> <li>Опыт реализации высоконагруженных сервисов;</li> </ul> <strong>Условия:</strong> <ul> <li>Трудоустройство по ТК РФ;</li> <li>5-дневная рабочая неделя (возможен гибридный график);</li> <li>Удобный режим работы;</li> <li>Премирование;</li> <li>Уровень заработной платы обсуждается индивидуально с успешным кандидатом.</li> </ul></div>\n    <div class=\"tmpl_hh_footer\">\n        <img src=\"https://hhcdn.ru/ichameleon/124682.jpg\" alt=\"\" class=\"tmpl_hh_footer__image\">\n    </div>\n\n</div>\n\n","vacancy_constructor_template":null,"key_skills":[],"accept_handicapped":false,"accept_kids":false,"archived":false,"response_url":null,"specializations":[{"id":"1.221","name":"Программирование, Разработка","profarea_id":"1","profarea_name":"Информационные технологии, интернет, телеком"}],"code":null,"hidden":false,"quick_responses_allowed":false,"driver_license_types":[],"accept_incomplete_resumes":false,"employer":{"id":"2798","name":"СберРешения","url":"https://api.hh.ru/employers/2798?host=hh.ru","alternate_url":"https://hh.ru/employer/2798","logo_urls":{"original":"https://hhcdn.ru/employer-logo-original/780630.png","240":"https://hhcdn.ru/employer-logo/3563412.png","90":"https://hhcdn.ru/employer-logo/3563411.png"},"vacancies_url":"https://api.hh.ru/vacancies?employer_id=2798&host=hh.ru","trusted":true},"published_at":"2021-05-31T17:15:07+0300","created_at":"2021-05-31T17:15:07+0300","negotiations_url":null,"suitable_resumes_url":null,"apply_alternate_url":"https://hh.ru/applicant/vacancy_response?vacancyId=42826993","has_test":false,"test":null,"alternate_url":"https://hh.ru/vacancy/42826993","working_days":[],"working_time_intervals":[],"working_time_modes":[],"accept_temporary":false}