{"id":"42883027","premium":false,"billing_type":{"id":"standard","name":"Стандарт"},"relations":[],"name":"Senior backend программист (Java / Kotlin)","insider_interview":null,"response_letter_required":false,"area":{"id":"1","name":"Москва","url":"https://api.hh.ru/areas/1?host=hh.ru"},"salary":null,"type":{"id":"open","name":"Открытая"},"address":{"city":"Москва","street":"микрорайон Северное Чертаново","building":"1Ак1","description":null,"lat":55.637327,"lng":37.597702,"raw":"Москва, микрорайон Северное Чертаново, 1Ак1","metro":{"station_name":"Чертановская","line_name":"Серпуховско-Тимирязевская","station_id":"9.156","line_id":"9","lat":55.640538,"lng":37.606065},"metro_stations":[{"station_name":"Чертановская","line_name":"Серпуховско-Тимирязевская","station_id":"9.156","line_id":"9","lat":55.640538,"lng":37.606065}]},"allow_messages":true,"site":{"id":"hh","name":"hh.ru"},"experience":{"id":"between3And6","name":"От 3 до 6 лет"},"schedule":{"id":"fullDay","name":"Полный день"},"employment":{"id":"full","name":"Полная занятость"},"department":null,"contacts":null,"description":"<p><strong>Чем ты будешь заниматься</strong></p> <p>Senior у нас это разработчик который влияет не только на код, но и на команду и продукт в целом. Это наставник для коллег, специалист который может рассказать как нужно делать, поделиться практиками. Продуктовик только рассказал о идее, а Senior уже придумал, уточнил и предложил какой-то вариант решения.</p> <p><strong>На практике это значит что ты будешь:</strong></p> <ul> <li>Работать по Scrum в команде из нескольких разработчиков, владельца продукта и скрам-мастера;</li> <li>Писать много кода, но также много обсуждать решения и новые подходы с другими специалистами в компании;</li> <li>Работать над задачами разной сложности самостоятельно и помогать членам твоей команды генерировать новые идеи;</li> <li>Писать тесты на свой код и учить товарищей по команде как писать тесты эффективно;</li> <li>Проводить много ревью кода, давать советы как можно улучшить код, сделать его проще, читабельнее или производительнее.</li> </ul> <p><strong>Как понять, что ты подходишь</strong></p> <p>Очень важно чтобы ты был готов работать в команде, коммуницировать, помогать.</p> <p>Конечно очень большим плюсом будет опыт работы со стеком, похожим на наш. Но мы также ценим и владение общими инженерными практиками. Поэтому если у тебя есть опыт в другом стеке, но ты хочешь научиться новому, то приходи на собеседование.</p> <p><strong>Наш стек:</strong></p> <ul> <li>Бэкенд - Kotlin, Java 11 (и немного 16), Spring и Spring Boot. Есть проекты на Node.JS;</li> <li>Фронтенд - Typescript/Javascript, React;</li> <li>Инфраструктура - Docker, Kubernetes, TeamCity, Consul, Hashicorp Vault;</li> <li>Базы данных - Oracle, PostgreSQL, Cassandra, MongoDB, Redis;</li> <li>Другое - Hazelcast, Kafka, Thrift.</li> </ul> <p><strong>Мы ждем что ты:</strong></p> <ul> <li>Способен разработать новую архитектуру, предлагать новое и аргументировать свои решения;</li> <li>Готов работать в команде, обсуждать задачи, делиться своими знаниями и опытом;</li> <li>Развит всесторонне, постоянно ищешь новые знания о новых технологиях и языках;</li> <li>Имеешь опыт работы с Java и Spring Boot, особенно круто если еще и с Kotlin;</li> <li>Имеешь большой опыт написания тестов, использовал разные подходы и библиотеки для тестирования;</li> <li>Понимаешь что такое многопоточность, знаешь подводные камни;</li> <li>Работал с системами CI/CD, можешь сделать какую-то нестандартную автоматизацию;</li> <li>Работал с реляционными базами данных, Oracle и PostgreSQL будут плюсом;</li> <li>Работал с нереляционными базами данных, понимаешь в чем их отличие от реляционных.</li> </ul> <p><strong>Мы предлагаем</strong></p> <ul> <li>Оформление по ТК РФ, &quot;белую” конкурентоспособную заработную плату, расширенный социальный пакет</li> <li>Уникальную атмосферу для продуктивной работы и развивающую среду, где можно найти единомышленников и научиться новому</li> <li>Команду экспертов, возможность самореализации, сложные и интересные задачи для тех, кто любит настоящие вызовы в работе</li> <li>Развитие – главный и постоянный тренд QIWI. Мы регулярно проводим внутреннее и внешнее обучение для прокачки профессиональных навыков</li> <li>Занятия английским языком в группах или индивидуально онлайн</li> <li>ДМС для наших сотрудников: в него входит большой перечень медицинских услуг, включая стоматологию.</li> <li>Уютный и современный офис, чтобы каждый человек чувствовал себя в QIWI, как дома</li> <li>Бесплатную крытую парковку для автомобилей и велосипедов</li> </ul> <div class=\"ms-editor-squiggler\" style=\"color: initial; font: initial; font-feature-settings: initial; font-kerning: initial; font-optical-sizing: initial; font-variation-settings: initial; forced-color-adjust: initial; text-orientation: initial; text-rendering: initial; -webkit-font-smoothing: initial; -webkit-locale: initial; -webkit-text-orientation: initial; -webkit-writing-mode: initial; writing-mode: initial; zoom: initial; place-content: initial; place-items: initial; place-self: initial; alignment-baseline: initial; animation: initial; appearance: initial; aspect-ratio: initial; backdrop-filter: initial; backface-visibility: initial; background: initial; background-blend-mode: initial; baseline-shift: initial; block-size: initial; border-block: initial; border: initial; border-radius: initial; border-collapse: initial; border-end-end-radius: initial; border-end-start-radius: initial; border-inline: initial; border-start-end-radius: initial; border-start-start-radius: initial; inset: initial; box-shadow: initial; box-sizing: initial; break-after: initial; break-before: initial; break-inside: initial; buffered-rendering: initial; caption-side: initial; caret-color: initial; clear: initial; clip: initial; clip-path: initial; clip-rule: initial; color-interpolation: initial; color-interpolation-filters: initial; color-rendering: initial; color-scheme: initial; columns: initial; column-fill: initial; gap: initial; column-rule: initial; column-span: initial; contain: initial; contain-intrinsic-size: initial; content: initial; content-visibility: initial; counter-increment: initial; counter-reset: initial; counter-set: initial; cursor: initial; cx: initial; cy: initial; d: initial; display: block; dominant-baseline: initial; empty-cells: initial; fill: initial; fill-opacity: initial; fill-rule: initial; filter: initial; flex: initial; flex-flow: initial; float: initial; flood-color: initial; flood-opacity: initial; grid: initial; grid-area: initial; height: 0px; hyphens: initial; image-orientation: initial; image-rendering: initial; inline-size: initial; inset-block: initial; inset-inline: initial; isolation: initial; letter-spacing: initial; lighting-color: initial; line-break: initial; list-style: initial; margin-block: initial; margin: initial; margin-inline: initial; marker: initial; mask: initial; mask-type: initial; max-block-size: initial; max-height: initial; max-inline-size: initial; max-width: initial; min-block-size: initial; min-height: initial; min-inline-size: initial; min-width: initial; mix-blend-mode: initial; object-fit: initial; object-position: initial; offset: initial; opacity: initial; order: initial; origin-trial-test-property: initial; orphans: initial; outline: initial; outline-offset: initial; overflow-anchor: initial; overflow-wrap: initial; overflow: initial; overscroll-behavior-block: initial; overscroll-behavior-inline: initial; overscroll-behavior: initial; padding-block: initial; padding: initial; padding-inline: initial; page: initial; page-orientation: initial; paint-order: initial; perspective: initial; perspective-origin: initial; pointer-events: initial; position: initial; quotes: initial; r: initial; resize: initial; rotate: initial; ruby-position: initial; rx: initial; ry: initial; scale: initial; scroll-behavior: initial; scroll-margin-block: initial; scroll-margin: initial; scroll-margin-inline: initial; scroll-padding-block: initial; scroll-padding: initial; scroll-padding-inline: initial; scroll-snap-align: initial; scroll-snap-stop: initial; scroll-snap-type: initial; shape-image-threshold: initial; shape-margin: initial; shape-outside: initial; shape-rendering: initial; size: initial; speak: initial; stop-color: initial; stop-opacity: initial; stroke: initial; stroke-dasharray: initial; stroke-dashoffset: initial; stroke-linecap: initial; stroke-linejoin: initial; stroke-miterlimit: initial; stroke-opacity: initial; stroke-width: initial; tab-size: initial; table-layout: initial; text-align: initial; text-align-last: initial; text-anchor: initial; text-combine-upright: initial; text-decoration: initial; text-decoration-skip-ink: initial; text-indent: initial; text-overflow: initial; text-shadow: initial; text-size-adjust: initial; text-transform: initial; text-underline-offset: initial; text-underline-position: initial; touch-action: initial; transform: initial; transform-box: initial; transform-origin: initial; transform-style: initial; transition: initial; translate: initial; user-select: initial; vector-effect: initial; vertical-align: initial; visibility: initial; -webkit-app-region: initial; border-spacing: initial; -webkit-border-image: initial; -webkit-box-align: initial; -webkit-box-decoration-break: initial; -webkit-box-direction: initial; -webkit-box-flex: initial; -webkit-box-ordinal-group: initial; -webkit-box-orient: initial; -webkit-box-pack: initial; -webkit-box-reflect: initial; -webkit-highlight: initial; -webkit-hyphenate-character: initial; -webkit-line-break: initial; -webkit-line-clamp: initial; -webkit-mask-box-image: initial; -webkit-mask: initial; -webkit-mask-composite: initial; -webkit-perspective-origin-x: initial; -webkit-perspective-origin-y: initial; -webkit-print-color-adjust: initial; -webkit-rtl-ordering: initial; -webkit-ruby-position: initial; -webkit-tap-highlight-color: initial; -webkit-text-combine: initial; -webkit-text-decorations-in-effect: initial; -webkit-text-emphasis: initial; -webkit-text-emphasis-position: initial; -webkit-text-fill-color: initial; -webkit-text-security: initial; -webkit-text-stroke: initial; -webkit-transform-origin-x: initial; -webkit-transform-origin-y: initial; -webkit-transform-origin-z: initial; -webkit-user-drag: initial; -webkit-user-modify: initial; white-space: initial; widows: initial; width: initial; will-change: initial; word-break: initial; word-spacing: initial; x: initial; y: initial; z-index: initial\"> </div>","branded_description":"\n<style>\n\n.tmpl_hh_wrapper {\n    width: 100%;\n    margin: 0 auto;\n    max-width: 690px;\n    position: relative;\n    word-break: normal;\n    font-family: 'Arial', sans-serif;\n    color: #000;\n    font-size: 13px;\n    line-height: 20px;\n    overflow: hidden;\n}\n.tmpl_hh_wrapper p,\n.tmpl_hh_wrapper a,\n.tmpl_hh_wrapper img,\n.tmpl_hh_wrapper ol,\n.tmpl_hh_wrapper ul,\n.tmpl_hh_wrapper li {\n    margin: 0;\n    padding: 0;\n    border: 0;\n    font-size: 100%;\n    font: inherit;\n    vertical-align: baseline;\n}\n\n.hht-vacancydescription {\n    padding: 0px;\n}\n\n.tmpl_hh_wrapper .l-cell,\n.tmpl_hh_wrapper .l-paddings {\n    padding: 0px !important;\n}\n\n.tmpl_hh_wrapper .b-vacancy-desc-wrapper {\n    margin-top: 0px !important;    \n}\n\n.tmpl_hh_wrapper .b-vacancy-desc {\n    overflow: visible !important;\n    line-height: inherit;\n}\n\n.tmpl_hh_content ol li b,\n.tmpl_hh_content ol li strong,\n.tmpl_hh_content ol li p b,\n.tmpl_hh_content ol li p strong,\n.tmpl_hh_content ul li b,\n.tmpl_hh_content ul li strong,\n.tmpl_hh_content ul li p b,\n.tmpl_hh_content ul li p strong {\n    font-weight: normal;\n    font-size: inherit !important;\n    color: inherit !important;\n    margin: 0 !important;\n    text-transform: none;\n}\n\n.tmpl_hh_content ol li p,\n.tmpl_hh_content ul li p {\n    font-weight: normal;\n    margin: 0;\n}\n\n.tmpl_hh_content p:first-child,\n.tmpl_hh_content>strong:first-child,\n.tmpl_hh_content div>strong:first-child {\n    margin-top: 0 !important;\n}\n\n.tmpl_hh_content p,\n.tmpl_hh_content b,\n.tmpl_hh_content strong {\n    margin: 0 0 30px;\n}\n.tmpl_hh_content b,\n.tmpl_hh_content strong {\n    display: inline-block;\n    font-size: 13px;\n    line-height: 21px;\n    color: #2D3540;\n}\n.tmpl_hh_content p b,\n.tmpl_hh_content p strong{\n    margin: 0;   \n}\n\n.tmpl_hh_content ol,\n.tmpl_hh_content ul {\n    margin-left: 30px;\n    list-style: none !important;\n    margin-top: -10px;\n    margin-bottom: 30px;\n}\n\n.tmpl_hh_content ol {\n    counter-reset: list_counter;\n}\n\n.tmpl_hh_content  li {\n    position: relative;\n    margin-bottom: 16px;\n    font-size: 12px;\n    line-height: 18px;\n}\n\n.tmpl_hh_content ul ul,\n.tmpl_hh_content ul ol,\n.tmpl_hh_content ol ol,\n.tmpl_hh_content ol ul {\n    margin-top: 4px;\n    margin-bottom: 4px;\n}\n\n.tmpl_hh_content ol>li {\n    counter-increment: list_counter;    \n}\n\n.tmpl_hh_content li:before {\n    content: '';\n    position: absolute;\n    left: -18px;\n    top: 0;\n}\n\n.tmpl_hh_content ul>li:before {\n    width: 12px;\n    height: 12px;\n    background: #FF8C00;\n    border-radius: 100%;\n    left: -30px;\n    top: 2px;\n}\n\n.tmpl_hh_content ol>li:before {\n    content: counter(list_counter)'.';\n    left: auto;\n    right: 100%;\n    margin-right: 2px;\n}\n\n.tmpl_hh_wrapper img{\n    width: 100%;\n    display: block;\n}\n.tmpl_hh_content {\n    padding: 50px 70px 29px;\n    position: relative;\n}\n\n.tmpl_hh_header{\n    position: relative;\n    background: url(https://hhcdn.ru/ichameleon/177223.jpg) no-repeat top center;\n    background-size: cover;\n    height: 320px;\n}\n.tmpl_hh_header p{\n    color: #fff;\n    position: absolute;\n    top: 43%;\n    text-align: center;\n    left: 50%;\n    transform: translateX(-50%);\n    font-weight: bold;\n    font-size: 31px;\n    line-height: 32px;\n    letter-spacing: 0.5px;\n    width: 100%;\n}\n.tmpl_hh_header .tmpl_hh_el1{\n    position: absolute;\n    width: 166px;\n    left: 0;\n    top: 50%;\n}\n.tmpl_hh_header .tmpl_hh_el2{\n    position: absolute;\n    width: 220px;\n    top: 0;\n    left: 54.4%;\n}\n.tmpl_hh_header .tmpl_hh_el3{\n    position: absolute;\n    width: 221px;\n    bottom: -160px;\n    left: 66%;\n}\n.tmpl_hh_content .tmpl_hh_el1{\n    position: absolute;\n    width: 75px;\n    top: 34%;\n    right: 0;\n}\n.tmpl_hh_content .tmpl_hh_el2{\n    position: absolute;\n    width: 175px;\n    top: 57.6%;\n    right: -76px;\n}\n.tmpl_hh_content .tmpl_hh_el3{\n    position: absolute;\n    width: 146px;\n    left: 0;\n    bottom: 0;\n}\n\n@media (max-width: 699px) {\n    \n    .tmpl_hh_content{\n        padding: 50px 10px 26px;\n    }\n    .tmpl_hh_header{\n        height: 220px;\n        background-position: top left 55%;\n    }\n    .tmpl_hh_header p{\n        font-size: 22px;\n        line-height: 25px;\n        letter-spacing: 0;\n    }\n    .tmpl_hh_header .tmpl_hh_el1{\n        width: 154px;\n        left: -36px;\n        top: 53%;\n    }\n    .tmpl_hh_header .tmpl_hh_el2{\n        width: 96px;\n        left: 58.4%;\n    }\n    .tmpl_hh_header .tmpl_hh_el3{\n        width: 165px;\n        bottom: -124px;\n        left: 53%;\n    }\n    .tmpl_hh_content .tmpl_hh_el1{\n        top: 35%;\n        right: -29px;\n    }\n    .tmpl_hh_content .tmpl_hh_el2{\n        width: 130px;\n        top: 59.34%;\n        right: -88px;\n    }\n    .tmpl_hh_content .tmpl_hh_el3{\n        width: 141px;\n        left: -19px;\n        bottom: -31px;\n    }\n\n}\n</style>\n\n    <div class=\"tmpl_hh_wrapper\">\n        <div class=\"tmpl_hh_header\">\n            <p>Работа. Драйв. QIWI.</p>\n            <img src=\"https://hhcdn.ru/ichameleon/177226.png\" alt=\"\" class=\"tmpl_hh_el1\">\n            <img src=\"https://hhcdn.ru/ichameleon/177224.png\" alt=\"\" class=\"tmpl_hh_el2\">\n            <img src=\"https://hhcdn.ru/ichameleon/177225.png\" alt=\"\" class=\"tmpl_hh_el3\">\n        </div>\n\n        <div class=\"tmpl_hh_content\">\n            <p><strong>Чем ты будешь заниматься</strong></p> <p>Senior у нас это разработчик который влияет не только на код, но и на команду и продукт в целом. Это наставник для коллег, специалист который может рассказать как нужно делать, поделиться практиками. Продуктовик только рассказал о идее, а Senior уже придумал, уточнил и предложил какой-то вариант решения.</p> <p><strong>На практике это значит что ты будешь:</strong></p> <ul> <li>Работать по Scrum в команде из нескольких разработчиков, владельца продукта и скрам-мастера;</li> <li>Писать много кода, но также много обсуждать решения и новые подходы с другими специалистами в компании;</li> <li>Работать над задачами разной сложности самостоятельно и помогать членам твоей команды генерировать новые идеи;</li> <li>Писать тесты на свой код и учить товарищей по команде как писать тесты эффективно;</li> <li>Проводить много ревью кода, давать советы как можно улучшить код, сделать его проще, читабельнее или производительнее.</li> </ul> <p><strong>Как понять, что ты подходишь</strong></p> <p>Очень важно чтобы ты был готов работать в команде, коммуницировать, помогать.</p> <p>Конечно очень большим плюсом будет опыт работы со стеком, похожим на наш. Но мы также ценим и владение общими инженерными практиками. Поэтому если у тебя есть опыт в другом стеке, но ты хочешь научиться новому, то приходи на собеседование.</p> <p><strong>Наш стек:</strong></p> <ul> <li>Бэкенд - Kotlin, Java 11 (и немного 16), Spring и Spring Boot. Есть проекты на Node.JS;</li> <li>Фронтенд - Typescript/Javascript, React;</li> <li>Инфраструктура - Docker, Kubernetes, TeamCity, Consul, Hashicorp Vault;</li> <li>Базы данных - Oracle, PostgreSQL, Cassandra, MongoDB, Redis;</li> <li>Другое - Hazelcast, Kafka, Thrift.</li> </ul> <p><strong>Мы ждем что ты:</strong></p> <ul> <li>Способен разработать новую архитектуру, предлагать новое и аргументировать свои решения;</li> <li>Готов работать в команде, обсуждать задачи, делиться своими знаниями и опытом;</li> <li>Развит всесторонне, постоянно ищешь новые знания о новых технологиях и языках;</li> <li>Имеешь опыт работы с Java и Spring Boot, особенно круто если еще и с Kotlin;</li> <li>Имеешь большой опыт написания тестов, использовал разные подходы и библиотеки для тестирования;</li> <li>Понимаешь что такое многопоточность, знаешь подводные камни;</li> <li>Работал с системами CI/CD, можешь сделать какую-то нестандартную автоматизацию;</li> <li>Работал с реляционными базами данных, Oracle и PostgreSQL будут плюсом;</li> <li>Работал с нереляционными базами данных, понимаешь в чем их отличие от реляционных.</li> </ul> <p><strong>Мы предлагаем</strong></p> <ul> <li>Оформление по ТК РФ, \"белую” конкурентоспособную заработную плату, расширенный социальный пакет</li> <li>Уникальную атмосферу для продуктивной работы и развивающую среду, где можно найти единомышленников и научиться новому</li> <li>Команду экспертов, возможность самореализации, сложные и интересные задачи для тех, кто любит настоящие вызовы в работе</li> <li>Развитие – главный и постоянный тренд QIWI. Мы регулярно проводим внутреннее и внешнее обучение для прокачки профессиональных навыков</li> <li>Занятия английским языком в группах или индивидуально онлайн</li> <li>ДМС для наших сотрудников: в него входит большой перечень медицинских услуг, включая стоматологию.</li> <li>Уютный и современный офис, чтобы каждый человек чувствовал себя в QIWI, как дома</li> <li>Бесплатную крытую парковку для автомобилей и велосипедов</li> </ul> <div class=\"ms-editor-squiggler\" style=\"color: initial; font: initial; font-feature-settings: initial; font-kerning: initial; font-optical-sizing: initial; font-variation-settings: initial; forced-color-adjust: initial; text-orientation: initial; text-rendering: initial; -webkit-font-smoothing: initial; -webkit-locale: initial; -webkit-text-orientation: initial; -webkit-writing-mode: initial; writing-mode: initial; zoom: initial; place-content: initial; place-items: initial; place-self: initial; alignment-baseline: initial; animation: initial; appearance: initial; aspect-ratio: initial; backdrop-filter: initial; backface-visibility: initial; background: initial; background-blend-mode: initial; baseline-shift: initial; block-size: initial; border-block: initial; border: initial; border-radius: initial; border-collapse: initial; border-end-end-radius: initial; border-end-start-radius: initial; border-inline: initial; border-start-end-radius: initial; border-start-start-radius: initial; inset: initial; box-shadow: initial; box-sizing: initial; break-after: initial; break-before: initial; break-inside: initial; buffered-rendering: initial; caption-side: initial; caret-color: initial; clear: initial; clip: initial; clip-path: initial; clip-rule: initial; color-interpolation: initial; color-interpolation-filters: initial; color-rendering: initial; color-scheme: initial; columns: initial; column-fill: initial; gap: initial; column-rule: initial; column-span: initial; contain: initial; contain-intrinsic-size: initial; content: initial; content-visibility: initial; counter-increment: initial; counter-reset: initial; counter-set: initial; cursor: initial; cx: initial; cy: initial; d: initial; display: block; dominant-baseline: initial; empty-cells: initial; fill: initial; fill-opacity: initial; fill-rule: initial; filter: initial; flex: initial; flex-flow: initial; float: initial; flood-color: initial; flood-opacity: initial; grid: initial; grid-area: initial; height: 0px; hyphens: initial; image-orientation: initial; image-rendering: initial; inline-size: initial; inset-block: initial; inset-inline: initial; isolation: initial; letter-spacing: initial; lighting-color: initial; line-break: initial; list-style: initial; margin-block: initial; margin: initial; margin-inline: initial; marker: initial; mask: initial; mask-type: initial; max-block-size: initial; max-height: initial; max-inline-size: initial; max-width: initial; min-block-size: initial; min-height: initial; min-inline-size: initial; min-width: initial; mix-blend-mode: initial; object-fit: initial; object-position: initial; offset: initial; opacity: initial; order: initial; origin-trial-test-property: initial; orphans: initial; outline: initial; outline-offset: initial; overflow-anchor: initial; overflow-wrap: initial; overflow: initial; overscroll-behavior-block: initial; overscroll-behavior-inline: initial; overscroll-behavior: initial; padding-block: initial; padding: initial; padding-inline: initial; page: initial; page-orientation: initial; paint-order: initial; perspective: initial; perspective-origin: initial; pointer-events: initial; position: initial; quotes: initial; r: initial; resize: initial; rotate: initial; ruby-position: initial; rx: initial; ry: initial; scale: initial; scroll-behavior: initial; scroll-margin-block: initial; scroll-margin: initial; scroll-margin-inline: initial; scroll-padding-block: initial; scroll-padding: initial; scroll-padding-inline: initial; scroll-snap-align: initial; scroll-snap-stop: initial; scroll-snap-type: initial; shape-image-threshold: initial; shape-margin: initial; shape-outside: initial; shape-rendering: initial; size: initial; speak: initial; stop-color: initial; stop-opacity: initial; stroke: initial; stroke-dasharray: initial; stroke-dashoffset: initial; stroke-linecap: initial; stroke-linejoin: initial; stroke-miterlimit: initial; stroke-opacity: initial; stroke-width: initial; tab-size: initial; table-layout: initial; text-align: initial; text-align-last: initial; text-anchor: initial; text-combine-upright: initial; text-decoration: initial; text-decoration-skip-ink: initial; text-indent: initial; text-overflow: initial; text-shadow: initial; text-size-adjust: initial; text-transform: initial; text-underline-offset: initial; text-underline-position: initial; touch-action: initial; transform: initial; transform-box: initial; transform-origin: initial; transform-style: initial; transition: initial; translate: initial; user-select: initial; vector-effect: initial; vertical-align: initial; visibility: initial; -webkit-app-region: initial; border-spacing: initial; -webkit-border-image: initial; -webkit-box-align: initial; -webkit-box-decoration-break: initial; -webkit-box-direction: initial; -webkit-box-flex: initial; -webkit-box-ordinal-group: initial; -webkit-box-orient: initial; -webkit-box-pack: initial; -webkit-box-reflect: initial; -webkit-highlight: initial; -webkit-hyphenate-character: initial; -webkit-line-break: initial; -webkit-line-clamp: initial; -webkit-mask-box-image: initial; -webkit-mask: initial; -webkit-mask-composite: initial; -webkit-perspective-origin-x: initial; -webkit-perspective-origin-y: initial; -webkit-print-color-adjust: initial; -webkit-rtl-ordering: initial; -webkit-ruby-position: initial; -webkit-tap-highlight-color: initial; -webkit-text-combine: initial; -webkit-text-decorations-in-effect: initial; -webkit-text-emphasis: initial; -webkit-text-emphasis-position: initial; -webkit-text-fill-color: initial; -webkit-text-security: initial; -webkit-text-stroke: initial; -webkit-transform-origin-x: initial; -webkit-transform-origin-y: initial; -webkit-transform-origin-z: initial; -webkit-user-drag: initial; -webkit-user-modify: initial; white-space: initial; widows: initial; width: initial; will-change: initial; word-break: initial; word-spacing: initial; x: initial; y: initial; z-index: initial\"> </div><img src=\"https://hhcdn.ru/ichameleon/177220.png\" class=\"tmpl_hh_el1\" alt=\"\">\n            <img src=\"https://hhcdn.ru/ichameleon/177222.png\" class=\"tmpl_hh_el2\" alt=\"\">\n            <img src=\"https://hhcdn.ru/ichameleon/177221.png\" class=\"tmpl_hh_el3\" alt=\"\">\n        </div>\n    </div>\n\n","vacancy_constructor_template":null,"key_skills":[{"name":"Java"},{"name":"JavaScript"},{"name":"Node.js"},{"name":"PostgreSQL"},{"name":"Scrum"}],"accept_handicapped":false,"accept_kids":false,"archived":false,"response_url":null,"specializations":[{"id":"1.221","name":"Программирование, Разработка","profarea_id":"1","profarea_name":"Информационные технологии, интернет, телеком"}],"code":null,"hidden":false,"quick_responses_allowed":false,"driver_license_types":[],"accept_incomplete_resumes":false,"employer":{"id":"3125","name":"QIWI","url":"https://api.hh.ru/employers/3125?host=hh.ru","alternate_url":"https://hh.ru/employer/3125","logo_urls":{"240":"https://hhcdn.ru/employer-logo/2398918.png","90":"https://hhcdn.ru/employer-logo/2398917.png","original":"https://hhcdn.ru/employer-logo-original/489291.png"},"vacancies_url":"https://api.hh.ru/vacancies?employer_id=3125&host=hh.ru","trusted":true},"published_at":"2021-06-07T07:44:43+0300","created_at":"2021-06-07T07:44:43+0300","negotiations_url":null,"suitable_resumes_url":null,"apply_alternate_url":"https://hh.ru/applicant/vacancy_response?vacancyId=42883027","has_test":false,"test":null,"alternate_url":"https://hh.ru/vacancy/42883027","working_days":[],"working_time_intervals":[],"working_time_modes":[],"accept_temporary":false}