{"id":"42951586","premium":false,"billing_type":{"id":"standard","name":"Стандарт"},"relations":[],"name":"Middle/Senior Backend Developer (PHP)","insider_interview":null,"response_letter_required":false,"area":{"id":"1","name":"Москва","url":"https://api.hh.ru/areas/1?host=hh.ru"},"salary":{"from":170000,"to":250000,"currency":"RUR","gross":false},"type":{"id":"open","name":"Открытая"},"address":{"city":"Москва","street":"улица Намёткина","building":"12А","description":null,"lat":55.661552,"lng":37.554744,"raw":"Москва, улица Намёткина, 12А","metro":{"station_name":"Новые Черемушки","line_name":"Калужско-Рижская","station_id":"6.92","line_id":"6","lat":55.670077,"lng":37.554493},"metro_stations":[{"station_name":"Новые Черемушки","line_name":"Калужско-Рижская","station_id":"6.92","line_id":"6","lat":55.670077,"lng":37.554493}]},"allow_messages":true,"site":{"id":"hh","name":"hh.ru"},"experience":{"id":"between1And3","name":"От 1 года до 3 лет"},"schedule":{"id":"remote","name":"Удаленная работа"},"employment":{"id":"full","name":"Полная занятость"},"department":null,"contacts":null,"description":"<p><strong>SaveTime – </strong>это сервис доставки товаров из сетей магазинов наших партнеров, таких как ВкусВилл, Ашан, Метро, Азбука Вкуса, Детский Мир, Кораблик, Республика, Бетховен и др.</p> <p><br /><strong>Что предстоит делать:</strong></p> <ul> <li>Разработка REST API под высокую нагрузку;</li> <li>Использовать в работе фреймворк Symfony;</li> <li>Разрабатывать микросервисы;</li> <li>Оптимизировать web-приложения, искать узкие места;</li> <li>Активное участие во всём процессе разработки;</li> <li>Работа с PHP, MySQL;</li> <li>Проектирование архитектуры, планирование, разработка, поддержка и выпуск нового функционала для наших внутренних проектов.</li> </ul><br /><strong>Требования:</strong> <ul> <li>Знать сильные и слабые стороны PHP;</li> <li>Проектирование базы данных (MySQL);</li> <li>Умение профилировать скрипты;</li> <li>Умение находить узкие места;</li> <li>Понимание стратегии оптимизации;</li> <li>Вовремя реагировать на проблемы;</li> <li>Уметь слышать других;</li> <li>Знание Symfony приветствуется;</li> <li>Опыт работы с Docker приветствуется.</li> </ul> <p><br /><strong>Что мы предлагаем:</strong></p> <ul> <li>Достойную <strong>белую</strong> зарплату без задержек;</li> <li>Возможность работать из нашего офиса или удаленно</li> <li>Современную технику Apple для работы (если работаете из офиса);</li> <li>Гибкое начало рабочего дня;</li> <li>Работа происходит по двухнедельным спринтам;</li> <li>Уютный офис с панорамными окнами на 19 этаже рядом со ст. м. Новые Черемушки. Есть чилаут, игровая зона, кухня (всегда есть зерновой кофе, чай, печеньки, шоколадки, фрукты);</li> <li>Заряженная на результат, искренняя, веселая команда профессионалов, готовых поддержать ваши инициативы;</li> <li>Премию за хорошую работу;</li> <li>Пересмотр з/п каждые полгода;</li> <li>Посещение профильных конференций, прохождение необходимых курсов и закупка требуемой литературы за счет компании;</li> <li>Корпоративные мероприятия.</li> <li>Теннисный стол.</li> </ul> <p><em>Стек: php (7-8), Mysql(MariaDB), Symfony (5), redis, rabbitMQ, CI/CD, elasticSearch, GitLab, Jira, Kubernetes, kibana, grafana, docker</em></p>","branded_description":null,"vacancy_constructor_template":null,"key_skills":[{"name":"PHP"},{"name":"MySQL"},{"name":"REST"}],"accept_handicapped":false,"accept_kids":false,"archived":false,"response_url":null,"specializations":[{"id":"1.221","name":"Программирование, Разработка","profarea_id":"1","profarea_name":"Информационные технологии, интернет, телеком"}],"code":null,"hidden":false,"quick_responses_allowed":false,"driver_license_types":[],"accept_incomplete_resumes":false,"employer":{"id":"2964582","name":"SaveTime","url":"https://api.hh.ru/employers/2964582?host=hh.ru","alternate_url":"https://hh.ru/employer/2964582","logo_urls":{"90":"https://hhcdn.ru/employer-logo/3312560.jpeg","240":"https://hhcdn.ru/employer-logo/3312561.jpeg","original":"https://hhcdn.ru/employer-logo-original/717861.jpg"},"vacancies_url":"https://api.hh.ru/vacancies?employer_id=2964582&host=hh.ru","trusted":true},"published_at":"2021-06-04T17:55:02+0300","created_at":"2021-06-04T17:55:02+0300","negotiations_url":null,"suitable_resumes_url":null,"apply_alternate_url":"https://hh.ru/applicant/vacancy_response?vacancyId=42951586","has_test":false,"test":null,"alternate_url":"https://hh.ru/vacancy/42951586","working_days":[],"working_time_intervals":[],"working_time_modes":[],"accept_temporary":false}