{"id":"43036534","premium":false,"billing_type":{"id":"standard_plus","name":"Стандарт плюс"},"relations":[],"name":"Middle/senior разработчик (Java Backend)","insider_interview":null,"response_letter_required":false,"area":{"id":"1","name":"Москва","url":"https://api.hh.ru/areas/1?host=hh.ru"},"salary":{"from":150000,"to":250000,"currency":"RUR","gross":true},"type":{"id":"open","name":"Открытая"},"address":{"city":"деревня Сколково","street":"Новая улица","building":"100","description":null,"lat":55.695454,"lng":37.390999,"raw":"деревня Сколково, Новая улица, 100","metro":null,"metro_stations":[]},"allow_messages":true,"site":{"id":"hh","name":"hh.ru"},"experience":{"id":"between1And3","name":"От 1 года до 3 лет"},"schedule":{"id":"remote","name":"Удаленная работа"},"employment":{"id":"full","name":"Полная занятость"},"department":null,"contacts":null,"description":"<p>Компания Деловая среда входит в группу компаний Сбер, расположена на территории Школы управления Сколково.<br />Мы создаём онлайн продукты и технологичные решения, которые позволяют развивать малый и средний бизнес в стране.</p> <p>Приглашаем в нашу дружную команду Java-разработчика (middle/senior), который готов к развитию, открыт к обучению, хочет вырасти профессионально.<br />У нас уникальный стек технологий, сложные и интересные задачи с возможностью проявить себя, отличные современные условия.<br />Работаем удаленно, что позволяет эффективно работать из любого города, мы будем рады именно тебе.</p> <p>Что <strong>по стеку технологий </strong>сейчас:<br />• применяем Agile, ALM базируется на гибких методологиях;<br />• строим и развиваем собственное PaaS решение на микросервисной архитектуре;<br />• ценим автоматизацию, в команде работают эксперты DevOps, гибкий CI\\CD;<br />• разумеется у нас есть code review и отдельная QA команда (тестовые контуры, ручные и авто тесты);<br />• используем инструменты увеличения продуктивности, думаем о новых фичах:<br />- для ALM есть JetBrains Stack (скоро будем мигрировать на Confluence/JIRA)<br />- для масштабирования сервисов и отказоустойчивости используем Docker + Kubernetes<br />- для стриминга логов применяем ELK Stack.<br /><strong>Обязанности:</strong><br />• участие во всех этапах разработки ПО в команде Backend-разработчиков;<br />• обсуждение, анализ и декомпозиция задач, поступающих от внешних и внутренних заказчиков;<br />• участие в создании архитектурных решений<br />• написание качественного кода для распределенной системы;<br />• участие в проектировании и реализации REST, API;<br />• взаимодействие со смежными командами (PO/PM/QA/Frontend/DevOps/Architecture).</p> <p><strong>Требования:</strong><br />• знание платформ и технологий: Java 8 Core, Java 8 Concurrency (forkjoin pool, completable future), Mockito, JUnit, TestNG, Play Framework, Kafka, Git, PostgreSQL, Linux, IntelliJ IDEA;<br />• практический опыт в построении высоконагруженных отказоустойчивых backend-решений на Java Play с параллельными вычислениями гибкими API для интеграции с frontend и внешними системами;<br />• понимание работы микросервисных архитектур, опыт в разработке/поддержке реактивных систем;<br />• дополнительным плюсом будет:<br />- опыт описания процессов в Camunda и участие в проектах по внедрению BPM систем;<br />- понимание основ мобильной разработки.</p> <p><strong>Условия:</strong><br />• конкурентная заработная плата;<br />• оформление в соответствии с ТК РФ;<br />• отсутствие бюрократии, формализма, дресс-кода;<br />• только удаленный режим работы;<br />• расширенный социальный пакет после прохождения испытательного срока;<br />• работа в стабильной компании и отличной команде.</p>","branded_description":null,"vacancy_constructor_template":null,"key_skills":[{"name":"Java"},{"name":"PostgreSQL"},{"name":"Linux"},{"name":"Git"},{"name":"MS Visio"}],"accept_handicapped":false,"accept_kids":false,"archived":false,"response_url":null,"specializations":[{"id":"1.203","name":"Передача данных и доступ в интернет","profarea_id":"1","profarea_name":"Информационные технологии, интернет, телеком"},{"id":"1.221","name":"Программирование, Разработка","profarea_id":"1","profarea_name":"Информационные технологии, интернет, телеком"},{"id":"1.272","name":"Системная интеграция","profarea_id":"1","profarea_name":"Информационные технологии, интернет, телеком"},{"id":"1.82","name":"Инженер","profarea_id":"1","profarea_name":"Информационные технологии, интернет, телеком"},{"id":"1.744","name":"Другое","profarea_id":"1","profarea_name":"Информационные технологии, интернет, телеком"},{"id":"1.89","name":"Интернет","profarea_id":"1","profarea_name":"Информационные технологии, интернет, телеком"}],"code":null,"hidden":false,"quick_responses_allowed":false,"driver_license_types":[],"accept_incomplete_resumes":false,"employer":{"id":"2975094","name":"Деловая среда","url":"https://api.hh.ru/employers/2975094?host=hh.ru","alternate_url":"https://hh.ru/employer/2975094","logo_urls":{"90":"https://hhcdn.ru/employer-logo/3788631.png","240":"https://hhcdn.ru/employer-logo/3788632.png","original":"https://hhcdn.ru/employer-logo-original/836937.png"},"vacancies_url":"https://api.hh.ru/vacancies?employer_id=2975094&host=hh.ru","trusted":true},"published_at":"2021-06-11T10:00:45+0300","created_at":"2021-06-11T10:00:45+0300","negotiations_url":null,"suitable_resumes_url":null,"apply_alternate_url":"https://hh.ru/applicant/vacancy_response?vacancyId=43036534","has_test":false,"test":null,"alternate_url":"https://hh.ru/vacancy/43036534","working_days":[],"working_time_intervals":[],"working_time_modes":[],"accept_temporary":false}