{"id":"43185538","premium":false,"billing_type":{"id":"standard","name":"Стандарт"},"relations":[],"name":"Senior backend developer (ML Space AI Cloud)","insider_interview":null,"response_letter_required":false,"area":{"id":"1","name":"Москва","url":"https://api.hh.ru/areas/1?host=hh.ru"},"salary":null,"type":{"id":"open","name":"Открытая"},"address":{"city":"Москва","street":"улица Воздвиженка","building":"4/7","description":null,"lat":55.752825,"lng":37.610817,"raw":"Москва, улица Воздвиженка, 4/7","metro":null,"metro_stations":[]},"allow_messages":true,"site":{"id":"hh","name":"hh.ru"},"experience":{"id":"between3And6","name":"От 3 до 6 лет"},"schedule":{"id":"fullDay","name":"Полный день"},"employment":{"id":"full","name":"Полная занятость"},"department":null,"contacts":null,"description":"<p>Приглашаем <strong>Senior Backend Developer</strong> в команду <strong>AI Cloud SberCloud,</strong> которая занимается развитием продукта ML Space - платформы для ML-разработки полного цикла: от трансфера и хранения BigData до деплоя и автоматического масштабирования готовой модели.</p> <p>Это единственный в мире сервис с возможностью распределенного обучения на 1000+ GPU - благодаря суперкомпьютеру “Кристофари”.</p> <p>Активно растем и масштабируемся, в связи с чем расширяем текущие команды. Ищем Backend разработчиков Middle, Senior уровня.<br />Подробнее о платформе ML Space sbercloud.ru/ru/aicloud/mlspace</p> <p><strong>Как мы работаем:</strong></p> <ol> <li> <p>У нас продуктовая компания и кросс-функциональные команды</p> </li> <li> <p>Используем Jira, Confluence, GitLab как основные средства разработки</p> </li> <li> <p>Ведем разработку по scrum</p> </li> </ol> <p><strong>Обязанности:</strong></p> <ul> <li> <p>Участие в проектировании, разработке и поддержке высоконагруженных сервисов/микросервисов</p> </li> <li> <p>Code review в команде</p> </li> <li> <p>Разработка юнит-тестов и тестирование собственного кода на соответствие критериям приемки</p> </li> <li> <p>Анализ инцидентов</p> </li> <li> <p>Взаимодействие со смежными командами для проработки общего технического решения</p> </li> </ul> <p><strong>Требования:</strong></p> <ul> <li> <p>Навыки разработки cloud-native сервисов</p> </li> <li> <p>Знакомство с Kubernetes, хорошие навыки работы с Docker</p> </li> <li> <p>Отличное владение Python, умение работать с асинхронным кодом</p> </li> <li> <p>Знание классических алгоритмов и структур данных</p> </li> <li> <p>Навыки технического лидерства проекта</p> </li> <li> <p>Опыт работы с сервисами под большой нагрузкой</p> </li> <li> <p>Навыки работы с Linux</p> </li> <li> <p>Опыт работы с реляционными базами данных</p> </li> </ul> <p><strong>Большой плюс:</strong></p> <ul> <li> <p>Навыки работы с Golang</p> </li> <li> <p>Опыт проектирования и разработки сервисов с большой нагрузкой с нуля</p> </li> <li> <p>Понимание бизнес-процессов, умение преобразовывать бизнес-задачи product-менеджера в декомпозированные задачи</p> </li> <li> <p>Понимание специфики продуктов, основанных на технологиях машинного обучения/компьютерного зрения/NLP</p> </li> <li> <p>Интерес к новым технологиям и теме машинного обучения в целом</p> </li> </ul> <p><strong>Что мы предлагаем:</strong></p> <ul> <li>Заряженная команда профессионалов;</li> <li>Интересные продукты, проекты, пользователи;</li> <li>Возможности развития и роста;</li> <li>Офис напротив Библиотеки им Ленина;</li> <li>Гибкое начало рабочего дня, а также возможна удаленка</li> <li>ДМС + стоматология;</li> <li>Корпоративные скидки для сотрудников Группы Сбербанк;</li> <li>Льготные условия кредитования.</li> </ul> <p>​</p>","branded_description":"\n<style>\n\n.tmpl_hh_wrapper {\n    width: 100%;\n    margin: 0 auto;\n    max-width: 690px;\n    position: relative;\n    word-break: normal;\n    font-family: \"Arial\", sans-serif;\n    color: #343F48;\n    font-size: 16px;\n    line-height: 22px;\n    overflow: hidden;\n}\n.tmpl_hh_wrapper *{\n    box-sizing: border-box;\n}\n.tmpl_hh_wrapper p,\n.tmpl_hh_wrapper a,\n.tmpl_hh_wrapper img,\n.tmpl_hh_wrapper ol,\n.tmpl_hh_wrapper ul,\n.tmpl_hh_wrapper li {\n    margin: 0;\n    padding: 0;\n    border: 0;\n    font-size: 100%;\n    font: inherit;\n    vertical-align: baseline;\n}\n\n.hht-vacancydescription {\n    padding: 0px;\n}\n\n.tmpl_hh_wrapper .l-cell,\n.tmpl_hh_wrapper .l-paddings {\n    padding: 0px !important;\n}\n\n.tmpl_hh_wrapper .b-vacancy-desc-wrapper {\n    margin-top: 0px !important;    \n}\n\n.tmpl_hh_wrapper .b-vacancy-desc {\n    overflow: visible !important;\n    line-height: inherit;\n}\n\n.tmpl_hh_content ol li b,\n.tmpl_hh_content ol li strong,\n.tmpl_hh_content ol li p b,\n.tmpl_hh_content ol li p strong,\n.tmpl_hh_content ul li b,\n.tmpl_hh_content ul li strong,\n.tmpl_hh_content ul li p b,\n.tmpl_hh_content ul li p strong {\n    font-weight: normal;\n    font-size: inherit !important;\n    color: inherit !important;\n    margin: 0 !important;\n    text-transform: none;\n}\n\n.tmpl_hh_content ol li p,\n.tmpl_hh_content ul li p {\n    font-weight: normal;\n    margin: 0;\n}\n\n.tmpl_hh_content p:first-child,\n.tmpl_hh_content>strong:first-child,\n.tmpl_hh_content div>strong:first-child {\n    margin-top: 0 !important;\n}\n\n.tmpl_hh_content p,\n.tmpl_hh_content b,\n.tmpl_hh_content strong {\n    margin: 0 0 16px;\n}\n.tmpl_hh_content b,\n.tmpl_hh_content strong {\n    color: #07E897;\n    font-size: 22px;\n    line-height: 18px;\n}\n.tmpl_hh_content p b,\n.tmpl_hh_content p strong{\n    margin: 0;   \n}\n\n.tmpl_hh_content ol,\n.tmpl_hh_content ul {\n    margin-left: 20px;\n    list-style: none !important;\n    margin-bottom: 62px;\n}\n\n.tmpl_hh_content ol {\n    counter-reset: list_counter;\n}\n\n.tmpl_hh_content li {\n    position: relative;\n    margin-bottom: 16px;\n}\n\n.tmpl_hh_content ul ul,\n.tmpl_hh_content ul ol,\n.tmpl_hh_content ol ol,\n.tmpl_hh_content ol ul {\n    margin-top: 8px;\n    margin-bottom: 8px;\n}\n\n.tmpl_hh_content ol>li {\n    counter-increment: list_counter;    \n}\n\n.tmpl_hh_content li:before {\n    content: '';\n    position: absolute;\n    left: -18px;\n    top: 0;\n}\n\n.tmpl_hh_content ul>li:before {\n    width: 5px;\n    height: 5px;\n    background: #343F48;\n    border-radius: 100%;\n    left: -19px;\n    top: 6px;\n}\n\n.tmpl_hh_content ol>li:before {\n    content: counter(list_counter)'.';\n    left: auto;\n    right: 100%;\n    margin-right: 2px;\n}\n\n.tmpl_hh_wrapper img{\n    width: 100%;\n    display: block;\n}\n\n.tmpl_hh_content {\n    padding: 55px 40px 21px;\n}\n.tmpl_hh_header{\n    position: relative;\n    padding: 59px 40px 44px;\n}\n.tmpl_hh_header .tmpl_hh_title{\n    color: #07E897;\n    font-weight: bold;\n    font-size: 31px;\n    line-height: 40px;\n    margin-bottom: 35px;\n}\n.tmpl_hh_header p:not(.tmpl_hh_title){\n    line-height: 24px;\n    letter-spacing: 0.1px;\n    margin-bottom: 24px;\n    padding-right: 72px;\n}\n.tmpl_hh_photo{\n    position: relative;\n    color: #fff;\n    padding: 0 40px;\n}\n.tmpl_hh_photo img{\n    border-radius: 15px;\n}\n.tmpl_hh_photo b{\n    position: absolute;\n    font-size: 25px;\n    bottom: 66px;\n    text-transform: uppercase;\n    left: 60px;\n    max-width: 107px;\n    line-height: 32px;\n}\n.tmpl_hh_photo p{\n    position: absolute;\n    bottom: 37px;\n    font-size: 15px;\n    font-weight: bold;\n    left: 60px;\n}\n.tmpl_hh_footer{\n    display: flex;\n    justify-content: flex-start;\n    padding: 53px 40px;\n    position: relative;\n}\n.tmpl_hh_footer:before{\n    content: '';\n    position: absolute;\n    top: 32px;\n    left: 39px;\n    width: 88.5%;\n    height: 1px;\n    background: #07E897;\n}\n.tmpl_hh_footer p{\n    font-weight: bold;\n    margin-left: 17px;\n    margin-top: -4px;\n    font-size: 17px;\n    color: #07E897;\n}\n.tmpl_hh_footer img{\n    width: 28px;\n    height: auto;\n} \n\n\n@media (max-width: 699px) {\n    .tmpl_hh_header {\n        padding: 59px 10px 15px;\n    }\n    .tmpl_hh_header .tmpl_hh_title{\n        font-size: 18px;\n        line-height: 23px;\n        margin-bottom: 22px;\n    }\n    .tmpl_hh_header p:not(.tmpl_hh_title){\n        font-size: 14px;\n        line-height: 21px;\n        padding-right: 0px;\n        margin-bottom: 21px;\n    }\n    .tmpl_hh_photo b{\n        font-size: 13px;\n        line-height: 16px;\n        bottom: 62px;\n        left: 10px;\n    }\n    .tmpl_hh_photo p{\n        bottom: 35px;\n        font-size: 12px;\n        left: 10px;\n    }\n    .tmpl_hh_content b, .tmpl_hh_content strong{\n        font-size: 18px;\n    }\n    .tmpl_hh_content {\n        padding: 54px 10px 6px;\n    }\n    .tmpl_hh_content li{\n        font-size: 14px;\n        line-height: 20px;\n    }\n    .tmpl_hh_content ol, .tmpl_hh_content ul{\n        margin-bottom: 38px;\n    }\n    .tmpl_hh_footer{\n        padding: 21px 0px;\n    }\n    .tmpl_hh_footer:before{\n        top: 0px;\n        left: 0;\n        width: 100%;\n    }\n    .tmpl_hh_photo{\n        padding: 0;\n    }\n.tmpl_hh_photo img{\n    border-radius: 7px;\n}\n\n    \n}\n</style>\n\n\n    <div class=\"tmpl_hh_wrapper\">\n        \n        <div class=\"tmpl_hh_header\">\n            <p class=\"tmpl_hh_title\">SberCloud – компания экосистемы Сбера, предоставляющая облачные услуги.</p>\n            <p>В числе сервисов SberCloud широкая линейка инфраструктурных и платформенных решений, а также инструменты для работы с искусственным интеллектом. Предоставляя клиентам передовые облачные технологии, совместимые с привычной для их бизнеса архитектурой ИТ-приложений, мы делаем возможным технологический прорыв. Нашими клиентами являются известные компании России и других стран, осуществляющих свою деятельность в различных областях бизнеса. </p>\n            <p>Мы постоянно прирастаем новыми людьми. Сегодня SberCloud насчитывает более 400 человек. Работать с нами – значит быть на острие технологий, решать масштабные и амбициозные задачи, профессионально расти и развиваться внутри компании.</p>\n        </div>\n        <div class=\"tmpl_hh_photo\">\n            <img src=\"https://hhcdn.ru/ichameleon/174097.jpg\" alt=\"\">\n            <b>Наталья Голдбергс</b>\n            <p>Директор по персоналу</p>\n        </div>\n    \n        <div class=\"tmpl_hh_content\">\n            <p>Приглашаем <strong>Senior Backend Developer</strong> в команду <strong>AI Cloud SberCloud,</strong> которая занимается развитием продукта ML Space - платформы для ML-разработки полного цикла: от трансфера и хранения BigData до деплоя и автоматического масштабирования готовой модели.</p> <p>Это единственный в мире сервис с возможностью распределенного обучения на 1000+ GPU - благодаря суперкомпьютеру “Кристофари”.</p> <p>Активно растем и масштабируемся, в связи с чем расширяем текущие команды. Ищем Backend разработчиков Middle, Senior уровня.<br>Подробнее о платформе ML Space sbercloud.ru/ru/aicloud/mlspace</p> <p><strong>Как мы работаем:</strong></p> <ol> <li> <p>У нас продуктовая компания и кросс-функциональные команды</p> </li> <li> <p>Используем Jira, Confluence, GitLab как основные средства разработки</p> </li> <li> <p>Ведем разработку по scrum</p> </li> </ol> <p><strong>Обязанности:</strong></p> <ul> <li> <p>Участие в проектировании, разработке и поддержке высоконагруженных сервисов/микросервисов</p> </li> <li> <p>Code review в команде</p> </li> <li> <p>Разработка юнит-тестов и тестирование собственного кода на соответствие критериям приемки</p> </li> <li> <p>Анализ инцидентов</p> </li> <li> <p>Взаимодействие со смежными командами для проработки общего технического решения</p> </li> </ul> <p><strong>Требования:</strong></p> <ul> <li> <p>Навыки разработки cloud-native сервисов</p> </li> <li> <p>Знакомство с Kubernetes, хорошие навыки работы с Docker</p> </li> <li> <p>Отличное владение Python, умение работать с асинхронным кодом</p> </li> <li> <p>Знание классических алгоритмов и структур данных</p> </li> <li> <p>Навыки технического лидерства проекта</p> </li> <li> <p>Опыт работы с сервисами под большой нагрузкой</p> </li> <li> <p>Навыки работы с Linux</p> </li> <li> <p>Опыт работы с реляционными базами данных</p> </li> </ul> <p><strong>Большой плюс:</strong></p> <ul> <li> <p>Навыки работы с Golang</p> </li> <li> <p>Опыт проектирования и разработки сервисов с большой нагрузкой с нуля</p> </li> <li> <p>Понимание бизнес-процессов, умение преобразовывать бизнес-задачи product-менеджера в декомпозированные задачи</p> </li> <li> <p>Понимание специфики продуктов, основанных на технологиях машинного обучения/компьютерного зрения/NLP</p> </li> <li> <p>Интерес к новым технологиям и теме машинного обучения в целом</p> </li> </ul> <p><strong>Что мы предлагаем:</strong></p> <ul> <li>Заряженная команда профессионалов;</li> <li>Интересные продукты, проекты, пользователи;</li> <li>Возможности развития и роста;</li> <li>Офис напротив Библиотеки им Ленина;</li> <li>Гибкое начало рабочего дня, а также возможна удаленка</li> <li>ДМС + стоматология;</li> <li>Корпоративные скидки для сотрудников Группы Сбербанк;</li> <li>Льготные условия кредитования.</li> </ul> <p>​</p></div>\n\n        <div class=\"tmpl_hh_footer\">\n            <div><img src=\"https://hhcdn.ru/ichameleon/174146.svg\" alt=\"\"></div>\n            <p>Ждём вас <br>в команде SberCloud!</p>\n        </div>\n    </div>\n\n","vacancy_constructor_template":null,"key_skills":[{"name":"Backend"},{"name":"Kubernetes"},{"name":"Python"},{"name":"Docker"},{"name":"Linux"},{"name":"Golang"}],"accept_handicapped":false,"accept_kids":false,"archived":false,"response_url":null,"specializations":[{"id":"1.221","name":"Программирование, Разработка","profarea_id":"1","profarea_name":"Информационные технологии, интернет, телеком"},{"id":"1.82","name":"Инженер","profarea_id":"1","profarea_name":"Информационные технологии, интернет, телеком"},{"id":"1.274","name":"Системы автоматизированного проектирования","profarea_id":"1","profarea_name":"Информационные технологии, интернет, телеком"},{"id":"1.3","name":"CTO, CIO, Директор по IT","profarea_id":"1","profarea_name":"Информационные технологии, интернет, телеком"},{"id":"1.117","name":"Тестирование","profarea_id":"1","profarea_name":"Информационные технологии, интернет, телеком"},{"id":"1.474","name":"Стартапы","profarea_id":"1","profarea_name":"Информационные технологии, интернет, телеком"}],"code":null,"hidden":false,"quick_responses_allowed":false,"driver_license_types":[],"accept_incomplete_resumes":false,"employer":{"id":"3853446","name":"SberCloud","url":"https://api.hh.ru/employers/3853446?host=hh.ru","alternate_url":"https://hh.ru/employer/3853446","logo_urls":{"original":"https://hhcdn.ru/employer-logo-original/775250.png","240":"https://hhcdn.ru/employer-logo/3541892.png","90":"https://hhcdn.ru/employer-logo/3541891.png"},"vacancies_url":"https://api.hh.ru/vacancies?employer_id=3853446&host=hh.ru","trusted":true},"published_at":"2021-05-24T14:39:52+0300","created_at":"2021-05-24T14:39:52+0300","negotiations_url":null,"suitable_resumes_url":null,"apply_alternate_url":"https://hh.ru/applicant/vacancy_response?vacancyId=43185538","has_test":false,"test":null,"alternate_url":"https://hh.ru/vacancy/43185538","working_days":[],"working_time_intervals":[],"working_time_modes":[],"accept_temporary":false}