{"id":"43298031","premium":false,"billing_type":{"id":"standard","name":"Стандарт"},"relations":[],"name":"Senior/Middle backend-разработчик (Python, Django)","insider_interview":null,"response_letter_required":false,"area":{"id":"1","name":"Москва","url":"https://api.hh.ru/areas/1?host=hh.ru"},"salary":{"from":150000,"to":220000,"currency":"RUR","gross":false},"type":{"id":"open","name":"Открытая"},"address":null,"allow_messages":true,"site":{"id":"hh","name":"hh.ru"},"experience":{"id":"between3And6","name":"От 3 до 6 лет"},"schedule":{"id":"fullDay","name":"Полный день"},"employment":{"id":"full","name":"Полная занятость"},"department":null,"contacts":null,"description":"<p><strong><em>В связи с открытием внутри холдинга новой компании Делисервис, мы в поисках опытных разработчиков.</em></strong></p> <p><em><strong>Делисервис</strong> предоставляет услуги в сегменте В2В и В2С (сервис &quot;автоконсьерж&quot;) по обслуживанию и ремонту автомобилей. Мы spin-off проект от первого каршеринга в России - Делимобиля. </em><br /><br />Сейчас у нас есть MVP проекта, который разработан подрядчиком. Мы хотим отказаться от части решений, разработав свою платформу с нуля с использованием микросервисной архитектуры. Надо будет разрабатывать Бэкофис для сотрудников операционного отдела, логистическую систему для автоконсьержей, чат-боты для сотрудников и клиентов, основной сайт и лендинги, веб-кабинеты для партнеров и клиентов, публичные и внутренние API, проводить интеграции со сторонними сервисами и партнерами.<br /><br />На бэкенд мы ищем специалистов уровней senior или middle. Senior в перспективе до конца года возглавит команду бэкенд-разработчиков.</p> <p><strong>ЧЕМ ПРЕДСТОИТ ЗАНИМАТЬСЯ НА ЭТОЙ ПОЗИЦИИ:</strong></p> <ul> <li>Разработка с нуля и дальнейшая поддержка бэкендов для сервисов (CRM, Логистика, Услуги, и пр.);</li> <li>Разработка и проектирование API;</li> <li>Участие в проектировании архитектуры;</li> <li>Интеграция с поставщиками услуг;</li> <li>Разработка чат-ботов для клиентов и сотрудников;</li> <li>Оптимизация и рефакторинг кода;</li> <li>Участие в Code review;</li> <li>Работа в инхаус-команде и взаимодействие с подрядчиками.</li> </ul> <p><strong>НАШИ ОЖИДАНИЯ:</strong></p> <ul> <li>Успешный опыт работы на позиции python-разработчика не менее 3х лет обязателен;</li> <li>Опыт работы с микросервисной архитектурой;</li> <li>Наличие опыта работы в команде;</li> <li>Умение разбираться в чужом коде;</li> <li>Наличие опыта работы с Django и DRF;</li> <li>Желание развиваться.</li> </ul> <p><strong>ТЕХНИЧЕСКИЙ СТЕК:</strong></p> <ul> <li>Python 3, Django 3.*;</li> <li>Javascript, React;</li> <li>Django REST Framework;</li> <li>REST API, Swagger;</li> <li>PostgreSQL, ElasticSearch;</li> <li>RabbitMQ;</li> <li>Git.</li> </ul> <strong>ЧТО МЫ ПРЕДЛАГАЕМ:</strong> <ul> <li>Быть частью крутой команды, которая скоро сделает самый успешный в Европе аналог таких крутых проектов, как Wrench и YourMechanic, кардинально поменяв рынок авто-сервисных услуг.</li> <li>Решать сложные и интересные задачи.</li> <li>Официальные трудовые отношения в соответствии с ТК РФ.</li> <li>Полностью официальную заработную плату.</li> <li>ДМС после прохождения испытательного срока.</li> <li>Корпоративное питание.</li> <li>Молодой коллектив.</li> <li>График работы с гибким началом рабочего дня, пару дней в неделю можно работать удаленно.</li> <li>Работу в современном офисе недалеко от станций метро Преображенская площадь или Электрозаводская (7-10 мин. пешком).</li> </ul>","branded_description":"\n<style type=\"text/css\">\n.tmpl_hh_wrapper p,\n.tmpl_hh_wrapper a,\n.tmpl_hh_wrapper img,\n.tmpl_hh_wrapper ol,\n.tmpl_hh_wrapper ul,\n.tmpl_hh_wrapper li {\n    margin: 0;\n    padding: 0;\n    border: 0;\n    font-size: 100%;\n    font: inherit;\n    vertical-align: baseline;\n}\n\n.hht-vacancydescription {\n    padding: 0px;\n}\n\n.tmpl_hh_wrapper .l-cell,\n.tmpl_hh_wrapper .l-paddings {\n    padding: 0px !important;\n}\n\n.tmpl_hh_wrapper .b-vacancy-desc,\n.tmpl_hh_wrapper .l-paddings {\n    line-height: inherit !important;\n}\n\n.tmpl_hh_wrapper .b-vacancy-desc-wrapper {\n    margin-top: 0px !important;\n}\n\n.tmpl_hh_wrapper .b-vacancy-desc {\n    overflow: visible !important;\n}\n\n.tmpl_hh_content ol li b,\n.tmpl_hh_content ol li strong,\n.tmpl_hh_content ol li p b,\n.tmpl_hh_content ol li p strong,\n.tmpl_hh_content ul li b,\n.tmpl_hh_content ul li strong,\n.tmpl_hh_content ul li p b,\n.tmpl_hh_content ul li p strong {\n    font-weight: normal;\n    font-size: inherit!important;\n    font-family: inherit!important;\n    line-height: inherit!important;\n    color: inherit!important;\n    margin: 0!important;\n    padding: 0!important;\n    background: none!important;\n    display: inline!important;\n    text-transform: none;\n}\n\n.tmpl_hh_content ol li p,\n.tmpl_hh_content ul li p {\n    font-weight: normal;\n    margin: 0;\n}\n\n.tmpl_hh_content p b,\n.tmpl_hh_content p strong {\n    display: inline;\n    margin: 0;\n}\n\n.tmpl_hh_flex {\n    display: -webkit-box;\n    display: -moz-box;\n    display: -ms-flexbox;\n    display: -webkit-flex;\n    display: flex;\n    -ms-flex-wrap: wrap;\n    flex-wrap: wrap;\n    -ms-flex-pack: justify;\n    justify-content: space-between;\n}\n\n.tmpl_hh_clearfix:after {\n    content: \"\";\n    display: block;\n    clear: both;\n}\n\n.tmpl_hh_wrapper {\n    width: 100%;\n    max-width: 690px;\n    margin: 0 auto;\n    position: relative;\n    word-break: normal;\n    font-family: 'Arial';\n    color: #000;\n    font-size: 14px;\n    line-height: 18px;\n    overflow: hidden;\n}\n\n.tmpl_hh_header {\n    position: relative;\n}\n\nimg.tmpl_hh_fon {\n    width: 100%;\n    display: block;\n}\n\nimg.tmpl_hh_logo {\n    position: absolute;\n    top: 55%;\n    left: 6%;\n    width: 33%;\n    display: block;\n}\n\n.tmpl_hh_content {\n    padding: 5.5% 6.34% 8.5%;\n    -webkit-box-sizing: border-box;\n    -moz-box-sizing: border-box;\n    box-sizing: border-box;\n    margin: 0 auto;\n    color: #000;\n    font-size: 14px;\n    line-height: 19px;\n}\n\n.tmpl_hh_content p:first-child,\n.tmpl_hh_content>strong:first-child,\n.tmpl_hh_content div>strong:first-child {\n    margin-top: 0 !important;\n}\n\n.tmpl_hh_content p,\n.tmpl_hh_content b,\n.tmpl_hh_content strong {\n    margin: 33px 0 0;\n}\n\n.tmpl_hh_content b,\n.tmpl_hh_content strong {\n    display: inline-block;\n    font-size: 17px;\n    line-height: 22px;\n    text-transform: uppercase;\n}\n\n.tmpl_hh_content ul {\n    list-style: none !important;\n}\n\n.tmpl_hh_content ol {\n    list-style: decimal outside;\n}\n\n.tmpl_hh_content ul,\n.tmpl_hh_content ol {\n    margin-left: 13px;\n    margin-top: 15px;\n}\n\n.tmpl_hh_content ul ul,\n.tmpl_hh_content ul ol,\n.tmpl_hh_content ol ol,\n.tmpl_hh_content ol ul {\n    margin-top: 8px;\n}\n\n.tmpl_hh_content ul li,\n.tmpl_hh_content ol li {\n    position: relative;\n    margin-bottom: 8px;\n}\n\n.tmpl_hh_content ul>li:before {\n    content: '\\2022';\n    position: absolute;\n    left: -13px;\n    top: 0;\n    font-weight: bold;\n    color: #00e2b7;\n}\n\np.tmpl_hh_bottom {\n    text-transform: uppercase;\n    font-size: 36px;\n    font-weight: bold;\n    padding: 6.5% 0 0;\n    width: 110%;\n}\n\n@media screen and (max-width: 699px) {\n    .tmpl_hh_content {\n        padding: 9.5% 13.34% 8.5%;\n    }\n    img.tmpl_hh_fon {\n        width: 161%;\n        display: block;\n        margin-left: -46%;\n    }\n    img.tmpl_hh_logo {\n        top: 74%;\n        left: 13%;\n        width: 53%;\n    }\n}    \n</style>\n \n \n \n<div class=\"tmpl_hh_wrapper\">\n    <div class=\"tmpl_hh_header\">\n         <img src=\"https://hhcdn.ru/ichameleon/116909.png\" alt=\"\" class=\"tmpl_hh_fon\">\n         <img src=\"https://hhcdn.ru/ichameleon/116908.png\" alt=\"\" class=\"tmpl_hh_logo\">\n    </div>\n    <div class=\"tmpl_hh_content\">\n        <p><strong><em>В связи с открытием внутри холдинга новой компании Делисервис, мы в поисках опытных разработчиков.</em></strong></p> <p><em><strong>Делисервис</strong> предоставляет услуги в сегменте В2В и В2С (сервис \"автоконсьерж\") по обслуживанию и ремонту автомобилей. Мы spin-off проект от первого каршеринга в России - Делимобиля. </em><br><br>Сейчас у нас есть MVP проекта, который разработан подрядчиком. Мы хотим отказаться от части решений, разработав свою платформу с нуля с использованием микросервисной архитектуры. Надо будет разрабатывать Бэкофис для сотрудников операционного отдела, логистическую систему для автоконсьержей, чат-боты для сотрудников и клиентов, основной сайт и лендинги, веб-кабинеты для партнеров и клиентов, публичные и внутренние API, проводить интеграции со сторонними сервисами и партнерами.<br><br>На бэкенд мы ищем специалистов уровней senior или middle. Senior в перспективе до конца года возглавит команду бэкенд-разработчиков.</p> <p><strong>ЧЕМ ПРЕДСТОИТ ЗАНИМАТЬСЯ НА ЭТОЙ ПОЗИЦИИ:</strong></p> <ul> <li>Разработка с нуля и дальнейшая поддержка бэкендов для сервисов (CRM, Логистика, Услуги, и пр.);</li> <li>Разработка и проектирование API;</li> <li>Участие в проектировании архитектуры;</li> <li>Интеграция с поставщиками услуг;</li> <li>Разработка чат-ботов для клиентов и сотрудников;</li> <li>Оптимизация и рефакторинг кода;</li> <li>Участие в Code review;</li> <li>Работа в инхаус-команде и взаимодействие с подрядчиками.</li> </ul> <p><strong>НАШИ ОЖИДАНИЯ:</strong></p> <ul> <li>Успешный опыт работы на позиции python-разработчика не менее 3х лет обязателен;</li> <li>Опыт работы с микросервисной архитектурой;</li> <li>Наличие опыта работы в команде;</li> <li>Умение разбираться в чужом коде;</li> <li>Наличие опыта работы с Django и DRF;</li> <li>Желание развиваться.</li> </ul> <p><strong>ТЕХНИЧЕСКИЙ СТЕК:</strong></p> <ul> <li>Python 3, Django 3.*;</li> <li>Javascript, React;</li> <li>Django REST Framework;</li> <li>REST API, Swagger;</li> <li>PostgreSQL, ElasticSearch;</li> <li>RabbitMQ;</li> <li>Git.</li> </ul> <strong>ЧТО МЫ ПРЕДЛАГАЕМ:</strong> <ul> <li>Быть частью крутой команды, которая скоро сделает самый успешный в Европе аналог таких крутых проектов, как Wrench и YourMechanic, кардинально поменяв рынок авто-сервисных услуг.</li> <li>Решать сложные и интересные задачи.</li> <li>Официальные трудовые отношения в соответствии с ТК РФ.</li> <li>Полностью официальную заработную плату.</li> <li>ДМС после прохождения испытательного срока.</li> <li>Корпоративное питание.</li> <li>Молодой коллектив.</li> <li>График работы с гибким началом рабочего дня, пару дней в неделю можно работать удаленно.</li> <li>Работу в современном офисе недалеко от станций метро Преображенская площадь или Электрозаводская (7-10 мин. пешком).</li> </ul><p class=\"tmpl_hh_bottom\">тебе водить</p>\n    </div>\n</div>\n","vacancy_constructor_template":null,"key_skills":[{"name":"PostgreSQL"},{"name":"Микросервисы"},{"name":"Django Framework"},{"name":"Python"},{"name":"RebbitMQ"},{"name":"Git"}],"accept_handicapped":false,"accept_kids":false,"archived":false,"response_url":null,"specializations":[{"id":"1.221","name":"Программирование, Разработка","profarea_id":"1","profarea_name":"Информационные технологии, интернет, телеком"},{"id":"1.246","name":"Развитие бизнеса","profarea_id":"1","profarea_name":"Информационные технологии, интернет, телеком"},{"id":"1.9","name":"Web инженер","profarea_id":"1","profarea_name":"Информационные технологии, интернет, телеком"},{"id":"1.474","name":"Стартапы","profarea_id":"1","profarea_name":"Информационные технологии, интернет, телеком"}],"code":null,"hidden":false,"quick_responses_allowed":false,"driver_license_types":[],"accept_incomplete_resumes":false,"employer":{"id":"3233751","name":"Каршеринг Руссия","url":"https://api.hh.ru/employers/3233751?host=hh.ru","alternate_url":"https://hh.ru/employer/3233751","logo_urls":null,"vacancies_url":"https://api.hh.ru/vacancies?employer_id=3233751&host=hh.ru","trusted":true},"published_at":"2021-06-10T08:40:12+0300","created_at":"2021-06-10T08:40:12+0300","negotiations_url":null,"suitable_resumes_url":null,"apply_alternate_url":"https://hh.ru/applicant/vacancy_response?vacancyId=43298031","has_test":false,"test":null,"alternate_url":"https://hh.ru/vacancy/43298031","working_days":[],"working_time_intervals":[],"working_time_modes":[],"accept_temporary":false}