{"id":"43323939","premium":false,"billing_type":{"id":"standard","name":"Стандарт"},"relations":[],"name":"Senior Backend-разработчик (PHP)","insider_interview":null,"response_letter_required":false,"area":{"id":"1","name":"Москва","url":"https://api.hh.ru/areas/1?host=hh.ru"},"salary":{"from":null,"to":240000,"currency":"RUR","gross":false},"type":{"id":"open","name":"Открытая"},"address":{"city":"Москва","street":"Таганско-Краснопресненская линия","building":"метро Пушкинская","description":null,"lat":55.765747,"lng":37.6039,"raw":"Москва, Таганско-Краснопресненская линия, метро Пушкинская","metro":{"station_name":"Пушкинская","line_name":"Таганско-Краснопресненская","station_id":"7.124","line_id":"7","lat":55.765607,"lng":37.604356},"metro_stations":[{"station_name":"Пушкинская","line_name":"Таганско-Краснопресненская","station_id":"7.124","line_id":"7","lat":55.765607,"lng":37.604356},{"station_name":"Тверская","line_name":"Замоскворецкая","station_id":"2.122","line_id":"2","lat":55.765343,"lng":37.603918},{"station_name":"Чеховская","line_name":"Серпуховско-Тимирязевская","station_id":"9.123","line_id":"9","lat":55.765747,"lng":37.608493}]},"allow_messages":true,"site":{"id":"hh","name":"hh.ru"},"experience":{"id":"between3And6","name":"От 3 до 6 лет"},"schedule":{"id":"fullDay","name":"Полный день"},"employment":{"id":"full","name":"Полная занятость"},"department":null,"contacts":null,"description":"<p><strong><em>Привет!</em></strong><br />Мы развивающая онлайн-школа для учеников с 1 по 11 классы. Отрасль EdTech сейчас на подъеме, с нами ты будешь в тренде!</p> <p>Наша цель-предоставить детям лучшую платформу для получения полноценного школьного образования, не выходя из дома. А по окончанию школы, наши ученики получают <strong>аттестат</strong> <strong>государственного образца!</strong></p> <p>Немного о цифрах: в нашей школе учится 17000+ учеников из 90+ стран по всему Миру!</p> <p>Каждый год мы увеличиваемся в два раза, у нас много интересных и перспективных задач. И это не поддержка старого кода, это <strong>создание новых сервисов!</strong></p> <p><strong><em>Что мы используем:</em></strong></p> <ul> <li>PHP, Laravel, Lumen</li> <li>сервисная архитектура</li> <li>масштабируемый, сопровождаемый код, придерживаемся DDD</li> <li>ревью кода</li> <li>мы любим тесты, но без фанатизма (UnitTest, API и UI автотесты)</li> <li>пишем код по стандарту PSR 12</li> <li>придерживаемся SCRUM</li> <li>GitLab (CI/CD)</li> <li>GitFlow</li> <li>Jira</li> </ul> <p> </p> <p><strong><em>Что предстоит делать:</em></strong></p> <ul> <li>плотное взаимодействие с менеджерами проектов и аналитиками</li> <li>обсуждение ТЗ и участие в планировании спринта</li> <li>небольшое менторство над группой разработчиков</li> <li>писать чистый сопровождаемый код</li> <li>создавать масштабируемую архитектуру приложения</li> <li>разработка новых сервисов, а также интеграция с существующими</li> <li>улучшение и рефакторинг отдельных модулей, вплоть до написания с нуля</li> <li>проводить код ревью коллег</li> <li>написание unit-тестов</li> </ul> <p><strong><em>У нас:</em></strong></p> <ul> <li>интересные новые проекты и задачи</li> <li>реальная возможность карьерного роста</li> <li>молодой и дружный коллектив</li> <li>минимум официоза-максимум дела</li> <li>открытые коммуникации в команде</li> <li>профессиональный и лояльный руководитель (всегда можно обратиться за советом)</li> <li>сборка рабочего стола на твое усмотрение (ноутбук/компьютер)</li> <li>возможность использования новых технологий и обучение сотрудников</li> <li>возможность миксовать работу в офисе и на удаленке</li> <li>оформление по ТК РФ в первый день</li> <li>белая заработная плата (по результатам интервью, в зависимости от опыта кандидата)</li> <li>светлый и уютный офис в центре Москвы</li> <li>по стандарту: чай, кофе, печеньки, фрукты :)</li> </ul> <p><strong><em>Ты нам подходишь, если:</em></strong></p> <ul> <li>у тебя опыт разработки на PHP от 4х лет</li> <li>ты работал с фреймворками (желательно Laravel, но не обязательно)</li> <li>разумно подходишь к развитию кодовой базы проекта: не любишь усложнять код там, где не нужно; стремишься к порядку и улучшению</li> <li>понимаешь, когда привнесение новой библиотеки или нового подхода принесёт пользу, а когда потребует только лишних усилий</li> </ul> <p> </p> <p><em>Смело откликайся и мы более подробно обо всем расскажем!</em></p>","branded_description":null,"vacancy_constructor_template":null,"key_skills":[{"name":"PostgreSQL"},{"name":"Git"},{"name":"Laravel"},{"name":"PHP"},{"name":"Работа с базами данных"},{"name":"MySQL"}],"accept_handicapped":false,"accept_kids":false,"archived":false,"response_url":null,"specializations":[{"id":"1.221","name":"Программирование, Разработка","profarea_id":"1","profarea_name":"Информационные технологии, интернет, телеком"}],"code":null,"hidden":false,"quick_responses_allowed":false,"driver_license_types":[],"accept_incomplete_resumes":false,"employer":{"id":"2915932","name":"InternetUrok","url":"https://api.hh.ru/employers/2915932?host=hh.ru","alternate_url":"https://hh.ru/employer/2915932","logo_urls":{"original":"https://hhcdn.ru/employer-logo-original/771954.png","90":"https://hhcdn.ru/employer-logo/3528773.png","240":"https://hhcdn.ru/employer-logo/3528774.png"},"vacancies_url":"https://api.hh.ru/vacancies?employer_id=2915932&host=hh.ru","trusted":true},"published_at":"2021-06-02T09:10:06+0300","created_at":"2021-06-02T09:10:06+0300","negotiations_url":null,"suitable_resumes_url":null,"apply_alternate_url":"https://hh.ru/applicant/vacancy_response?vacancyId=43323939","has_test":false,"test":null,"alternate_url":"https://hh.ru/vacancy/43323939","working_days":[],"working_time_intervals":[],"working_time_modes":[],"accept_temporary":false}