{"id":"43359039","premium":false,"billing_type":{"id":"standard","name":"Стандарт"},"relations":[],"name":"Senior backend developer С#","insider_interview":null,"response_letter_required":false,"area":{"id":"1","name":"Москва","url":"https://api.hh.ru/areas/1?host=hh.ru"},"salary":null,"type":{"id":"open","name":"Открытая"},"address":null,"allow_messages":true,"site":{"id":"hh","name":"hh.ru"},"experience":{"id":"between3And6","name":"От 3 до 6 лет"},"schedule":{"id":"fullDay","name":"Полный день"},"employment":{"id":"full","name":"Полная занятость"},"department":null,"contacts":null,"description":"<p>Букмекерская компания «Лига Ставок» — источник ярких спортивных эмоций для любителей ставок на спорт.</p> <p>Приглашаем тебя принять участие в разработке новой высоконагруженной букмекерской платформы.</p> <p>Разработка ведется на .net core 3.1, c# 8.0 .</p> <p>У нас огромный бэклог, современный стек технологий и прекрасные возможности для самореализации и профессионального развития .</p> <p>Мы – команда из опытных профессионалов и целеустремленных единомышленников.</p> <p>Используем практики гибких методологий и стремимся сделать наш продукт лучшим на рынке.</p> <p>У нас подобралась отличная команда и нам не хватает только тебя!</p> <p> </p> <p><strong>Чем предстоит заниматься:</strong></p> <ul> <li>Создание новой технологической платформы;</li> <li>Разработка backend на .net core 3.1, c# 8.0;</li> <li>Написание unit-тестов;</li> <li>Работа с NoSQL стэком;</li> <li>Участие в проектировании архитектуры.</li> <li>Участие в развитии ci/cd.</li> </ul> <p><strong>Мы ждём от кандидата:</strong></p> <ul> <li>Опыт backend разработки на C# от 5 лет;</li> <li>Глубокие знания .net, c#;</li> <li>Опыт разработки многопоточных приложений;</li> <li>Опыт работы с ORM (Dapper, EF, etc.);</li> <li>Широкий IT background;</li> <li>Владение английским языком на уровне не ниже, чем свободное чтение технической документации.</li> </ul> <p><strong>Плюсом будет наличие опыта работы со следующими технологиями:</strong></p> <ul> <li>Знание SQL;</li> <li>RabbitMQ, Kafka;</li> <li>Работа в MSA архитектуре.</li> </ul> <p> </p> <p><strong>Что мы предлагаем:</strong></p> <ul> <li>У нас современный офис в центре Москвы (от метро Белорусская в паре минут пешком);</li> <li>Гибридный формат работы: офис/удаленка;</li> <li>Достойный уровень заработанной платы (определяется по итогам собеседования);</li> <li>Оформление согласно ТК РФ, полный соц.пакет;</li> <li>Компенсация обедов, ДМС;</li> <li>Возможность прохождения профильных курсов за счёт Компании;</li> <li>Обширные возможности для профессионального и карьерного роста в дружной команде профессионалов.</li> </ul> <p> </p>","branded_description":null,"vacancy_constructor_template":null,"key_skills":[],"accept_handicapped":false,"accept_kids":false,"archived":false,"response_url":null,"specializations":[{"id":"1.221","name":"Программирование, Разработка","profarea_id":"1","profarea_name":"Информационные технологии, интернет, телеком"}],"code":null,"hidden":false,"quick_responses_allowed":false,"driver_license_types":[],"accept_incomplete_resumes":false,"employer":{"id":"223129","name":"Лига Ставок","url":"https://api.hh.ru/employers/223129?host=hh.ru","alternate_url":"https://hh.ru/employer/223129","logo_urls":{"original":"https://hhcdn.ru/employer-logo-original/807032.png","90":"https://hhcdn.ru/employer-logo/3669015.png","240":"https://hhcdn.ru/employer-logo/3669016.png"},"vacancies_url":"https://api.hh.ru/vacancies?employer_id=223129&host=hh.ru","trusted":true},"published_at":"2021-06-10T20:31:09+0300","created_at":"2021-06-10T20:31:09+0300","negotiations_url":null,"suitable_resumes_url":null,"apply_alternate_url":"https://hh.ru/applicant/vacancy_response?vacancyId=43359039","has_test":false,"test":null,"alternate_url":"https://hh.ru/vacancy/43359039","working_days":[],"working_time_intervals":[],"working_time_modes":[],"accept_temporary":false}