{"id":"43360314","premium":false,"billing_type":{"id":"standard","name":"Стандарт"},"relations":[],"name":"Senior Backend Developer (PL/PLUS)","insider_interview":null,"response_letter_required":false,"area":{"id":"1","name":"Москва","url":"https://api.hh.ru/areas/1?host=hh.ru"},"salary":null,"type":{"id":"open","name":"Открытая"},"address":null,"allow_messages":true,"site":{"id":"hh","name":"hh.ru"},"experience":{"id":"between3And6","name":"От 3 до 6 лет"},"schedule":{"id":"fullDay","name":"Полный день"},"employment":{"id":"full","name":"Полная занятость"},"department":null,"contacts":null,"description":"<p><strong>ГК «Иннотех»</strong> оказывает полный спектр услуг по разработке ПО для цифровизации банковской отрасли и увеличения операционной эффективности бизнеса благодаря использованию передовых технологий.</p> <p>Ищем к себе <strong>Senior Backend Developer </strong>(проект Реинжиниринг ЦФТ):</p> <p><strong>Требования:</strong></p> <ul> <li>Глубокое знание pl+, Oracle pl/sql;</li> <li>Знание основных процессов разработки программного обеспечения;</li> <li>Глубокое знание продукта «Депозиты»;</li> <li>Опыт работы от 3 лет в проектах по автоматизации банковской деятельности;</li> <li>Опыт участия в интеграционных проектах, понимание принципов и методов интеграции разнородных автоматизированных систем;</li> <li>Опыт применения test driven development (TDD);</li> <li>Опыт работы со средствами автоматизации разработки CI/DevOps (Ansible, Maven, Gradle);</li> <li>Навыки и опыт benchmarking&#39;а, troubleshouting&#39;а приложений;</li> <li>Опыт реализации высокодоступных и высокопроизводительных решений.</li> </ul> <p><strong>Основные задачи:</strong></p> <ul> <li>Адаптация кода под новый технологический стэк;</li> <li>Курирование других команд, участвующих в процессе разработки;</li> <li>Выстраивание процессов автоматизации CI/CID;</li> <li>Участие в проекте по переводу высоконагруженной и высокопроизводительной банковской системы на импортно-независимый технологический стек и инфраструктуру;</li> <li>Участие в организации и проведении внутренних митапов (по желанию).</li> </ul> <p><strong>От нас:</strong></p> <ul> <li>Возможность участвовать в крупных проектах;</li> <li>Обучение: мы ездим на профильные конференции, учимся на курсах и тренингах;</li> <li>Даем все, что нужно для успешной работы: дополнительные мониторы, мощное железо;</li> <li> <p>Ставим задачи, которые развивают и не дают скучать;</p> </li> <li> <p>У нас доброжелательные и адекватные коллеги;</p> </li> <li>Полностью официальная заработная плата;</li> <li>Пакет льгот для сотрудников от наших партнеров: ДМС, льготное кредитование и страхование, скидки на английский язык и фитнес.</li> </ul> <p> </p>","branded_description":"\n<style>\n.tmpl_hh_wrapper p,\n.tmpl_hh_wrapper a,\n.tmpl_hh_wrapper img,\n.tmpl_hh_wrapper ol,\n.tmpl_hh_wrapper ul,\n.tmpl_hh_wrapper li {\n    margin: 0;\n    padding: 0;\n    border: 0;\n    font-size: 100%;\n    font: inherit;\n    vertical-align: baseline;\n}\n\n.hht-vacancydescription {\n    padding: 0px;\n}\n\n.tmpl_hh_wrapper .l-cell,\n.tmpl_hh_wrapper .l-paddings {\n    padding: 0px !important;\n}\n\n.tmpl_hh_wrapper .b-vacancy-desc-wrapper {\n    margin-top: 0px !important;    \n}\n\n.tmpl_hh_wrapper .b-vacancy-desc {\n    overflow: visible !important;\n    line-height: inherit;\n}\n\n.tmpl_hh_content ol li b,\n.tmpl_hh_content ol li strong,\n.tmpl_hh_content ol li p b,\n.tmpl_hh_content ol li p strong,\n.tmpl_hh_content ul li b,\n.tmpl_hh_content ul li strong,\n.tmpl_hh_content ul li p b,\n.tmpl_hh_content ul li p strong {\n    font-weight: normal;\n    font-size: inherit !important;\n    color: inherit !important;\n    margin: 0 !important;\n    text-transform: none;\n    line-height: inherit;\n}\n\n.tmpl_hh_content ol li p,\n.tmpl_hh_content ul li p {\n    font-weight: normal;\n    margin: 0;\n}\n\n.tmpl_hh_content p b,\n.tmpl_hh_content p strong {\n    display: inline;\n    margin: 0 0 0;\n}\n\n.tmpl_hh_wrapper {\n    width: 100%;\n    margin: 0 auto;\n    max-width: 690px;\n    position: relative;\n    word-break: normal;\n    color: #000000;\n    overflow: hidden;\n    font-family: 'Arial';\n    font-size: 16px;\n    line-height: 24px;\n}\n\n.tmpl_hh_wrapper img {\n    width: 100%;\n    display: block;\n}\n\n.tmpl_hh_content {\n    padding: 57px 40px 77px;\n    position: relative;\n    z-index: 1;\n}\n\n.tmpl_hh_content p:first-child,\n.tmpl_hh_content>strong:first-child,\n.tmpl_hh_content div>strong:first-child {\n    margin-top: 0 !important;\n}\n\n.tmpl_hh_content p,\n.tmpl_hh_content b,\n.tmpl_hh_content strong {\n   margin: 52px 0 19px;\n}\n\n.tmpl_hh_content b, \n.tmpl_hh_content strong {\n    display: inline-block;\n    font-weight: bold;\n    font-size: 18px;\n    line-height: 18px;\n}\n\n.tmpl_hh_content ol, \n.tmpl_hh_content ul {\n    margin-left: 17px;\n    list-style: none !important;\n}\n\n.tmpl_hh_content ol {\n    counter-reset: list_counter;\n}\n\n.tmpl_hh_content li {\n    position: relative;\n    font-size: 14px;\n    line-height: 22px;\n    margin-bottom: 8px;\n}\n\n.tmpl_hh_content ul ul,\n.tmpl_hh_content ul ol,\n.tmpl_hh_content ol ol,\n.tmpl_hh_content ol ul {\n    margin-top: 8px;\n}\n\n.tmpl_hh_content ol>li {\n    counter-increment: list_counter;    \n}\n\n.tmpl_hh_content li:before {\n    position: absolute;\n    left: -17px;\n    top: 0;\n}\n\n.tmpl_hh_content ul>li:before {\n    content: \"\";\n    border-radius: 50%;\n    background-color: rgb(0, 102, 229);\n    top: 7px;\n    width: 8px;\n    height: 8px;\n}\n\n.tmpl_hh_content ol>li:before {\n    content: counter(list_counter)'.';\n    left: auto;\n    right: 100%;\n    margin-right: 2px;\n}\n\n.tmpl_hh_flex {\n    display: -webkit-box;\n    display: -ms-flexbox;\n    display: flex;\n    -webkit-box-pack: justify;\n    -ms-flex-pack: justify;\n    justify-content: space-between;\n    -ms-flex-wrap: wrap;\n    flex-wrap: wrap;\n}\n\n.tmpl_hh_header {\n    position: relative;\n}\n\n@media screen and (max-width: 699px) {\n    .tmpl_hh_content ul>li:before {\n        content: \"\\2022\";\n        color: rgb(0, 102, 229);\n        top: 0;\n        width: 0;\n        height: 0;\n    }\n\n    .tmpl_hh_content {\n        padding: 35px 4% 35px;\n    }\n}\n\n\n</style>\n\n\n<div class=\"tmpl_hh_wrapper\">\n    <div class=\"tmpl_hh_header\">\n       <img src=\"https://hhcdn.ru/ichameleon/166021.jpg\" alt=\"\">\n    </div>\n    <div class=\"tmpl_hh_content\">\n       <p><strong>ГК «Иннотех»</strong> оказывает полный спектр услуг по разработке ПО для цифровизации банковской отрасли и увеличения операционной эффективности бизнеса благодаря использованию передовых технологий.</p> <p>Ищем к себе <strong>Senior Backend Developer </strong>(проект Реинжиниринг ЦФТ):</p> <p><strong>Требования:</strong></p> <ul> <li>Глубокое знание pl+, Oracle pl/sql;</li> <li>Знание основных процессов разработки программного обеспечения;</li> <li>Глубокое знание продукта «Депозиты»;</li> <li>Опыт работы от 3 лет в проектах по автоматизации банковской деятельности;</li> <li>Опыт участия в интеграционных проектах, понимание принципов и методов интеграции разнородных автоматизированных систем;</li> <li>Опыт применения test driven development (TDD);</li> <li>Опыт работы со средствами автоматизации разработки CI/DevOps (Ansible, Maven, Gradle);</li> <li>Навыки и опыт benchmarking'а, troubleshouting'а приложений;</li> <li>Опыт реализации высокодоступных и высокопроизводительных решений.</li> </ul> <p><strong>Основные задачи:</strong></p> <ul> <li>Адаптация кода под новый технологический стэк;</li> <li>Курирование других команд, участвующих в процессе разработки;</li> <li>Выстраивание процессов автоматизации CI/CID;</li> <li>Участие в проекте по переводу высоконагруженной и высокопроизводительной банковской системы на импортно-независимый технологический стек и инфраструктуру;</li> <li>Участие в организации и проведении внутренних митапов (по желанию).</li> </ul> <p><strong>От нас:</strong></p> <ul> <li>Возможность участвовать в крупных проектах;</li> <li>Обучение: мы ездим на профильные конференции, учимся на курсах и тренингах;</li> <li>Даем все, что нужно для успешной работы: дополнительные мониторы, мощное железо;</li> <li> <p>Ставим задачи, которые развивают и не дают скучать;</p> </li> <li> <p>У нас доброжелательные и адекватные коллеги;</p> </li> <li>Полностью официальная заработная плата;</li> <li>Пакет льгот для сотрудников от наших партнеров: ДМС, льготное кредитование и страхование, скидки на английский язык и фитнес.</li> </ul> <p> </p></div>\n</div>\n\n","vacancy_constructor_template":null,"key_skills":[{"name":"Oracle Pl/SQL"},{"name":"Управление разработкой"},{"name":"pl+"}],"accept_handicapped":false,"accept_kids":false,"archived":false,"response_url":null,"specializations":[{"id":"1.395","name":"Банковское ПО","profarea_id":"1","profarea_name":"Информационные технологии, интернет, телеком"},{"id":"1.221","name":"Программирование, Разработка","profarea_id":"1","profarea_name":"Информационные технологии, интернет, телеком"},{"id":"1.327","name":"Управление проектами","profarea_id":"1","profarea_name":"Информационные технологии, интернет, телеком"}],"code":null,"hidden":false,"quick_responses_allowed":false,"driver_license_types":[],"accept_incomplete_resumes":false,"employer":{"id":"4649269","name":"Иннотех, Группа компаний","url":"https://api.hh.ru/employers/4649269?host=hh.ru","alternate_url":"https://hh.ru/employer/4649269","logo_urls":{"90":"https://hhcdn.ru/employer-logo/3621227.png","240":"https://hhcdn.ru/employer-logo/3621228.png","original":"https://hhcdn.ru/employer-logo-original/795085.png"},"vacancies_url":"https://api.hh.ru/vacancies?employer_id=4649269&host=hh.ru","trusted":true},"published_at":"2021-05-28T14:58:00+0300","created_at":"2021-05-28T14:58:00+0300","negotiations_url":null,"suitable_resumes_url":null,"apply_alternate_url":"https://hh.ru/applicant/vacancy_response?vacancyId=43360314","has_test":false,"test":null,"alternate_url":"https://hh.ru/vacancy/43360314","working_days":[],"working_time_intervals":[],"working_time_modes":[],"accept_temporary":false}