{"id":"43379230","premium":false,"billing_type":{"id":"standard","name":"Стандарт"},"relations":[],"name":"Java Backend разработчик (Middle/Senior)","insider_interview":null,"response_letter_required":false,"area":{"id":"1","name":"Москва","url":"https://api.hh.ru/areas/1?host=hh.ru"},"salary":null,"type":{"id":"open","name":"Открытая"},"address":null,"allow_messages":true,"site":{"id":"hh","name":"hh.ru"},"experience":{"id":"between3And6","name":"От 3 до 6 лет"},"schedule":{"id":"fullDay","name":"Полный день"},"employment":{"id":"full","name":"Полная занятость"},"department":null,"contacts":null,"description":"<p><strong>Уже больше 25 лет мы являемся бесспорным лидером рынка ритейла автомобильных запасных частей. Мы не останавливаемся на достигнутом и инициируем новые проекты во многих областях бизнеса. </strong></p> <p><strong>Приглашаем в команду Java разработчика!</strong></p> <p><strong>Требования:</strong></p> <ul> <li>Уверенное знание Java, J2EE: Spring Framework (Spring MVC, Spring Webservices, Spring Security, Spring Integration), Servlets/JSP.</li> <li>Уверенное знание SQL, СУБД Oracle.</li> <li>XML (DOM, SAX, StAX, XML Schema).</li> <li>Опыт работы с Maven/ANT.</li> <li>Понимание принципов интеграции приложений, знание интеграционных технологий и стандартов: SOAP/Web Services, RESTful.</li> <li>Знание и опыт применения шаблонов проектирования.</li> <li>Знание типовых архитектур информационных систем для обеспечения надежности и производительности (построение кластеров, балансировщики и т.д.).</li> <li>Опыт работы с системами контроля версий (GIT).</li> </ul> <p><em><strong>Будет плюсом, если у Вас есть: </strong></em></p> <ul> <li>Опыт работы в e-commerce, в особенности с промышленными e-commerce-платформами (Oracle, SAP, IBM).</li> <li>Опыт FE-разработки.</li> <li>Опыт разработки мобильных приложений (Android/iOS).</li> <li>Опыт работы с Apache SOLR / Redis.</li> <li>Опыт разработки высоконагруженных систем.</li> <li>Продвинутое знание Linux, опыт администрирования.</li> </ul> <p><strong>Обязанности:</strong></p> <ul> <li>Участие в разработке задач backend составляющей, высоконагруженного проекта, SAP Hybris.</li> <li>Участие в роли технического специалиста при постановке задач. (общение с Бизнес-аналитиком).</li> <li>Разработка новой функциональности.</li> <li>Анализ существующего кода, выявление, устранение ошибок.</li> <li>Оптимизация производительности.</li> </ul> <p><strong>Мы предлагаем:</strong></p> <ul> <li>Высокая заработная плата (обсуждается по итогам собеседования с успешным кандидатом).</li> <li><em><strong>Интересные и сложные задачи в работе с SAP Hybris (</strong></em>sap commerce cloud 2005<em><strong>).</strong></em></li> <li><em><strong>Возможность повысить свой уровень засчет</strong></em> работы в высоконагруженном проекте, изучения разнообразных интеграций с партнерами.</li> <li>Возможность на равных обсуждать бизнес-фичи на стадии формирования.</li> <li>Регулярное повышения квалификации и обучение за счет компании.</li> <li>График работы 5/2 с 09.00 до 18.00 / в пятницу до 16.20 (возможна удаленная работа с частичным присутствием в офисе).</li> <li>Оформление по ТК РФ (оплачиваемый отпуск и больничный).</li> <li>Скидки на продукцию и услуги компании.</li> </ul> <p> </p>","branded_description":"\n<style>\n.tmpl_hh_wrapper p,\n.tmpl_hh_wrapper blockquote,\n.tmpl_hh_wrapper a,\n.tmpl_hh_wrapper img,\n.tmpl_hh_wrapper ol,\n.tmpl_hh_wrapper ul,\n.tmpl_hh_wrapper li {\n    margin: 0;\n    padding: 0;\n    border: 0;\n    font-size: 100%;\n    font: inherit;\n    vertical-align: baseline;\n}\n\n.hht-vacancydescription {\n    padding: 0;\n}\n\n.tmpl_hh_wrapper .l-cell,\n.tmpl_hh_wrapper .l-paddings {\n    padding: 0;\n}\n\n.tmpl_hh_wrapper .b-vacancy-desc-wrapper {\n    margin-top: 0;\n}\n\n.b-vacancy-desc {\n    overflow: visible;\n}\n\n.tmpl_hh_content ol li b,\n.tmpl_hh_content ol li strong,\n.tmpl_hh_content ol li p b,\n.tmpl_hh_content ol li p strong,\n.tmpl_hh_content ul li b,\n.tmpl_hh_content ul li strong,\n.tmpl_hh_content ul li p b,\n.tmpl_hh_content ul li p strong {\n    font-weight: normal;\n    font-size: inherit !important;\n    color: inherit !important;\n    margin: 0 !important;\n    text-transform: none;\n    display: inline;\n}\n\n.tmpl_hh_content ol li p,\n.tmpl_hh_content ul li p {\n    font-weight: normal;\n    margin: 0;\n    display: inline;\n}\n\n.tmpl_hh_content p b,\n.tmpl_hh_content p strong {\n    display: inline;\n    margin: 0;\n}\n\n.tmpl_hh_svg {\n    width: 100%;\n    height: 100%;\n    position: absolute;\n    top: 0;\n    left: 0;\n}\n\n.tmpl_hh_flex {\n    display: -webkit-box;\n    display: -ms-flexbox;\n    display: flex;\n    -webkit-box-pack: justify;\n    -ms-flex-pack: justify;\n    justify-content: space-between;\n}\n\n.tmpl_hh_wrapper {\n    width: 100%;\n    max-width: 690px;\n    margin: 0 auto;\n    position: relative;\n    overflow: hidden;\n    word-break: normal;\n    font-family: 'Verdana', sans-serif;\n    color: #242424;\n    font-size: 14px;\n    line-height: 16px;\n}\n\n.tmpl_hh_wrapper img {\n    width: 100%;\n    display: block;\n    -webkit-user-select: none;\n    -moz-user-select: none;\n    -ms-user-select: none;\n    user-select: none;\n}\n\n.tmpl_hh_header {\n    position: relative;\n    color: #fff;\n}\n\n.tmpl_hh_header__text {\n    position: relative;\n    z-index: 5;\n    background: #0b2c4e;\n    padding: 3.2% 4% 3.8% 5.8%;\n    margin-top: -9%;\n    letter-spacing: -0.7px;\n}\n\n.tmpl_hh_header__text:before {\n    position: absolute;\n    content: '';\n    background: #0b2c4e;\n    width: 100%;\n    bottom: 100%;\n    padding-bottom: 2%;\n    left: 0;\n    opacity: 0.5;\n}\n\n.tmpl_hh_header__text p:first-child {\n    margin-top: 0 !important;\n}\n\n.tmpl_hh_header__text p {\n    margin-top: 2.5%;\n}\n\n.tmpl_hh_content {\n    padding: 6% 5.9% 5%;\n    letter-spacing: -0.36px;\n}\n\n.tmpl_hh_content p,\n.tmpl_hh_content b,\n.tmpl_hh_content strong {\n    display: block;\n    margin: 4.2% 0 1.5%;\n}\n\n.tmpl_hh_content b,\n.tmpl_hh_content strong {\n    font-size: 18px;\n    line-height: 18px;\n    font-weight: normal;\n}\n\n.tmpl_hh_content p:first-child,\n.tmpl_hh_content b:first-child,\n.tmpl_hh_content strong:first-child {\n    margin-top: 0 !important;\n}\n\n.tmpl_hh_content ul,\n.tmpl_hh_content ul ul {\n    list-style: none;\n}\n\n.tmpl_hh_content ol {\n    list-style: none;\n    counter-reset: list;\n}\n\n.tmpl_hh_content ol,\n.tmpl_hh_content ul {\n    margin-left: 3%;\n}\n\n.tmpl_hh_content ul li,\n.tmpl_hh_content ol li {\n    position: relative;\n    margin-bottom: 8px;\n}\n\n.tmpl_hh_content ul ul,\n.tmpl_hh_content ul ol,\n.tmpl_hh_content ol ol,\n.tmpl_hh_content ol ul {\n    margin-top: 8px;\n}\n\n.tmpl_hh_content ol > li {\n    counter-increment: list;\n}\n\n.tmpl_hh_content ul > li:before,\n.tmpl_hh_content ol > li:before {\n    position: absolute;\n    left: -18px;\n    top: 0;\n}\n\n.tmpl_hh_content ul > li:before {\n    content: \"\\2014\";\n}\n\n.tmpl_hh_content ol > li:before {\n    content: counter(list) \".\";\n    left: auto;\n    right: 100%;\n    margin-right: 2px;\n}\n\n.tmpl_hh_footer {\n    position: relative;\n    color: #fff;\n    font-size: 24px;\n    text-transform: uppercase;\n}\n\n.tmpl_hh_footer__text {\n    position: relative;\n    width: 54%;\n    background: #0b2c4e;\n    text-align: center;\n}\n\n.tmpl_hh_footer__text p {\n    position: absolute;\n    left: 0;\n    right: 0;\n    top: 50%;\n    transform: translateY(-50%);\n    letter-spacing: -2px;\n}\n\n.tmpl_hh_footer__image {\n    width: 46%;\n}\n\n\n/*Mob*/\n@media (max-width: 699px) {\n    \n    \n    .tmpl_hh_header__text {\n        margin-top: 0;\n        padding: 6% 2% 8% 3%;\n    }\n\n    .tmpl_hh_header__text p:first-child {\n        padding-right: 0 !important;\n    }\n\n    .tmpl_hh_header__text p {\n        margin-top: 5.5%;\n        padding-right: 3%;\n    }\n    .tmpl_hh_header__text:before {\n    padding-bottom: 4%;\n    }\n\n    .tmpl_hh_content {\n        padding: 9.6% 3% 6.5%;\n    }\n\n    .tmpl_hh_content p,\n    .tmpl_hh_content b,\n    .tmpl_hh_content strong {\n        margin: 8.5% 0 3.5%;\n    }\n\n    .tmpl_hh_content ol,\n    .tmpl_hh_content ul {\n        margin-left: 6.5%;\n    }\n\n    .tmpl_hh_content ul > li:before,\n    .tmpl_hh_content ol > li:before {\n        left: -20px;\n    }\n\n    .tmpl_hh_footer {\n        font-size: 14px;\n    }\n\n    .tmpl_hh_footer__text p {\n        letter-spacing: -1px;\n    }\n}\n</style>\n\n<script>\n//\n\n//\n</script>\n\n\n<div class=\"tmpl_hh_wrapper\">\n    <div class=\"tmpl_hh_header\">\n        <img src=\"https://hhcdn.ru/ichameleon/130820.jpg\" alt=\"\">\n        <div class=\"tmpl_hh_header__text\">\n            <p>\n                Компания БИ-БИ - крупнейшая розничная сеть магазинов автозапчастей в России. Наши магазины вот уже три десятилетия открывают свои двери клиентам более чем в 40 городах по всей стране.\n            </p>\n            <p>\n                Сотрудники компании – это высококвалифицированная команда с многолетним опытом работы. Большая часть сотрудников, преданная своему любимому делу, работает в компании более 10 лет. Нас объединяют одни ценности – любовь к автомобилям, забота о клиентах, взаимопомощь и поддержка в дружном коллективе.\n            </p>\n        </div>\n    </div>\n    <div class=\"tmpl_hh_content\">\n        <p><strong>Уже больше 25 лет мы являемся бесспорным лидером рынка ритейла автомобильных запасных частей. Мы не останавливаемся на достигнутом и инициируем новые проекты во многих областях бизнеса. </strong></p> <p><strong>Приглашаем в команду Java разработчика!</strong></p> <p><strong>Требования:</strong></p> <ul> <li>Уверенное знание Java, J2EE: Spring Framework (Spring MVC, Spring Webservices, Spring Security, Spring Integration), Servlets/JSP.</li> <li>Уверенное знание SQL, СУБД Oracle.</li> <li>XML (DOM, SAX, StAX, XML Schema).</li> <li>Опыт работы с Maven/ANT.</li> <li>Понимание принципов интеграции приложений, знание интеграционных технологий и стандартов: SOAP/Web Services, RESTful.</li> <li>Знание и опыт применения шаблонов проектирования.</li> <li>Знание типовых архитектур информационных систем для обеспечения надежности и производительности (построение кластеров, балансировщики и т.д.).</li> <li>Опыт работы с системами контроля версий (GIT).</li> </ul> <p><em><strong>Будет плюсом, если у Вас есть: </strong></em></p> <ul> <li>Опыт работы в e-commerce, в особенности с промышленными e-commerce-платформами (Oracle, SAP, IBM).</li> <li>Опыт FE-разработки.</li> <li>Опыт разработки мобильных приложений (Android/iOS).</li> <li>Опыт работы с Apache SOLR / Redis.</li> <li>Опыт разработки высоконагруженных систем.</li> <li>Продвинутое знание Linux, опыт администрирования.</li> </ul> <p><strong>Обязанности:</strong></p> <ul> <li>Участие в разработке задач backend составляющей, высоконагруженного проекта, SAP Hybris.</li> <li>Участие в роли технического специалиста при постановке задач. (общение с Бизнес-аналитиком).</li> <li>Разработка новой функциональности.</li> <li>Анализ существующего кода, выявление, устранение ошибок.</li> <li>Оптимизация производительности.</li> </ul> <p><strong>Мы предлагаем:</strong></p> <ul> <li>Высокая заработная плата (обсуждается по итогам собеседования с успешным кандидатом).</li> <li><em><strong>Интересные и сложные задачи в работе с SAP Hybris (</strong></em>sap commerce cloud 2005<em><strong>).</strong></em></li> <li><em><strong>Возможность повысить свой уровень засчет</strong></em> работы в высоконагруженном проекте, изучения разнообразных интеграций с партнерами.</li> <li>Возможность на равных обсуждать бизнес-фичи на стадии формирования.</li> <li>Регулярное повышения квалификации и обучение за счет компании.</li> <li>График работы 5/2 с 09.00 до 18.00 / в пятницу до 16.20 (возможна удаленная работа с частичным присутствием в офисе).</li> <li>Оформление по ТК РФ (оплачиваемый отпуск и больничный).</li> <li>Скидки на продукцию и услуги компании.</li> </ul> <p> </p></div>\n    <div class=\"tmpl_hh_footer\">\n        <div class=\"tmpl_hh_footer__items tmpl_hh_flex\">\n            <div class=\"tmpl_hh_footer__text\">\n                <p>\n                    <b>Нам по пути!</b>\n                </p>\n            </div>\n            <div class=\"tmpl_hh_footer__image\">\n                <img src=\"https://hhcdn.ru/ichameleon/130818.jpg\" alt=\"\">\n            </div>\n        </div>\n    </div>\n</div>\n\n","vacancy_constructor_template":null,"key_skills":[],"accept_handicapped":false,"accept_kids":false,"archived":false,"response_url":null,"specializations":[{"id":"1.221","name":"Программирование, Разработка","profarea_id":"1","profarea_name":"Информационные технологии, интернет, телеком"},{"id":"1.82","name":"Инженер","profarea_id":"1","profarea_name":"Информационные технологии, интернет, телеком"}],"code":null,"hidden":false,"quick_responses_allowed":false,"driver_license_types":[],"accept_incomplete_resumes":false,"employer":{"id":"2651848","name":"АТЛАНТ","url":"https://api.hh.ru/employers/2651848?host=hh.ru","alternate_url":"https://hh.ru/employer/2651848","logo_urls":{"original":"https://hhcdn.ru/employer-logo-original/580803.jpg","240":"https://hhcdn.ru/employer-logo/2764468.jpeg","90":"https://hhcdn.ru/employer-logo/2764467.jpeg"},"vacancies_url":"https://api.hh.ru/vacancies?employer_id=2651848&host=hh.ru","trusted":true},"published_at":"2021-05-17T09:04:30+0300","created_at":"2021-05-17T09:04:30+0300","negotiations_url":null,"suitable_resumes_url":null,"apply_alternate_url":"https://hh.ru/applicant/vacancy_response?vacancyId=43379230","has_test":false,"test":null,"alternate_url":"https://hh.ru/vacancy/43379230","working_days":[],"working_time_intervals":[],"working_time_modes":[],"accept_temporary":false}