{"id":"43449451","premium":false,"billing_type":{"id":"standard","name":"Стандарт"},"relations":[],"name":"Ведущий backend-разработчик (DDoS Protection)","insider_interview":null,"response_letter_required":false,"area":{"id":"1","name":"Москва","url":"https://api.hh.ru/areas/1?host=hh.ru"},"salary":null,"type":{"id":"open","name":"Открытая"},"address":{"city":"Москва","street":"Авиамоторная улица","building":"10","description":null,"lat":55.753985,"lng":37.714456,"raw":"Москва, Авиамоторная улица, 10","metro":null,"metro_stations":[]},"allow_messages":true,"site":{"id":"hh","name":"hh.ru"},"experience":{"id":"between3And6","name":"От 3 до 6 лет"},"schedule":{"id":"fullDay","name":"Полный день"},"employment":{"id":"full","name":"Полная занятость"},"department":null,"contacts":null,"description":"<p>Привет. Это G-Core Labs.</p> <p>Мы делаем интернет быстрее, надёжнее и безопаснее.</p> <p>Для этого мы проектируем и обслуживаем собственные облачные сервисы, ежедневно решая сложные и интересные задачи.</p> <p>В компании уже работает более 300 человек. У нас 4 офиса, 8 продуктовых команд и 1 рекорд Гиннесса.</p> <p>Мы всегда ищем талантливых специалистов, готовых развивать продукты мирового уровня и расти вместе с компанией. За хорошую работу платим достойную зарплату.</p> <p>Присоединяйся к сильной международной команде, если мечтаешь сделать что-то заметное.</p> <p>Сейчас мы ищем опытного разработчика для развития нашего продукта «DDoS Protection».</p> <p><strong>Чем предстоит заниматься:</strong></p> <ul> <li>Разрабатывать и поддерживать функционал продукта компании DDoS Protection на базе Mitigator/Varity;</li> <li>Участвовать в разработке архитектуры (совместно с другими разработчиками и архитекторами);</li> <li>Искать и устранять баги;</li> <li>Взаимодействовать со смежными командами: уточнять требования, прорабатывать варианты реализации, консультировать смежные группы по вопросам, касающимся сервиса и архитектуры;</li> <li>Проводить Code Review других членов команды.</li> </ul> <p><strong>Мы ждём, что ты:</strong></p> <ul> <li>Работал с Python 3, Django, DRF;</li> <li>Писал на Go или хочешь его изучать;</li> <li>Отлично знаешь ООП;</li> <li>Можешь читать техническую документацию на английском языке.</li> </ul> <p><strong>Полный восторг, если ты:</strong></p> <ul> <li>Имеешь опыт работы с PostgreSQL;</li> <li>Имеешь опыт самостоятельного ведения проектов;</li> <li>Имеешь опыт работы с продуктами, связанными с защитой от DDoS-атак;</li> <li>Знаешь архитектурные принципы разработки программного обеспечения, паттерны проектирования.</li> </ul> <p><strong>Мы рады предложить:</strong></p> <ul> <li>Работу в международной IT-компании;</li> <li>Официальное трудоустройство, согласно трудовому законодательству Российской Федерации;</li> <li>&quot;Белую&quot;, конкурентоспособную зарплату;</li> <li>Уютный офис в центре Москвы или удалённую работу из города твоего проживания;</li> <li>Гибкий рабочий график (начало рабочего дня по выбору сотрудника в период с 08:00 до 11:00, окончание рабочего дня в период с 17:00 до 20:00, соответственно);</li> <li>Возможность обучаться за счет компании, посещать конференции по профессиональной тематике (мы все оплатим, развивайся на здоровье);</li> <li>Программу ДМС (включает стоматологические услуги);</li> <li>Курсы английского языка (Skyeng);</li> <li>Подарки сотрудникам на день рождения;</li> <li>Комфортные условия, которые позволят сосредоточиться на рабочих задачах (фрукты, снэки, отличный кофе, вкусный чай в офисе всегда в наличии).</li> </ul>","branded_description":null,"vacancy_constructor_template":null,"key_skills":[{"name":"Django Framework"},{"name":"Python"},{"name":"PostgreSQL"},{"name":"ООП"},{"name":"Golang"}],"accept_handicapped":false,"accept_kids":false,"archived":false,"response_url":null,"specializations":[{"id":"1.221","name":"Программирование, Разработка","profarea_id":"1","profarea_name":"Информационные технологии, интернет, телеком"}],"code":null,"hidden":false,"quick_responses_allowed":false,"driver_license_types":[],"accept_incomplete_resumes":false,"employer":{"id":"2707491","name":"G-Core Labs","url":"https://api.hh.ru/employers/2707491?host=hh.ru","alternate_url":"https://hh.ru/employer/2707491","logo_urls":{"240":"https://hhcdn.ru/employer-logo/3371813.jpeg","90":"https://hhcdn.ru/employer-logo/3371812.jpeg","original":"https://hhcdn.ru/employer-logo-original/732684.jpg"},"vacancies_url":"https://api.hh.ru/vacancies?employer_id=2707491&host=hh.ru","trusted":true},"published_at":"2021-06-07T17:14:11+0300","created_at":"2021-06-07T17:14:11+0300","negotiations_url":null,"suitable_resumes_url":null,"apply_alternate_url":"https://hh.ru/applicant/vacancy_response?vacancyId=43449451","has_test":false,"test":null,"alternate_url":"https://hh.ru/vacancy/43449451","working_days":[],"working_time_intervals":[],"working_time_modes":[],"accept_temporary":false}