{"id":"43474986","premium":false,"billing_type":{"id":"standard_plus","name":"Стандарт плюс"},"relations":[],"name":"Senior C# Developer ( Backend / Gamedev )","insider_interview":null,"response_letter_required":false,"area":{"id":"1","name":"Москва","url":"https://api.hh.ru/areas/1?host=hh.ru"},"salary":{"from":220000,"to":null,"currency":"RUR","gross":false},"type":{"id":"open","name":"Открытая"},"address":{"city":"Москва","street":"улица Ленинская Слобода","building":"19","description":null,"lat":55.708354,"lng":37.652705,"raw":"Москва, улица Ленинская Слобода, 19","metro":{"station_name":"Автозаводская","line_name":"Замоскворецкая","station_id":"2.2","line_id":"2","lat":55.706634,"lng":37.657008},"metro_stations":[{"station_name":"Автозаводская","line_name":"Замоскворецкая","station_id":"2.2","line_id":"2","lat":55.706634,"lng":37.657008}]},"allow_messages":true,"site":{"id":"hh","name":"hh.ru"},"experience":{"id":"between3And6","name":"От 3 до 6 лет"},"schedule":{"id":"fullDay","name":"Полный день"},"employment":{"id":"full","name":"Полная занятость"},"department":null,"contacts":null,"description":"<p><strong>PlayQuantum </strong>- один из самых быстрорастущих разработчиков мобильных игр на рынке.</p> <p>Мы делаем игру Dragon Champions, классный баттлер в фэнтезийном сеттинге для мобилок. Нам нужен крутой разработчик для разработки и развития игрового сервера. Мы ждем человека, с которым сможем обменяться знаниями, умениями и опытом. Опыт в геймдеве не обязателен, но приветствуется.</p> <p><strong>Твои задачи:</strong></p> <ul> <li> <p>Развитие и поддержка существующего клиент-серверного взаимодействия</p> </li> <li> <p>Реализация нового функционала</p> </li> <li> <p>Взаимодействие с гейм-дизайнерами</p> </li> <li> <p>Развитие и поддержка сервера обмена сообщениями в игре (чат)</p> </li> <li> <p>Развитие и поддержка системы управления игроками (админка)</p> </li> <li> <p>Оптимизация существующих механик</p> </li> <li> <p>Оптимизация производительности сетевого кода</p> </li> </ul> <p><strong>Требования:</strong></p> <ul> <li> <p>Отличное знание C# и понимание внутреннего устройства .NET изнутри</p> </li> <li> <p>Отличное знание сетевых протоколов WebSocket, TCP, HTTP</p> </li> <li> <p>Отличное знание принципов и аспектов работы RDBS и NoSQL баз данных</p> </li> <li> <p>Опыт работы с PostgreSQL и MongoDb</p> </li> <li> <p>Умение работать с асинхронных и многопоточным кодом</p> </li> </ul> <p><strong>Будет плюсом:</strong></p> <ul> <li> <p>Опыт работы с .NET Core</p> </li> <li> <p>Знание различных подходов к репликации данных для сетевых игр</p> </li> <li> <p>Опыт разработки Frontend слоя для Web (html, jquery, css) нативно или с использованием сторонних фреймворков</p> </li> <li> <p>Опыт работы с серверными ОС (Ubuntu, Debian)</p> </li> <li> <p>Опыт построения распределенных систем</p> </li> <li> <p>Опыт работы с игровым движком Unity</p> </li> </ul> <p><strong>Для тебя:</strong></p> <ul> <li> <p>Собеседование в один этап сразу с техническим директором и лидом</p> </li> <li> <p>Заработная плата выплачивается 2 раза в месяц</p> </li> <li> <p>Гибкое начало дня</p> </li> <li> <p>Профессиональный рост и интересные задачи</p> </li> <li> <p>Оплачиваемые курсы и конференции</p> </li> <li> <p>Коллектив творческих и позитивных людей</p> </li> <li> <p>Офис в 3х минутах пешком от м. Автозаводская и от ТТК на машине</p> </li> <li> <p>Бесплатные обеды, кухня с вкусняшками и кофе</p> </li> <li> <p>Массаж для сотрудников компании</p> </li> <li> <p>Просторная зона отдыха, кальяны по вечерам, PS4 Pro + 4K TV, аркадные автоматы</p> </li> <li> <p>Бесплатное обучение английскому языку с носителями</p> </li> <li> <p>На выбор: 50% оплаты ДМС, спорта или парковки</p> </li> <li> <p>Релокация с нашей поддержкой</p> </li> </ul>","branded_description":null,"vacancy_constructor_template":null,"key_skills":[{"name":"Unity"},{"name":"C#"}],"accept_handicapped":false,"accept_kids":false,"archived":false,"response_url":null,"specializations":[{"id":"1.475","name":"Игровое ПО","profarea_id":"1","profarea_name":"Информационные технологии, интернет, телеком"},{"id":"1.221","name":"Программирование, Разработка","profarea_id":"1","profarea_name":"Информационные технологии, интернет, телеком"}],"code":null,"hidden":false,"quick_responses_allowed":false,"driver_license_types":[],"accept_incomplete_resumes":false,"employer":{"id":"3380507","name":"AppQuantum","url":"https://api.hh.ru/employers/3380507?host=hh.ru","alternate_url":"https://hh.ru/employer/3380507","logo_urls":{"240":"https://hhcdn.ru/employer-logo/2799480.png","90":"https://hhcdn.ru/employer-logo/2799479.png","original":"https://hhcdn.ru/employer-logo-original/589556.png"},"vacancies_url":"https://api.hh.ru/vacancies?employer_id=3380507&host=hh.ru","trusted":true},"published_at":"2021-06-11T19:01:09+0300","created_at":"2021-06-11T19:01:09+0300","negotiations_url":null,"suitable_resumes_url":null,"apply_alternate_url":"https://hh.ru/applicant/vacancy_response?vacancyId=43474986","has_test":false,"test":null,"alternate_url":"https://hh.ru/vacancy/43474986","working_days":[],"working_time_intervals":[],"working_time_modes":[],"accept_temporary":false}