{"id":"43576602","premium":false,"billing_type":{"id":"standard_plus","name":"Стандарт плюс"},"relations":[],"name":"Ведущий разработчик backend","insider_interview":null,"response_letter_required":false,"area":{"id":"1","name":"Москва","url":"https://api.hh.ru/areas/1?host=hh.ru"},"salary":{"from":120000,"to":180000,"currency":"RUR","gross":false},"type":{"id":"open","name":"Открытая"},"address":{"city":"Москва","street":"Верейская улица","building":"29с134","description":null,"lat":55.709444,"lng":37.442302,"raw":"Москва, Верейская улица, 29с134","metro":null,"metro_stations":[]},"allow_messages":true,"site":{"id":"hh","name":"hh.ru"},"experience":{"id":"between3And6","name":"От 3 до 6 лет"},"schedule":{"id":"remote","name":"Удаленная работа"},"employment":{"id":"full","name":"Полная занятость"},"department":null,"contacts":null,"description":"<p>Компания «<strong>Виртуальные Ассистенты</strong>» создана ООО «<strong>Лаборатория Наносемантика</strong>» для реализации проекта «<strong>SMART OPEN VIRTUAL ASSISTANT (SOVA)</strong>». Мы – лидеры российского рынка технологий искусственного интеллекта, нацеленных на решение бизнес-задач крупных корпораций. Основной целью проекта <strong>SOVA</strong> является разработка голосовой операционной системы – открытой платформы, которая позволит оснащать устройства голосовым интерфейсом, создавать голосовых и текстовых умных ассистентов с открытым кодом.<br /><br />В свою дружную команду мы приглашаем <strong>Разработчика backend:</strong></p> <strong>Обязанности:</strong> <ul> <li>Участие в разработке диалоговой платформы;</li> <li>Разработка на языке python;</li> <li>Проработка и декомпозиция задач;</li> <li>Реализация и отладка сервисов входящих в платформу;</li> <li>Развитие платформы;</li> <li>Профилирование сервисов;</li> <li>Улучшение качества и скорости компонент платформы.</li> </ul> <strong>Требования:</strong> <ul> <li>Опыт работы от 4 лет;</li> <li>Высшее образование;</li> <li>Отличное знание Python;</li> <li>Отличное знание Linux (Debian/Ubuntu)</li> <li>Понимание архитектуры построения публичных сервисов;</li> <li>Понимание принципов HL/HA и опыт проектирования/реализации высоконагруженных проектов;</li> <li>Понимание принципов RestAPI;</li> <li>Опыт работы с Git или аналогичными системами;</li> <li>Понимание основ SQL;</li> <li>Плюсами будет: <ul> <li>Опыт работы с Postgres, Clockhouse, Elastic Search;</li> <li>Опыт работы с Docker и Kubernetes;</li> </ul> </li> <li>DevOps навыки (helm).</li> </ul> <strong>Условия:</strong> <p><strong>График/форма работы</strong><br />- Можно работать как удалённо, так и в офисе;</p> <p><strong>Территориальная доступность</strong><br />- Территориально офис находится в БЦ Верейская плаза-3;<br /><em>- Корпоративный транспорт</em> от станции м. Славянский б-р;<br /><em>- Общественный транспорт от станций метро</em>: Парк Победы, Кунцевская, Молодёжная, Крылатское, Филёвский Парк, Ломоносовкий пр-т, Новые Черемушки, Тёплый Стан, Ясенево;<br /><em>- От платформ</em>: Рабочий посёлок, Сетунь, Кунцево, Славянский б-р, Матвеевская.<br /><strong>Условия работы и оформления</strong><br />- Оформление по ТК РФ с первого рабочего дня;<br />- Полностью официальная заработная плата: <strong>оклад </strong>по результатам собеседования;<br />- Соблюдение норм ТК РФ.<br /><strong>Что ждёт интересного</strong><br />- Отличный молодежный коллектив, интересная и динамичная работа;<br />- Возможности для профессионального и карьерного роста;<br />- Питание - в офисе своя кухня со всем необходимым оборудованием,<br />различные кафе и столовые;<br />- Собственный тренажерный зал, оборудованный душевыми и раздевалками (+возможность заниматься с тренером);<br />- Возможность посещения профильных мероприятий (нужных сотруднику для развития курсов, конференций).</p>","branded_description":null,"vacancy_constructor_template":{"id":21758,"name":"Нано - шаблон вакансий","top_picture":{"height":510,"width":1400,"path":"https://hhcdn.ru/branding-pictures/406947.png","blurred_path":"https://hhcdn.ru/branding-pictures-blurred/406949.png"},"bottom_picture":{"height":320,"width":700,"path":"https://hhcdn.ru/branding-pictures/406951.png","blurred_path":"https://hhcdn.ru/branding-pictures-blurred/406953.png"}},"key_skills":[{"name":"Python"},{"name":"Git"},{"name":"Linux"},{"name":"SQL"},{"name":"API"}],"accept_handicapped":false,"accept_kids":false,"archived":false,"response_url":null,"specializations":[{"id":"1.221","name":"Программирование, Разработка","profarea_id":"1","profarea_name":"Информационные технологии, интернет, телеком"}],"code":null,"hidden":false,"quick_responses_allowed":false,"driver_license_types":[],"accept_incomplete_resumes":false,"employer":{"id":"4112759","name":"Лаборатория Наносемантика","url":"https://api.hh.ru/employers/4112759?host=hh.ru","alternate_url":"https://hh.ru/employer/4112759","logo_urls":{"90":"https://hhcdn.ru/employer-logo/3753927.png","240":"https://hhcdn.ru/employer-logo/3753928.png","original":"https://hhcdn.ru/employer-logo-original/828261.png"},"vacancies_url":"https://api.hh.ru/vacancies?employer_id=4112759&host=hh.ru","trusted":true},"published_at":"2021-06-11T14:30:00+0300","created_at":"2021-06-11T14:30:00+0300","negotiations_url":null,"suitable_resumes_url":null,"apply_alternate_url":"https://hh.ru/applicant/vacancy_response?vacancyId=43576602","has_test":false,"test":null,"alternate_url":"https://hh.ru/vacancy/43576602","working_days":[],"working_time_intervals":[],"working_time_modes":[],"accept_temporary":false}