{"id":"43880247","premium":false,"billing_type":{"id":"standard","name":"Стандарт"},"relations":[],"name":"Старший разработчик бекенда (Go)","insider_interview":null,"response_letter_required":false,"area":{"id":"1","name":"Москва","url":"https://api.hh.ru/areas/1?host=hh.ru"},"salary":null,"type":{"id":"open","name":"Открытая"},"address":{"city":"Москва","street":"Большой Гнездниковский переулок","building":"1с2","description":null,"lat":55.761477,"lng":37.605292,"raw":"Москва, Большой Гнездниковский переулок, 1с2","metro":{"station_name":"Пушкинская","line_name":"Таганско-Краснопресненская","station_id":"7.124","line_id":"7","lat":55.765607,"lng":37.604356},"metro_stations":[{"station_name":"Пушкинская","line_name":"Таганско-Краснопресненская","station_id":"7.124","line_id":"7","lat":55.765607,"lng":37.604356},{"station_name":"Тверская","line_name":"Замоскворецкая","station_id":"2.122","line_id":"2","lat":55.765343,"lng":37.603918},{"station_name":"Чеховская","line_name":"Серпуховско-Тимирязевская","station_id":"9.123","line_id":"9","lat":55.765747,"lng":37.608493}]},"allow_messages":true,"site":{"id":"hh","name":"hh.ru"},"experience":{"id":"between3And6","name":"От 3 до 6 лет"},"schedule":{"id":"fullDay","name":"Полный день"},"employment":{"id":"full","name":"Полная занятость"},"department":null,"contacts":null,"description":"<p>Мы разрабатываем <strong>МойОфис </strong>— безопасные офисные решения для общения и совместной работы с документами. Московский центр разработки развивает продукты корпоративной линейки: электронную почту, календарь, контакты и службу каталогов. Нашими продуктами ежедневно пользуются сотрудники крупнейших компаний, государственных учреждений и образовательных организаций.</p> <p>Наш бекенд состоит из нескольких десятков микросервисов, общающихся между собой по GRPC, а с внешним миром – через различные гейтвеи (JSON-RPC, WS, IMAP, SMTP, CalDAV, CardDAV, LDAP). Слой хранения нашей системы включает в себя различные документоориентированные и графовые базы данных, а также объектное хранилище. Мы используем специальные техники, чтобы создавать self-healing софт, способный восстанавливать работоспособность системы после длительного периода инфраструктурных проблем. Мы требовательны к производительности и качеству выпускаемых продуктов и обеспечиваем их многоуровневое тестирование.<br />В качестве <strong>бекенд-разработчика Go</strong> вам предстоит решать нетривиальные задачи, связанные с исследованием новых предметных областей, проектированием архитектуры сервисов, реализацией их бизнес-логики, а также писать юнит-тесты и документацию.</p> <p><strong>Ваши будущие задачи:</strong></p> <ul> <li>разработка микросервисов на Golang (проекты: почта, календарь, контакты, каталог)</li> <li>проектирование архитектуры подсистем</li> <li>проектирование и реализация API</li> <li>создание действительно качественного кода (производительность, тесты, документация)</li> </ul> <p><strong>Используемые технологии: </strong>Go, GRPC, RethinkDB, ArangoDB, MongoDB, Redis, NATS, Docker, Kubernetes, Prometheus, Grafana</p> <p><strong>Для нас важно:</strong></p> <ul> <li>опыт серверной разработки от 3 лет</li> <li>опыт разработки на Golang от 1 года</li> <li>опыт конкурентного и асинхронного программирования</li> <li>понимание эффективности применяемых алгоритмов</li> <li>навыки работы в Linux среде</li> <li>ответственность и достаточная самостоятельность</li> <li>уверенность при работе с существующим кодом</li> <li>английский язык на уровне чтения технической документации</li> </ul> <p><strong>Будет плюсом:</strong></p> <ul> <li>опыт работы с noSQL базами данных</li> <li>опыт реализации протоколов по англоязычным спецификациям</li> <li>опыт работы с высоконагруженными и геораспределенными системами</li> </ul> <p><strong>Мы предлагаем:</strong></p> <ul> <li>возможность работать в крупном, постоянно развивающемся проекте с нетривиальными задачами</li> <li>современные подходы к архитектуре и технологический стек</li> <li>возможность предлагать свои идеи и влиять на проект – проработайте идею с командой и она воплотится в жизнь</li> <li>наращивать экспертизу - в нашей команде принято совершенствоваться и делиться знаниями, коллеги готовы рассказать и научить тому, в чем отлично разбираются</li> <li>комфортную атмосферу – мы уважаем друг друга, открыты к общению на любые темы и ценим увлеченных людей</li> <li>профильные курсы, корпоративный английский, участие в конференциях (в т.ч. спикером, если есть желание и готовность)</li> <li>приятный социальный пакет – ДМС со стоматологией, оплачиваемое питание, завтраки и перекусы в офисе, скидки от партнеров, спортивное приложение для тренировок</li> <li>отсутствие строгого дресс-кода</li> <li>офис в центре Москвы (метро Тверская/Пушкинская/Чеховская)</li> <li>комбинированный режим работы/гибридный график работы из офиса</li> </ul>","branded_description":"\n<style>\n.tmpl_hh_wrapper p,\n.tmpl_hh_wrapper a,\n.tmpl_hh_wrapper img,\n.tmpl_hh_wrapper ol,\n.tmpl_hh_wrapper ul,\n.tmpl_hh_wrapper li {\n    margin: 0;\n    padding: 0;\n    border: 0;\n    font-size: 100%;\n    font: inherit;\n    vertical-align: baseline;\n}\n\n.hht-vacancydescription {\n    padding: 0px;\n}\n\n.tmpl_hh_wrapper .l-cell,\n.tmpl_hh_wrapper .l-paddings {\n    padding: 0px !important;\n}\n\n.tmpl_hh_wrapper .b-vacancy-desc-wrapper {\n    margin-top: 0px !important;    \n}\n\n.tmpl_hh_wrapper .b-vacancy-desc {\n    overflow: visible !important;\n    line-height: inherit;\n}\n\n.tmpl_hh_content ol li b,\n.tmpl_hh_content ol li strong,\n.tmpl_hh_content ol li p b,\n.tmpl_hh_content ol li p strong,\n.tmpl_hh_content ul li b,\n.tmpl_hh_content ul li strong,\n.tmpl_hh_content ul li p b,\n.tmpl_hh_content ul li p strong {\n    font-weight: normal;\n    font-size: inherit !important;\n    color: inherit !important;\n    margin: 0 !important;\n    text-transform: none;\n    line-height: inherit;\n}\n\n.tmpl_hh_content ol li p,\n.tmpl_hh_content ul li p {\n    font-weight: normal;\n    margin: 0;\n}\n\n.tmpl_hh_content p b,\n.tmpl_hh_content p strong {\n    display: inline;\n    margin: 0 0 0;\n}\n\n.tmpl_hh_wrapper {\n    width: 100%;\n    margin: 0 auto;\n    max-width: 690px;\n    position: relative;\n    word-break: normal;\n    color: #222222;\n    overflow: hidden;\n    font-family: 'Verdana';\n    font-size: 14px;\n    line-height: 1.57;\n}\n\n.tmpl_hh_wrapper img {\n    width: 100%;\n    display: block;\n}\n\n.tmpl_hh_content {\n    padding: 30px 8% 56px;\n    position: relative;\n    z-index: 1;\n}\n\n.tmpl_hh_content p:first-child,\n.tmpl_hh_content>strong:first-child,\n.tmpl_hh_content div>strong:first-child {\n    margin-top: 0 !important;\n}\n\n.tmpl_hh_content p,\n.tmpl_hh_content b,\n.tmpl_hh_content strong {\n   margin: 35px 0 17px;\n}\n\n.tmpl_hh_content b, \n.tmpl_hh_content strong {\n    display: inline-block;\n    font-weight: bold;\n    font-size: 17px;\n    line-height: 17px;\n}\n\n.tmpl_hh_content ol, \n.tmpl_hh_content ul {\n    list-style: none !important;\n    margin-left: 14px;\n}\n\n.tmpl_hh_content ol {\n    counter-reset: list_counter;\n}\n\n.tmpl_hh_content li {\n    position: relative;\n    margin-bottom: 9px;\n}\n\n.tmpl_hh_content ul ul,\n.tmpl_hh_content ul ol,\n.tmpl_hh_content ol ol,\n.tmpl_hh_content ol ul {\n    margin-top: 9px;\n}\n\n.tmpl_hh_content ol>li {\n    counter-increment: list_counter;    \n}\n\n.tmpl_hh_content li:before {\n    position: absolute;\n    left: -14px;\n    top: 0;\n}\n\n.tmpl_hh_content ul>li:before {\n    content: \"\\2022\";\n}\n\n.tmpl_hh_content ol>li:before {\n    content: counter(list_counter)'.';\n    left: auto;\n    right: 100%;\n    margin-right: 2px;\n}\n\n.tmpl_hh_flex {\n    display: -webkit-box;\n    display: -ms-flexbox;\n    display: flex;\n    -webkit-box-pack: justify;\n    -ms-flex-pack: justify;\n    justify-content: space-between;\n    -ms-flex-wrap: wrap;\n    flex-wrap: wrap;\n}\n\n.tmpl_hh_header {\n    position: relative;\n    padding: 4% 5.8% 0 12.5%;\n}\n\nimg.tmpl_hh_header__logo {\n    width: 25%;\n    position: absolute;\n    left: 8%;\n    top: 26%;\n}\n\np.tmpl_hh_footer__slogan {\n    font-size: 24px;\n    line-height: 24px;\n    text-align: center;\n    font-weight: bold;\n    padding: 46px 0 54px 7%;\n}\n\n.tmpl_hh_footer {\n    position: relative;\n    margin: 0 7.5% 0 8%;\n}\n\n@media screen and (max-width: 699px) {\n    .tmpl_hh_content {\n        padding: 7px 3% 25px;\n    }\n\n    img.tmpl_hh_header__logo {\n        width: 45%;\n        left: 3%;\n        top: 3%;\n    }\n\n    .tmpl_hh_header {\n        padding: 14.5% 3% 0 0%;\n    }\n\n    .tmpl_hh_footer {\n        margin: 0 3% 0%;\n    }\n}\n\n</style>\n\n\n<div class=\"tmpl_hh_wrapper\">\n    <div class=\"tmpl_hh_header\">\n        <img class=\"tmpl_hh_header__logo\" src=\"https://hhcdn.ru/ichameleon/164232.png\" alt=\"\">\n        <img class=\"tmpl_hh_header__icons\" src=\"https://hhcdn.ru/ichameleon/164227.png\" alt=\"\">\n    </div>\n    <div class=\"tmpl_hh_content\">\n       <p>Мы разрабатываем <strong>МойОфис </strong>— безопасные офисные решения для общения и совместной работы с документами. Московский центр разработки развивает продукты корпоративной линейки: электронную почту, календарь, контакты и службу каталогов. Нашими продуктами ежедневно пользуются сотрудники крупнейших компаний, государственных учреждений и образовательных организаций.</p> <p>Наш бекенд состоит из нескольких десятков микросервисов, общающихся между собой по GRPC, а с внешним миром – через различные гейтвеи (JSON-RPC, WS, IMAP, SMTP, CalDAV, CardDAV, LDAP). Слой хранения нашей системы включает в себя различные документоориентированные и графовые базы данных, а также объектное хранилище. Мы используем специальные техники, чтобы создавать self-healing софт, способный восстанавливать работоспособность системы после длительного периода инфраструктурных проблем. Мы требовательны к производительности и качеству выпускаемых продуктов и обеспечиваем их многоуровневое тестирование.<br>В качестве <strong>бекенд-разработчика Go</strong> вам предстоит решать нетривиальные задачи, связанные с исследованием новых предметных областей, проектированием архитектуры сервисов, реализацией их бизнес-логики, а также писать юнит-тесты и документацию.</p> <p><strong>Ваши будущие задачи:</strong></p> <ul> <li>разработка микросервисов на Golang (проекты: почта, календарь, контакты, каталог)</li> <li>проектирование архитектуры подсистем</li> <li>проектирование и реализация API</li> <li>создание действительно качественного кода (производительность, тесты, документация)</li> </ul> <p><strong>Используемые технологии: </strong>Go, GRPC, RethinkDB, ArangoDB, MongoDB, Redis, NATS, Docker, Kubernetes, Prometheus, Grafana</p> <p><strong>Для нас важно:</strong></p> <ul> <li>опыт серверной разработки от 3 лет</li> <li>опыт разработки на Golang от 1 года</li> <li>опыт конкурентного и асинхронного программирования</li> <li>понимание эффективности применяемых алгоритмов</li> <li>навыки работы в Linux среде</li> <li>ответственность и достаточная самостоятельность</li> <li>уверенность при работе с существующим кодом</li> <li>английский язык на уровне чтения технической документации</li> </ul> <p><strong>Будет плюсом:</strong></p> <ul> <li>опыт работы с noSQL базами данных</li> <li>опыт реализации протоколов по англоязычным спецификациям</li> <li>опыт работы с высоконагруженными и геораспределенными системами</li> </ul> <p><strong>Мы предлагаем:</strong></p> <ul> <li>возможность работать в крупном, постоянно развивающемся проекте с нетривиальными задачами</li> <li>современные подходы к архитектуре и технологический стек</li> <li>возможность предлагать свои идеи и влиять на проект – проработайте идею с командой и она воплотится в жизнь</li> <li>наращивать экспертизу - в нашей команде принято совершенствоваться и делиться знаниями, коллеги готовы рассказать и научить тому, в чем отлично разбираются</li> <li>комфортную атмосферу – мы уважаем друг друга, открыты к общению на любые темы и ценим увлеченных людей</li> <li>профильные курсы, корпоративный английский, участие в конференциях (в т.ч. спикером, если есть желание и готовность)</li> <li>приятный социальный пакет – ДМС со стоматологией, оплачиваемое питание, завтраки и перекусы в офисе, скидки от партнеров, спортивное приложение для тренировок</li> <li>отсутствие строгого дресс-кода</li> <li>офис в центре Москвы (метро Тверская/Пушкинская/Чеховская)</li> <li>комбинированный режим работы/гибридный график работы из офиса</li> </ul></div>\n    <div class=\"tmpl_hh_footer\">\n        <img class=\"tmpl_hh_footer__image\" src=\"https://hhcdn.ru/ichameleon/164226.png\" alt=\"\">\n        <p class=\"tmpl_hh_footer__slogan\">Ждём тебя в нашей команде!</p>\n    </div>\n</div>\n\n","vacancy_constructor_template":null,"key_skills":[],"accept_handicapped":false,"accept_kids":false,"archived":false,"response_url":null,"specializations":[{"id":"1.221","name":"Программирование, Разработка","profarea_id":"1","profarea_name":"Информационные технологии, интернет, телеком"}],"code":null,"hidden":false,"quick_responses_allowed":false,"driver_license_types":[],"accept_incomplete_resumes":false,"employer":{"id":"213397","name":"МойОфис","url":"https://api.hh.ru/employers/213397?host=hh.ru","alternate_url":"https://hh.ru/employer/213397","logo_urls":{"90":"https://hhcdn.ru/employer-logo/3391801.png","240":"https://hhcdn.ru/employer-logo/3391802.png","original":"https://hhcdn.ru/employer-logo-original/737706.png"},"vacancies_url":"https://api.hh.ru/vacancies?employer_id=213397&host=hh.ru","trusted":true},"published_at":"2021-06-07T16:16:08+0300","created_at":"2021-06-07T16:16:08+0300","negotiations_url":null,"suitable_resumes_url":null,"apply_alternate_url":"https://hh.ru/applicant/vacancy_response?vacancyId=43880247","has_test":false,"test":null,"alternate_url":"https://hh.ru/vacancy/43880247","working_days":[],"working_time_intervals":[],"working_time_modes":[],"accept_temporary":false}