{"id":"43891780","premium":false,"billing_type":{"id":"standard","name":"Стандарт"},"relations":[],"name":"Senior Backend Developer Go","insider_interview":null,"response_letter_required":false,"area":{"id":"1","name":"Москва","url":"https://api.hh.ru/areas/1?host=hh.ru"},"salary":{"from":4000,"to":5000,"currency":"USD","gross":false},"type":{"id":"open","name":"Открытая"},"address":null,"allow_messages":true,"site":{"id":"hh","name":"hh.ru"},"experience":{"id":"between3And6","name":"От 3 до 6 лет"},"schedule":{"id":"remote","name":"Удаленная работа"},"employment":{"id":"full","name":"Полная занятость"},"department":null,"contacts":null,"description":"<strong>Обязанности:</strong> <ul> <li>Разработка и поддержка нового функционала</li> <li>Умение работать в команде</li> <li>Написание высоконагруженных пуш-серверов, сервер авторизации, сервер активации и т.д;</li> <li>Разработка микросервисов на языке Go;</li> <li>code review</li> </ul> <strong>Требования:</strong> <ul> <li>Знание и опыт работы с Go (golang)</li> <li>Опыт работы не менее 3-х лет</li> <li>Cоздание микросервисов (RPC)</li> <li>Опыт создания веб/rest приложений</li> <li>Умение работать с Linux</li> <li>Знание технического англ. языка</li> <li>Умение работать с git</li> <li>Знание Postgres / RabbitMQ / Redis</li> <li>Знание WebSockets</li> <li>Желателен опыт работы с криптографией и криптовалютами</li> <li>Знание и понимание классических алгоритмов и структур данных</li> <li>Знание и опыт использования шаблонов проектирования</li> <li>Знание C++ как преимущество</li> <li>Опыт многопоточного программирования</li> <li>Опыт разработки высокопроизводительных серверов или веб-приложений</li> </ul> <strong>Условия:</strong> <ul> <li>Рабочее время: 9 до 18 GMT+3.</li> <li>Мы используем в работе: Agile, Redmine, Telegram, Discord, TopTracker.</li> </ul> <p> </p> <p> </p>","branded_description":null,"vacancy_constructor_template":null,"key_skills":[{"name":"Git"},{"name":"Linux"},{"name":"PostgreSQL"},{"name":"Redmine"},{"name":"C++"},{"name":"Go"}],"accept_handicapped":false,"accept_kids":false,"archived":false,"response_url":null,"specializations":[{"id":"1.221","name":"Программирование, Разработка","profarea_id":"1","profarea_name":"Информационные технологии, интернет, телеком"}],"code":null,"hidden":false,"quick_responses_allowed":false,"driver_license_types":[],"accept_incomplete_resumes":false,"employer":{"id":"3227397","name":"Alfacash","url":"https://api.hh.ru/employers/3227397?host=hh.ru","alternate_url":"https://hh.ru/employer/3227397","logo_urls":{"240":"https://hhcdn.ru/employer-logo/3550268.png","90":"https://hhcdn.ru/employer-logo/3550267.png","original":"https://hhcdn.ru/employer-logo-original/777344.png"},"vacancies_url":"https://api.hh.ru/vacancies?employer_id=3227397&host=hh.ru","trusted":false},"published_at":"2021-05-21T18:00:54+0300","created_at":"2021-05-21T18:00:54+0300","negotiations_url":null,"suitable_resumes_url":null,"apply_alternate_url":"https://hh.ru/applicant/vacancy_response?vacancyId=43891780","has_test":false,"test":null,"alternate_url":"https://hh.ru/vacancy/43891780","working_days":[],"working_time_intervals":[],"working_time_modes":[],"accept_temporary":false}