{"id":"43919094","premium":false,"billing_type":{"id":"standard","name":"Стандарт"},"relations":[],"name":"Senior .NET Core Backend developer (Remote)","insider_interview":null,"response_letter_required":false,"area":{"id":"1","name":"Москва","url":"https://api.hh.ru/areas/1?host=hh.ru"},"salary":{"from":250000,"to":null,"currency":"RUR","gross":false},"type":{"id":"open","name":"Открытая"},"address":null,"allow_messages":true,"site":{"id":"hh","name":"hh.ru"},"experience":{"id":"moreThan6","name":"Более 6 лет"},"schedule":{"id":"remote","name":"Удаленная работа"},"employment":{"id":"full","name":"Полная занятость"},"department":null,"contacts":null,"description":"<p><strong># # # About the Company # # # </strong></p> <p><strong>ClearScale LLC</strong> (headquarters: San Francisco, CA, USA) — AWS Premier Consulting Partner, has been offering a full range of professional cloud computing services for more than 10 years, including architecture design, DevOps automation, refactoring and cloud-native application development, integration, migration and support using the best advanced technologies.<br /><br />Our team of 100 + certified architects, engineers and developers has a serious experience of successful projects. We help large Fortune 500 companies, midsize businesses and Silicon Valley startups successfully implement ambitious and complex cloud projects to become industry leaders.</p> <p><strong>ClearScale </strong>is growing quickly and there is high demand for the services we provide. Clients come to us for our deep experience with Big Data, Containerization, Serverless Infrastructure, Microservices, IoT, Machine Learning, DevOps and more.</p> <p>Due to the growing needs in the company, we are looking for a <strong>.NET Core Backend developer</strong> who likes to find solutions to real-world software problem and challenges.</p> <p>Our team works 100% remotely all around the globe, from many cities and countries. We trust each other, so do not take screenshots of the screen, do not look through webcams and do not track printing on the keyboard, as many others do. The professional reputation of engineers and developers in our community is of the highest value.</p> <p>This is a unique opportunity for you to make a big impact, enjoy competitive compensation, work on a wide variety of projects for clients across multiple industries, and work alongside some of the best minds in the cloud</p> <p><strong># # # Description of candidate requirements # # #</strong></p> <p><strong>Job Overview</strong></p> <p><strong>ClearScale</strong> is looking for a seasoned (senior-level expected) <strong>.NET Backend developer</strong> to participate in a global re-design and migration to AWS of an existing enterprise applications, including re-platform from .NET into .NET Core, containerization and moving business logic off DB into app code.</p> <p>You will become part of a mid-sized distributed engineering team that is responsible for preparing infrastructure, designing application architecture, implementing and stabilizing program code, running load tests, optimizing performance, and providing operational support.</p> <p><strong># # # Responsibilities # # # </strong></p> <ul> <li>Participate in a global re-design and migration to AWS of an existing enterprise applications, including re-platform from .NET into .NET Core, containerization and moving business logic from DB into the app code</li> <li>Analyze, scope and estimate tasks</li> <li>Report progress to team lead and PM</li> <li>Write and document program code, collaborate with QA team on code stabilization</li> <li>Think through and harmonize the changing application design, data prot</li> <li>Re-factor/re-design application components</li> <li>Re-platform application code into .NET Core</li> <li>Explore, refactor and migrate DB code logics (stored procedures, triggers etc) into the app</li> <li>Write unit tests, ensure stable code</li> <li>Profile, analyze and optimize code execution</li> <li>Work in a mid-sized (4–6 engineers) remote team, located across the globe (EU and US mostly)</li> </ul> <p><strong># # # Qualifications # # #</strong></p> <p><strong>ClearScale</strong> expects successful candidate to have most of the following qualifications and skills (<strong>Must-have Requirements</strong>):</p> <ul> <li>Looking for candidate with <strong>7+ year-long</strong> experience as <strong>backend/full-stack .NET engineer </strong>with strong focus to a custom software development and migration projects</li> <li>At least <strong>5 years</strong> hands-on experience in designing and implementing an enterprise-scale web applications (using .NET and .NET Core). Participation in an on-going software product development (<strong>2-3 years long</strong>) would be a considered as candidate’s advantage</li> <li>Expert level in <strong>C#, .NET Core, ASP.NET Core, Entity Framework</strong></li> <li>Good theoretical background and strong hands-on expertise dealing with <strong>SQL DB </strong>(stored procedure refactoring, re-design, optimization; transactions, migration logic from stored procedures into app code</li> <li>Participation in a large-scale application <strong>re-architecting, re-design and re-platform</strong> (into .NET Core). Understanding of fundamental principles of modern application architecture design</li> <li><strong>English B2 or better</strong></li> <li>Strong self-management and self-organizational skills working in a remote environment</li> <li>Understanding of fundamental software development lifecycle stages (e.g. requirements, design, development, testing, delivery) and processes</li> </ul> <p><strong>Nice-to-have Requirements:</strong></p> <ul> <li>Certain level of familiarity or direct hands-on experience with AWS platform and services (e.g. Lambda, S3, SNS, RDS or Cognito)</li> <li>Hand-on experience implementing interactive and cross-browser layouts for complex web applications (ReactJS, TypeScript)</li> <li>Projects with US-based customers in job history</li> </ul> <p><strong>You’ll be a great fit if:</strong></p> <ul> <li>You are able to be collaborative, adaptive, flexible and have a strong leadership and communication skills</li> <li>You love being a part of a small, dynamic, and agile team that encourages you to learn and grow</li> <li>You desire to work with some of the world’s top brands</li> <li>You love finding solutions to interesting problems and figuring out how things work</li> <li>You welcome having autonomy with complex tasks</li> <li>You are passionate about using your experience and expertise to inspire the team</li> </ul> <p><strong># # # We offer # # #</strong></p> <ul> <li>High compensation paid every two weeks in USD</li> <li>Completely REMOTE work: we trust our employees to work from anywhere they please</li> <li>Flexible schedule consisting of 40 hours per week, Slack for communication</li> <li>Bureaucracy-free environment</li> <li>We adore change-makers and creators so you’ll be able to influence our processes</li> <li>Highly skilled project teams</li> <li>Wise projects rotation</li> <li>Paid AWS certifications</li> </ul>","branded_description":null,"vacancy_constructor_template":null,"key_skills":[{"name":".NET"},{"name":"C#"},{"name":".NET Core"},{"name":"ASP.NET"},{"name":"ASP.Net Core"},{"name":"Entity Framework"},{"name":"SQL"},{"name":"Английский язык"},{"name":"AWS"},{"name":"ReactJS"},{"name":"TypeScript"}],"accept_handicapped":false,"accept_kids":false,"archived":false,"response_url":null,"specializations":[{"id":"1.221","name":"Программирование, Разработка","profarea_id":"1","profarea_name":"Информационные технологии, интернет, телеком"},{"id":"1.113","name":"Консалтинг, Аутсорсинг","profarea_id":"1","profarea_name":"Информационные технологии, интернет, телеком"},{"id":"1.82","name":"Инженер","profarea_id":"1","profarea_name":"Информационные технологии, интернет, телеком"},{"id":"1.474","name":"Стартапы","profarea_id":"1","profarea_name":"Информационные технологии, интернет, телеком"}],"code":null,"hidden":false,"quick_responses_allowed":false,"driver_license_types":[],"accept_incomplete_resumes":false,"employer":{"id":"1574063","name":"ClearScale","url":"https://api.hh.ru/employers/1574063?host=hh.ru","alternate_url":"https://hh.ru/employer/1574063","logo_urls":{"original":"https://hhcdn.ru/employer-logo-original/7789.png","90":"https://hhcdn.ru/employer-logo/1091270.png","240":"https://hhcdn.ru/employer-logo/1091271.png"},"vacancies_url":"https://api.hh.ru/vacancies?employer_id=1574063&host=hh.ru","trusted":true},"published_at":"2021-05-20T17:41:31+0300","created_at":"2021-05-20T17:41:31+0300","negotiations_url":null,"suitable_resumes_url":null,"apply_alternate_url":"https://hh.ru/applicant/vacancy_response?vacancyId=43919094","has_test":false,"test":null,"alternate_url":"https://hh.ru/vacancy/43919094","working_days":[],"working_time_intervals":[],"working_time_modes":[],"accept_temporary":false}