{"id":"43925188","premium":false,"billing_type":{"id":"standard","name":"Стандарт"},"relations":[],"name":"Senior Backend Developer (ruby/go)","insider_interview":null,"response_letter_required":false,"area":{"id":"1","name":"Москва","url":"https://api.hh.ru/areas/1?host=hh.ru"},"salary":{"from":5000,"to":7000,"currency":"USD","gross":false},"type":{"id":"open","name":"Открытая"},"address":null,"allow_messages":true,"site":{"id":"hh","name":"hh.ru"},"experience":{"id":"moreThan6","name":"Более 6 лет"},"schedule":{"id":"remote","name":"Удаленная работа"},"employment":{"id":"full","name":"Полная занятость"},"department":null,"contacts":null,"description":"<p><strong>About the product</strong></p> <ul> <li>Modern IPaaS solution, an integration platform for corporate services</li> <li>High-load distributed system with increased fault tolerance</li> <li>We are working with the biggest international companies</li> </ul> <p><strong>Who we are</strong></p> <ul> <li>Super professional team of enthusiastic developers, each with rich experience</li> <li>Startup atmosphere, an ability to use technologies you like</li> <li>International team: Head office - USA Developers: Russian Federation, USA, Singapore, Barcelona</li> </ul> <p><strong>Our technologies</strong></p> <ul> <li>core Ruby, Go</li> <li>Postgres, Redis, Kubernetes, Amazon S3</li> </ul> <p><strong>Your responsibilities</strong></p> <ul> <li>Build/extend/troubleshot/fix complex heterogeneous applications, as well as small self-contained microservices</li> <li>Improve execution engine of custom third-party code (Ruby DSL, isolation, performance, new features)</li> <li>Write well designed, testable, efficient code in Ruby, Golang</li> <li>Integration of data storage solutions Postgres/S3/DynamoDB/Kafka etc.</li> <li>Contribute in all phases of the development lifecycle</li> <li>Provide code reviews to your teammates</li> <li>Evaluate and propose improvements to existing system</li> <li>Identify bottlenecks and bugs, and devise solutions to these problems</li> <li>Help maintain code quality, organization and automatization</li> </ul> <p><strong>Our expectations</strong></p> <ul> <li>Knowledge of basic data structures and algorithms and how they are used is a must</li> <li>Good understanding of all building blocks of large web applications: databases, load balancers, application servers, message brokers, caching, monitoring, etc.</li> <li>Good understanding of network protocols and stacks</li> <li>Understand principles and costs of building HA systems</li> <li>3/4 of you work will be in Ruby, so <ul> <li>Vast knowledge of core Ruby is very much desired, but not a strict requirement if you know similar languages and are ready to learn Ruby.</li> <li>Experience of developing DSLs in Ruby is a plus</li> </ul> </li> <li>You need to know one of Node.js/Golang / Java at a good level</li> <li>Good understanding of DB technologies: classic databases and modern no-SQL</li> <li>Background in C/C++/Linux system programming is a plus</li> <li>Excellent debugging, analytical, problem solving skills</li> <li>BS/MS, or PhD degree degree in Computer Science, Engineering or a related subject</li> <li>5+ years of industry experience</li> <li>Readiness to work remotely with teams distributed across the world and timezones</li> </ul> <p><strong>Optional requirements</strong></p> <ul> <li>Deep knowledge of physical DB design</li> <li>Experience of working with Docker and other isolation technologies.</li> <li>Experience of working with public cloud infrastructure providers(AWS/Azure/Google Cloud)</li> <li>Experience in related fields (DevOps, ML, DBA, Enterprise applications, etc)</li> <li>Experience of working with open source software. Submitting bug reports / patches to OSS projects is a plus</li> <li>Familiarity with continuous integration</li> <li>Experience in building/deploying data processing pipelines is a plus</li> <li>Experience of working with third-party REST APIs at scale (request throttling, batch processing etc)</li> </ul> <p><strong>We offer</strong></p> <ul> <li>Remote work with long-term employment on a full-time basis: we are working in Moscow time zone (team calls at about 7pm, 2-3 times a week)</li> <li>Further european relocation is available and additionally negotiated</li> <li>Competitive Salary in US dollars (depending on your skills)</li> <li>A great opportunity for professional development within a successful project, knowledge-Exchange</li> <li>Interesting and challenging tasks</li> <li>Business trips to the USA (Cupertino), up to 2 weeks every 3 months - Important! You should have a USA Visa or opportunity to get it</li> <li>Full compensation for buying work computer</li> <li>A contract with you as an individual entrepreneur, 20 work days of paid vacation</li> </ul>","branded_description":null,"vacancy_constructor_template":null,"key_skills":[{"name":"Linux"},{"name":"PostgreSQL"},{"name":"Ruby"},{"name":"Golang"},{"name":"C/C++"},{"name":"удаленная работа"}],"accept_handicapped":false,"accept_kids":false,"archived":false,"response_url":null,"specializations":[{"id":"1.221","name":"Программирование, Разработка","profarea_id":"1","profarea_name":"Информационные технологии, интернет, телеком"}],"code":null,"hidden":false,"quick_responses_allowed":false,"driver_license_types":[],"accept_incomplete_resumes":false,"employer":{"id":"4456441","name":"Hunt For You","url":"https://api.hh.ru/employers/4456441?host=hh.ru","alternate_url":"https://hh.ru/employer/4456441","logo_urls":{"original":"https://hhcdn.ru/employer-logo-original/709944.jpeg","90":"https://hhcdn.ru/employer-logo/3280892.jpeg","240":"https://hhcdn.ru/employer-logo/3280893.jpeg"},"vacancies_url":"https://api.hh.ru/vacancies?employer_id=4456441&host=hh.ru","trusted":true},"published_at":"2021-05-18T15:44:24+0300","created_at":"2021-05-18T15:44:24+0300","negotiations_url":null,"suitable_resumes_url":null,"apply_alternate_url":"https://hh.ru/applicant/vacancy_response?vacancyId=43925188","has_test":false,"test":null,"alternate_url":"https://hh.ru/vacancy/43925188","working_days":[],"working_time_intervals":[],"working_time_modes":[],"accept_temporary":false}