{"id":"43957477","premium":false,"billing_type":{"id":"standard","name":"Стандарт"},"relations":[],"name":"Senior PHP Developer (backend)/Ведущий PHP разработчик","insider_interview":null,"response_letter_required":false,"area":{"id":"1","name":"Москва","url":"https://api.hh.ru/areas/1?host=hh.ru"},"salary":{"from":200000,"to":null,"currency":"RUR","gross":false},"type":{"id":"open","name":"Открытая"},"address":{"city":"Москва","street":"Бауманская улица","building":"6с2","description":null,"lat":55.776198,"lng":37.675604,"raw":"Москва, Бауманская улица, 6с2","metro":{"station_name":"Бауманская","line_name":"Арбатско-Покровская","station_id":"3.17","line_id":"3","lat":55.772405,"lng":37.67904},"metro_stations":[{"station_name":"Бауманская","line_name":"Арбатско-Покровская","station_id":"3.17","line_id":"3","lat":55.772405,"lng":37.67904}]},"allow_messages":true,"site":{"id":"hh","name":"hh.ru"},"experience":{"id":"between3And6","name":"От 3 до 6 лет"},"schedule":{"id":"fullDay","name":"Полный день"},"employment":{"id":"full","name":"Полная занятость"},"department":null,"contacts":null,"description":"<p>Ищем талантливых <strong><em>PHP разработчиков (backend) </em></strong>для развития<strong> highload</strong> проекта (предметная область: мобильная реклама).</p> <p>Компания<strong> «<em>WakeApp</em>»</strong> — лидер в сфере продвижения мобильных приложений в России. Мы входим в список ТОП-10 самых влиятельных компаний в мире в сфере мобильного маркетинга по версии Appsflyer.</p> <p><em><strong>Ключевой стек:</strong></em> PHP 7.*, Symfony, Go, Mysql, Clickhouse, Tarantool, Redis.</p> <p><em><strong>Обязанности/задачи:</strong></em></p> <ul> <li>Проектирование, разработка и поддержка серверных приложений, работающих 24/7;</li> <li>Активное участие в развитии нашего высоконагруженного проекта (500+ rps);</li> <li>Платформа является собственной разработкой, в которой мы следим за чистотой кода.</li> </ul> <p><strong><em>Мы предлагаем:</em></strong></p> <ul> <li>Достойную оплату;</li> <li>Сложные, интересные задачи и использование новых технологий;</li> <li>Гарантируем полное отсутствие бюрократии и технологическую свободу;</li> <li>Возможность карьерного роста;</li> <li>Возможность профессионального развития (конференции, литература, сильная команда высокого класса с большим опытом);</li> <li>Оформление по ТК РФ;</li> <li>Комфортный офис в пешей доступности от м. Бауманская;</li> <li>График работы 5/2 (гибкий/ плавающий на выбор).</li> </ul> <p><em><strong>Требования к кандидатам:</strong></em></p> <ul> <li>Знание ООП, PHP, MySQL;</li> <li>Опыт работы с Symfony;</li> <li>Уверенное владение паттернами проектирования;</li> <li>Использование систем контроля версий (git);</li> <li> <p>Опыт работы с известными фреймворками;</p> </li> <li> <p>Опыт работы с Docker и Kubernetes;</p> </li> <li>Опыт использования ОС Linux (работа в shell).</li> </ul> <p><em><strong>Дополнительным плюсом будет:</strong></em></p> <ul> <li>Опыт работы в highload-проектах;</li> <li>Желание разрабатывать сервисы для людей, сервисы с красивой архитектурой.</li> </ul> <p>Наша задача - дать мобильным приложениям новых пользователей и расширить их географию. Наши потенциальные клиенты - более 2 000 000 приложений в App Store и Google Play. Мы уже работаем с такими гигантами как: Get Taxi, Delivery Club, Coca Cola, ABBYY и многими другими.</p> <p>Сейчас мы начали активную экспансию международного рынка и выводим в свет наши новые продукты и разработки комплексных услуг мобильного маркетинга.</p> <ul> <li>Мы молодая команда профессионалов, которая на текущий момент построила одну из самых современных и технологичных платформ для закупки мобильного мотивированного трафика.</li> <li>Платформа является нашей собственной разработкой, в ней <em>нет legacy кода.</em> В своих решениях мы стремимся использовать только самые передовые технологии и инструменты. Мы любим тестирование и пишем автоматические тесты.</li> <li>Нам нужны амбициозные профессионалы, мотивированные и ответственные разработчики, способные на большее, чем просто «кодить». Готовые предлагать, ясно объяснять, реализовывать и отвечать за свои решения. Система постоянно растет, поэтому количество интересных и сложных задач безмерно.</li> </ul> <p><strong><em>Роль и задачи в рамках проекта мы готовы обсуждать индивидуально.</em></strong></p>","branded_description":null,"vacancy_constructor_template":null,"key_skills":[{"name":"Symfony"},{"name":"backend"},{"name":"tarantool"},{"name":"PHP"},{"name":"MySQL"},{"name":"clickhouse"}],"accept_handicapped":false,"accept_kids":false,"archived":false,"response_url":null,"specializations":[{"id":"1.221","name":"Программирование, Разработка","profarea_id":"1","profarea_name":"Информационные технологии, интернет, телеком"},{"id":"1.270","name":"Сетевые технологии","profarea_id":"1","profarea_name":"Информационные технологии, интернет, телеком"},{"id":"1.359","name":"Электронная коммерция","profarea_id":"1","profarea_name":"Информационные технологии, интернет, телеком"},{"id":"1.474","name":"Стартапы","profarea_id":"1","profarea_name":"Информационные технологии, интернет, телеком"}],"code":null,"hidden":false,"quick_responses_allowed":false,"driver_license_types":[],"accept_incomplete_resumes":false,"employer":{"id":"1474584","name":"WakeApp","url":"https://api.hh.ru/employers/1474584?host=hh.ru","alternate_url":"https://hh.ru/employer/1474584","logo_urls":{"original":"https://hhcdn.ru/employer-logo-original/395342.png","90":"https://hhcdn.ru/employer-logo/2023622.png","240":"https://hhcdn.ru/employer-logo/2023623.png"},"vacancies_url":"https://api.hh.ru/vacancies?employer_id=1474584&host=hh.ru","trusted":true},"published_at":"2021-06-10T10:35:39+0300","created_at":"2021-06-10T10:35:39+0300","negotiations_url":null,"suitable_resumes_url":null,"apply_alternate_url":"https://hh.ru/applicant/vacancy_response?vacancyId=43957477","has_test":false,"test":null,"alternate_url":"https://hh.ru/vacancy/43957477","working_days":[],"working_time_intervals":[],"working_time_modes":[],"accept_temporary":false}