{"id":"43995024","premium":false,"billing_type":{"id":"standard","name":"Стандарт"},"relations":[],"name":"Senior Python Backend Developer","insider_interview":null,"response_letter_required":false,"area":{"id":"1","name":"Москва","url":"https://api.hh.ru/areas/1?host=hh.ru"},"salary":null,"type":{"id":"open","name":"Открытая"},"address":{"city":"село Усово","street":null,"building":"100А","description":null,"lat":55.731085,"lng":37.217553,"raw":"село Усово, 100А","metro":null,"metro_stations":[]},"allow_messages":true,"site":{"id":"hh","name":"hh.ru"},"experience":{"id":"between3And6","name":"От 3 до 6 лет"},"schedule":{"id":"fullDay","name":"Полный день"},"employment":{"id":"full","name":"Полная занятость"},"department":null,"contacts":null,"description":"<p><strong>Обязанности:</strong></p> <ul> <li>Разработка протокола и бизнес-логики приложения;</li> <li>Разработка инфраструктуры приложения (controlled peer-to-peer);</li> <li>Работа с фреймворками, использующими Trusted Execution Environment (Intel SGX, AMD SEV), Confidential Computing (опыт не обязателен);</li> <li>Взаимодействие с Dev, DevOps и QA-инженерами;</li> <li>Развертывание решений в облачной среде (Azure, AWS, Google Cloud) и интеграция на стороне клиентов;</li> <li>Разработка документации.</li> </ul> <p><strong>Требования:</strong></p> <ul> <li>Опыт создания REST API сервисов (Flask, FastAPI);</li> <li>Хорошие знания SQL и опыт работы с базами данных (Postgres);</li> <li>Уверенные знания Linux, Git, Docker;</li> <li>Понимание принципов работы веб- и криптографических протоколов TLS/SSL;</li> <li>Понимание Object Orient Programming &amp; Software Development Life Cycle;</li> <li>Навыки командной работы, коммуникабельность и ответственность.</li> </ul> <p><strong>Будет плюсом:</strong></p> <ul> <li>Опыт с разработкой под аппаратную часть;</li> <li>Опыт работы с NoSQL и Message Queue.</li> </ul> <p><strong>Условия:</strong></p> <ul> <li>Полная занятость, гибкий график в режиме удаленной работы;</li> <li>Официальная &quot;белая зарплата&quot; в зависимости от уровня знаний и опыта;</li> <li>Официальное трудоустройство согласно ТК РФ;</li> <li>Перспективы профессионального и финансового роста;</li> <li>Комфортная атмосфера, молодой, дружный и очень квалифицированный коллектив.</li> </ul>","branded_description":null,"vacancy_constructor_template":null,"key_skills":[{"name":"Git"},{"name":"Linux"},{"name":"SQL"},{"name":"Работа с базами данных"},{"name":"Базы данных"}],"accept_handicapped":false,"accept_kids":false,"archived":false,"response_url":null,"specializations":[{"id":"1.221","name":"Программирование, Разработка","profarea_id":"1","profarea_name":"Информационные технологии, интернет, телеком"}],"code":null,"hidden":false,"quick_responses_allowed":false,"driver_license_types":[],"accept_incomplete_resumes":false,"employer":{"id":"2863992","name":"Мой Дом","url":"https://api.hh.ru/employers/2863992?host=hh.ru","alternate_url":"https://hh.ru/employer/2863992","logo_urls":{"90":"https://hhcdn.ru/employer-logo/3790459.png","240":"https://hhcdn.ru/employer-logo/3790460.png","original":"https://hhcdn.ru/employer-logo-original/837394.png"},"vacancies_url":"https://api.hh.ru/vacancies?employer_id=2863992&host=hh.ru","trusted":true},"published_at":"2021-05-24T10:55:02+0300","created_at":"2021-05-24T10:55:02+0300","negotiations_url":null,"suitable_resumes_url":null,"apply_alternate_url":"https://hh.ru/applicant/vacancy_response?vacancyId=43995024","has_test":true,"test":{"required":true},"alternate_url":"https://hh.ru/vacancy/43995024","working_days":[],"working_time_intervals":[],"working_time_modes":[],"accept_temporary":false}