{"id":"43990698","premium":false,"billing_type":{"id":"standard_plus","name":"Стандарт плюс"},"relations":[],"name":"Ведущий веб-разработчик / Web-программист / Senior PHP-developer / Backend-разработчик","insider_interview":null,"response_letter_required":false,"area":{"id":"1","name":"Москва","url":"https://api.hh.ru/areas/1?host=hh.ru"},"salary":null,"type":{"id":"open","name":"Открытая"},"address":{"city":"Москва","street":"Олимпийский проспект","building":"16с5","description":null,"lat":55.783944,"lng":37.624642,"raw":"Москва, Олимпийский проспект, 16с5","metro":{"station_name":"Достоевская","line_name":"Люблинско-Дмитровская","station_id":"10.184","line_id":"10","lat":55.781667,"lng":37.613889},"metro_stations":[{"station_name":"Достоевская","line_name":"Люблинско-Дмитровская","station_id":"10.184","line_id":"10","lat":55.781667,"lng":37.613889},{"station_name":"Проспект Мира","line_name":"Кольцевая","station_id":"5.119","line_id":"5","lat":55.779584,"lng":37.633646},{"station_name":"Проспект Мира","line_name":"Калужско-Рижская","station_id":"6.120","line_id":"6","lat":55.781827,"lng":37.633199}]},"allow_messages":true,"site":{"id":"hh","name":"hh.ru"},"experience":{"id":"between3And6","name":"От 3 до 6 лет"},"schedule":{"id":"remote","name":"Удаленная работа"},"employment":{"id":"full","name":"Полная занятость"},"department":null,"contacts":null,"description":"<p><strong>Предлагаем интересную и разнообразную работу в проектах, связанных с платежными технологиями, мобильными устройствами, банковским оборудованием.</strong></p> <p><strong>О нас:</strong></p> <p>Мы работаем над созданием и развитием собственных программных продуктов и программно-аппаратных комплексов в области передовых платежных решений. Результатами нашей работы ежедневно пользуются миллионы людей в РФ и за рубежом. В том числе, возможно, и Вы, и Ваши друзья, и родные.</p> <p>Наши продукты проходят сертификацию со стороны международных платежных систем. Полученные сертификаты подтверждают корректность и безопасность созданного решения. С точки зрения разработки это означает крайне высокое внимание к качеству при проектировании и написании кода.</p> <p>В наших проектах заказчик внутренний, представителями заказчика являются подготовленные сотрудники отдела продаж. Работа ведется в проектных группах, включающих в себя представителей заказчика, разработчиков, тестировщиков, а также, при необходимости – инженеров сопровождения оборудования.</p> <p>Разработка ведется с существенным использованием нашей собственной программной платформы, основанной на стеке linux / nginx / php / mysql.</p> <p><strong>Обязанности:</strong></p> <ul> <li>Работа над проектами, представляющими собой сложные информационные системы, зачастую подразумевающими взаимодействие с множеством сторонних сервисов.</li> <li>Ведение проекта – постоянная готовность предоставить полный и ясный отчет о состоянии проекта, анализ рисков, своевременное реагирование на проблемы.</li> <li>Координация взаимодействия с другими участниками проектной группы.</li> <li>Выполнение всех работ, связанных с разработкой — сбор и анализ требований, проектирование, оформление сценариев работы, планирование, выдача оценок, написание кода, написание скриптов для автоматического тестирования.</li> <li>Непосредственное участие в разработке внутренних библиотек и решений, поддержание высокого уровня культуры разработки.</li> <li>Участие в развитии технологических платформ компании.</li> </ul> <strong>Требования:</strong> <ul> <li>Любовь к качественным решениям.</li> <li>Ясное понимание проектного подхода к работе, знакомство с различными методологиями управления проектами.</li> <li>Успешный опыт руководства людьми, организации проектных команд, исполнения крупных проектов.</li> <li>Ясное понимание архитектурного проектирования.</li> <li>Хорошая алгоритмическая подготовка.</li> <li>Хорошая подготовка в области теории и практики применения РСУБД.</li> <li>Умение писать надежный код.</li> <li>Умение писать безопасный (устойчивый ко взлому) код.</li> <li>Владение базовыми инструментами разработки – PHP, SQL, html/css/js.</li> <li>Английский язык на уровне чтения и написания технической документации.</li> </ul> <p><strong>Возможные дополнительные преимущества:</strong></p> <ul> <li>Знакомство с предметной областью платежей – банковскими картами, топливными картами, бонусными картами, с использованием электронных валют, и т.п.</li> </ul> <p><em>После отклика на вакансию, Вам будет предложено выполнить небольшое тестовое задание, чтобы мы могли познакомиться с Вашим подходом к проектированию архитектуры и оценить Ваше умение писать промышленный код.</em></p> <p><strong>Мы предлагаем:</strong></p> <ul> <li>интересная работа в стабильной компании</li> <li>оформление по ТК РФ, оплачиваемый отпуск, больничный</li> <li>&quot;белая&quot; заработная плата</li> <li>добровольное медицинское страхование (ДМС)</li> <li>комбинированный формат работы (преимущественно - удаленная работа)</li> <li> <p>возможность удаленной работы из другого города (с посещением московского офиса несколько раз в год)</p> </li> <li>возможность гибкого графика работы</li> <li>комфортабельный офис в районе м. Проспект Мира</li> <li>лояльное руководство</li> </ul>","branded_description":null,"vacancy_constructor_template":null,"key_skills":[{"name":"Управление разработкой"},{"name":"Разработка ПО"},{"name":"Веб-программирование"},{"name":"PHP"},{"name":"SQL"},{"name":"HTML"},{"name":"CSS"}],"accept_handicapped":false,"accept_kids":false,"archived":false,"response_url":null,"specializations":[{"id":"1.395","name":"Банковское ПО","profarea_id":"1","profarea_name":"Информационные технологии, интернет, телеком"},{"id":"1.221","name":"Программирование, Разработка","profarea_id":"1","profarea_name":"Информационные технологии, интернет, телеком"},{"id":"1.110","name":"Компьютерная безопасность","profarea_id":"1","profarea_name":"Информационные технологии, интернет, телеком"},{"id":"1.3","name":"CTO, CIO, Директор по IT","profarea_id":"1","profarea_name":"Информационные технологии, интернет, телеком"},{"id":"1.359","name":"Электронная коммерция","profarea_id":"1","profarea_name":"Информационные технологии, интернет, телеком"},{"id":"1.9","name":"Web инженер","profarea_id":"1","profarea_name":"Информационные технологии, интернет, телеком"}],"code":null,"hidden":false,"quick_responses_allowed":false,"driver_license_types":[],"accept_incomplete_resumes":false,"employer":{"id":"562662","name":"Uniteller","url":"https://api.hh.ru/employers/562662?host=hh.ru","alternate_url":"https://hh.ru/employer/562662","logo_urls":{"90":"https://hhcdn.ru/employer-logo/1624758.png","original":"https://hhcdn.ru/employer-logo-original/295592.png","240":"https://hhcdn.ru/employer-logo/1624759.png"},"vacancies_url":"https://api.hh.ru/vacancies?employer_id=562662&host=hh.ru","trusted":true},"published_at":"2021-06-11T14:01:51+0300","created_at":"2021-06-11T14:01:51+0300","negotiations_url":null,"suitable_resumes_url":null,"apply_alternate_url":"https://hh.ru/applicant/vacancy_response?vacancyId=43990698","has_test":false,"test":null,"alternate_url":"https://hh.ru/vacancy/43990698","working_days":[],"working_time_intervals":[],"working_time_modes":[],"accept_temporary":false}