{"id":"44121525","premium":false,"billing_type":{"id":"standard","name":"Стандарт"},"relations":[],"name":"Senior Backend Developer (Data)","insider_interview":null,"response_letter_required":false,"area":{"id":"1","name":"Москва","url":"https://api.hh.ru/areas/1?host=hh.ru"},"salary":null,"type":{"id":"open","name":"Открытая"},"address":{"city":"Москва","street":"Ленинградское шоссе","building":"39Ас3","description":null,"lat":55.836438,"lng":37.48172,"raw":"Москва, Ленинградское шоссе, 39Ас3","metro":{"station_name":"Водный стадион","line_name":"Замоскворецкая","station_id":"2.29","line_id":"2","lat":55.838978,"lng":37.487515},"metro_stations":[{"station_name":"Водный стадион","line_name":"Замоскворецкая","station_id":"2.29","line_id":"2","lat":55.838978,"lng":37.487515}]},"allow_messages":true,"site":{"id":"hh","name":"hh.ru"},"experience":{"id":"between3And6","name":"От 3 до 6 лет"},"schedule":{"id":"fullDay","name":"Полный день"},"employment":{"id":"full","name":"Полная занятость"},"department":null,"contacts":null,"description":"<p><strong>О проекте:</strong></p> <p>Внутри Лаборатории есть масса сервисов и множество данных, которые мы применяем не только для обнаружения зловредов, но и для создания других коммерческих решений: Threat Intelligence сервисов.</p> <p>Мы ищем толкового и энергичного профессионала, который поможет нам разрабатывать решения для:</p> <ul> <li>расследования проведенных против наших клиентов атак</li> <li>извлечения из петабайт данных и связывания воедино самых разных атрибутов подозрительных объектов</li> <li>отслеживания угроз, наиболее вероятно нацеленных на определенные организации</li> <li>в конечном счёте - защиты бизнеса наших клиентов!</li> </ul> <p><strong>Основные задачи:</strong></p> <ul> <li>Реализация сложной бизнес логики на уровне БД</li> <li>Построение и поддержание инфраструктуры, необходимой для оптимального извлечения, преобразования и загрузки данных из различных источников</li> <li>Участие в разработке распределенных систем хранения данных</li> <li>Анализ требований, участие в разработке планов и оценке реализации;</li> <li>Проведение ревью кода;</li> <li>Активное участие в выборе и проработке технологий.</li> </ul> <p><strong>Что для этого необходимо:</strong></p> <ul> <li>Опыт работы с RDBMS (MSSQL/PostgreSQL/Oracle: проектирование, ACID, оптимизация, уровни изоляции и т.д.)</li> <li>Хорошее владение SQL (любой диалект, предпочтительно T-SQL)</li> <li>Опыт разработки высоконагруженных OLTP систем;</li> <li>Понимание принципов построения ETL/ELT-процессов</li> <li>Опыт разработки на одном из языков: Go, C#, Python</li> <li>Умение быстро разбираться в чужом коде, оптимизировать и рефакторить как свой, так и чужой код.</li> <li>Опыт работы с современными системами контроля исходного кода (git, mercurial, tfs, perforce и т.п.).</li> <li>Понимание методик юнит-тестирования</li> <li>Технический английский</li> </ul> <p><strong>Дополнительными плюсами будут:</strong></p> <ul> <li>Опыт работы с брокерами сообщений Kafka / RabbitMQ</li> <li>Опыт работы с контейнеризацией (Docker, Podman, Kubernetes);</li> <li>Опыт работы с NoSql базами данных</li> </ul>","branded_description":"\n<style>\n.tmpl_hh_wrapper p,\n.tmpl_hh_wrapper a,\n.tmpl_hh_wrapper img,\n.tmpl_hh_wrapper ol,\n.tmpl_hh_wrapper ul,\n.tmpl_hh_wrapper li {\n    margin: 0;\n    padding: 0;\n    border: 0;\n    font-size: 100%;\n    font: inherit;\n    vertical-align: baseline;\n}\n\n.hht-vacancydescription {\n    padding: 0px;\n}\n\n.tmpl_hh_wrapper .l-cell,\n.tmpl_hh_wrapper .l-paddings {\n    padding: 0px !important;\n}\n\n.tmpl_hh_wrapper .b-vacancy-desc-wrapper {\n    margin-top: 0px !important;    \n}\n\n.tmpl_hh_wrapper .b-vacancy-desc {\n    overflow: visible !important;\n    line-height: inherit;\n}\n\n.tmpl_hh_content ol li b,\n.tmpl_hh_content ol li strong,\n.tmpl_hh_content ol li p b,\n.tmpl_hh_content ol li p strong,\n.tmpl_hh_content ul li b,\n.tmpl_hh_content ul li strong,\n.tmpl_hh_content ul li p b,\n.tmpl_hh_content ul li p strong {\n    font-weight: normal;\n    font-size: inherit !important;\n    color: inherit !important;\n    margin: 0 !important;\n    text-transform: none;\n}\n\n.tmpl_hh_content ol li p,\n.tmpl_hh_content ul li p {\n    font-weight: normal;\n    margin: 0;\n}\n\n.tmpl_hh_content p b,\n.tmpl_hh_content p strong {\n    display: inline;\n    margin: 0;\n}\n\n.tmpl_hh_wrapper {\n    width: 100%;\n    margin: 0 auto;\n    max-width: 690px;\n    position: relative;\n    word-break: normal;\n    color: #1d1d1b;\n    overflow: hidden;\n    font-family: 'Verdana';\n    font-size: 16px;\n    line-height: 25px;\n}\n\n.tmpl_hh_wrapper img {\n    width: 100%;\n    display: block;\n    -webkit-user-select: none;\n    -moz-user-select: none;\n    -ms-user-select: none;\n    user-select: none;\n}\n\n.tmpl_hh_content {\n    padding: 54px 50px 9px;\n    background: url(https://hhcdn.ru/ichameleon/145335.png);\n    background-size: 200% auto;\n    background-position: 0 center;\n}\n\n.tmpl_hh_content p:first-child,\n.tmpl_hh_content>strong:first-child,\n.tmpl_hh_content div>strong:first-child {\n    margin-top: 0 !important;\n}\n\n.tmpl_hh_content p,\n.tmpl_hh_content b,\n.tmpl_hh_content strong {\n   margin: 52px 0 9px;\n}\n\n.tmpl_hh_content b, \n.tmpl_hh_content strong {\n    display: inline-block;\n    font-weight: bold;\n    font-size: 28px;\n    line-height: 28px;\n}\n\n.tmpl_hh_content ol, .tmpl_hh_content ul {\n    padding-left: 21px;\n    list-style: none !important;\n    border-bottom: 1px solid #000;\n    margin-bottom: 0;\n    padding-bottom: 47px;\n}\n\n.tmpl_hh_content ol {\n    counter-reset: list_counter;\n}\n\n.tmpl_hh_content li {\n    position: relative;\n    margin-bottom: 6px;\n}\n\n.tmpl_hh_content ul ul,\n.tmpl_hh_content ul ol,\n.tmpl_hh_content ol ol,\n.tmpl_hh_content ol ul {\n    margin-top: 6px;\n    border: 0;\n    padding-bottom: 0;\n}\n\n.tmpl_hh_content ol>li {\n    counter-increment: list_counter;    \n}\n\n.tmpl_hh_content li:before {\n    position: absolute;\n    left: -21px;\n    top: 0;\n    color: #32d0ae;\n}\n\n.tmpl_hh_content ul>li:before {\n    content: \"\\2022\";\n}\n\n.tmpl_hh_content ol>li:before {\n    content: counter(list_counter)'.';\n    left: auto;\n    right: 100%;\n    margin-right: 2px;\n}\n\n.tmpl_hh_flex {\n    display: -webkit-box;\n    display: -ms-flexbox;\n    display: flex;\n    -webkit-box-pack: justify;\n    -ms-flex-pack: justify;\n    justify-content: space-between;\n    -ms-flex-wrap: wrap;\n    flex-wrap: wrap;\n}\n\n.tmpl_hh_footer {\n    position: relative;\n    padding: 53px 50px 84px;\n    background-image: -moz-linear-gradient( 130deg, rgb(149,225,207) 0%, rgb(214,253,182) 100%);\n    background-image: -webkit-linear-gradient( 130deg, rgb(149,225,207) 0%, rgb(214,253,182) 100%);\n    background-image: -ms-linear-gradient( 130deg, rgb(149,225,207) 0%, rgb(214,253,182) 100%);\n}\n\nimg.tmpl_hh_footer__image {\n    position: absolute;\n    left: -19%;\n    top: 14%;\n    width: 98%;\n}\n\np.tmpl_hh_footer__tittle {\n    font-size: 28px;\n    line-height: 28px;\n    font-weight: bold;\n    margin-bottom: 34px;\n    position: relative;\n}\n\np.tmpl_hh_footer__text {\n    position: relative;\n}\n\n.tmpl_hh_icons {\n    padding: 40px 0 0;\n}\n\n.tmpl_hh_icons__item {\n    width: 100%;\n    margin-bottom: 39px;\n}\n\n.tmpl_hh_icons__textBlock {\n    width: 60.4%;\n    padding: 3px 0 0;\n}\n\np.tmpl_hh_icons__text {\n    font-size: 14px;\n    line-height: 16px;\n    margin: 0 0 9px;\n    width: 90%;\n}\n\n.tmpl_hh_icons__item2 {\n    margin-bottom: 24px;\n}\n\np.tmpl_hh_icons__tittle {\n    margin-left: 0;\n    box-sizing: border-box;\n    padding: 0 0 0 68px;\n    font-size: 18px;\n    line-height: 20px;\n    font-weight: bold;\n    width: 39.6%;\n    position: relative;\n}\n\np.tmpl_hh_icons__tittle:before {\n    content: \"\";\n}\n\n.tmpl_hh_icons__item1 p.tmpl_hh_icons__tittle:before {\n    background: url(https://hhcdn.ru/ichameleon/145337.png);\n    width: 42px;\n    height: 59px;\n    background-size: 100% 100%;\n    position: absolute;\n    left: 6px;\n    top: -14px;\n}\n\n.tmpl_hh_icons__item2 p.tmpl_hh_icons__tittle:before {\n    background: url(https://hhcdn.ru/ichameleon/145336.png);\n    width: 49px;\n    height: 49px;\n    background-size: 100% 100%;\n    position: absolute;\n    left: 2px;\n    top: -6px;\n}\n\n.tmpl_hh_icons__item3 p.tmpl_hh_icons__tittle:before {\n    background: url(https://hhcdn.ru/ichameleon/145338.png);\n    width: 52px;\n    height: 45px;\n    background-size: 100% 100%;\n    position: absolute;\n    left: 0px;\n    top: -1px;\n}\n\n@media screen and (max-width: 1019px) {\n    p.tmpl_hh_icons__text {\n        width: 100%;\n    }\n\n    .tmpl_hh_icons__textBlock {\n        width: 55.4%;\n    }\n}\n\n@media screen and (max-width: 699px) {\n    .tmpl_hh_wrapper {\n        font-size: 15px;\n        line-height: 20px;\n    }\n\n    .tmpl_hh_content {\n        padding: 34px 3% 0;\n    }\n\n    .tmpl_hh_content p,\n    .tmpl_hh_content b,\n    .tmpl_hh_content strong {\n       margin: 44px 0 8px;\n    }\n\n    .tmpl_hh_content b, \n    .tmpl_hh_content strong {\n        font-size: 20px;\n        line-height: 20px;\n    }\n\n    .tmpl_hh_content ol, .tmpl_hh_content ul {\n        padding-left: 19px;\n        padding-bottom: 40px;\n    }\n\n    .tmpl_hh_content ol {\n        counter-reset: list_counter;\n    }\n\n    .tmpl_hh_content li {\n        position: relative;\n        margin-bottom: 6px;\n    }\n\n    .tmpl_hh_content ul ul,\n    .tmpl_hh_content ul ol,\n    .tmpl_hh_content ol ol,\n    .tmpl_hh_content ol ul {\n        margin-top: 6px;\n        border: 0;\n        padding-bottom: 0;\n    }\n\n    .tmpl_hh_content li:before {\n        left: -19px;\n    }\n\n    p.tmpl_hh_icons__tittle {\n        margin: 0;\n        box-sizing: border-box;\n        padding: 0 0 23px 61px;\n        font-size: 15px;\n        line-height: 16px;\n        font-weight: bold;\n        width: 100%;\n        position: relative;\n        max-width: 210px;\n    }\n\n    .tmpl_hh_icons__textBlock {\n        width: 100%;\n    }\n\n    p.tmpl_hh_icons__text {\n        font-size: 14px;\n        line-height: 20px;\n        margin: 0 0 8px;\n        width: 100%;\n    }\n\n    .tmpl_hh_icons__item {\n        width: 100%;\n        margin-bottom: 43px;\n    }\n\n    .tmpl_hh_icons__item2 {\n        margin-bottom: 43px;\n    }\n\n    .tmpl_hh_icons__item2 p.tmpl_hh_icons__tittle {\n        padding: 0 0 19px 61px;\n    }\n\n    .tmpl_hh_icons__item3 p.tmpl_hh_icons__tittle {\n        padding: 1px 0 18px 61px;\n    }\n\n    .tmpl_hh_icons__item1 p.tmpl_hh_icons__tittle:before {\n        left: 1px;\n        top: -12px;\n    }\n\n    .tmpl_hh_icons__item2 p.tmpl_hh_icons__tittle:before {\n        left: 1px;\n        top: -9px;\n    }\n\n    .tmpl_hh_footer {\n        padding: 40px 6.5% 38px;\n    }\n\n    p.tmpl_hh_footer__tittle {\n        font-size: 20px;\n        line-height: 20px;\n        margin-bottom: 20px;\n    }\n\n    img.tmpl_hh_footer__image {\n        left: -69%;\n        top: 25%;\n        width: 225%;\n    }\n}\n</style>\n\n\n<div class=\"tmpl_hh_wrapper\">\n    <div class=\"tmpl_hh_content\">\n       <p><strong>О проекте:</strong></p> <p>Внутри Лаборатории есть масса сервисов и множество данных, которые мы применяем не только для обнаружения зловредов, но и для создания других коммерческих решений: Threat Intelligence сервисов.</p> <p>Мы ищем толкового и энергичного профессионала, который поможет нам разрабатывать решения для:</p> <ul> <li>расследования проведенных против наших клиентов атак</li> <li>извлечения из петабайт данных и связывания воедино самых разных атрибутов подозрительных объектов</li> <li>отслеживания угроз, наиболее вероятно нацеленных на определенные организации</li> <li>в конечном счёте - защиты бизнеса наших клиентов!</li> </ul> <p><strong>Основные задачи:</strong></p> <ul> <li>Реализация сложной бизнес логики на уровне БД</li> <li>Построение и поддержание инфраструктуры, необходимой для оптимального извлечения, преобразования и загрузки данных из различных источников</li> <li>Участие в разработке распределенных систем хранения данных</li> <li>Анализ требований, участие в разработке планов и оценке реализации;</li> <li>Проведение ревью кода;</li> <li>Активное участие в выборе и проработке технологий.</li> </ul> <p><strong>Что для этого необходимо:</strong></p> <ul> <li>Опыт работы с RDBMS (MSSQL/PostgreSQL/Oracle: проектирование, ACID, оптимизация, уровни изоляции и т.д.)</li> <li>Хорошее владение SQL (любой диалект, предпочтительно T-SQL)</li> <li>Опыт разработки высоконагруженных OLTP систем;</li> <li>Понимание принципов построения ETL/ELT-процессов</li> <li>Опыт разработки на одном из языков: Go, C#, Python</li> <li>Умение быстро разбираться в чужом коде, оптимизировать и рефакторить как свой, так и чужой код.</li> <li>Опыт работы с современными системами контроля исходного кода (git, mercurial, tfs, perforce и т.п.).</li> <li>Понимание методик юнит-тестирования</li> <li>Технический английский</li> </ul> <p><strong>Дополнительными плюсами будут:</strong></p> <ul> <li>Опыт работы с брокерами сообщений Kafka / RabbitMQ</li> <li>Опыт работы с контейнеризацией (Docker, Podman, Kubernetes);</li> <li>Опыт работы с NoSql базами данных</li> </ul><p><b>Мы предлагаем:</b></p>\n        <div class=\"tmpl_hh_icons\">\n            <div class=\"tmpl_hh_icons__item tmpl_hh_icons__item1 tmpl_hh_flex\">\n                <p class=\"tmpl_hh_icons__tittle\">Интересную работу</p>\n                <div class=\"tmpl_hh_icons__textBlock\">\n                    <p class=\"tmpl_hh_icons__text\">Команда лучших экспертов</p>\n                    <p class=\"tmpl_hh_icons__text\">Масштабные задачи</p>\n                    <p class=\"tmpl_hh_icons__text\">Самые современные технологии</p>\n                    <p class=\"tmpl_hh_icons__text\">Расширение технического кругозора</p>\n                </div>\n            </div>\n            <div class=\"tmpl_hh_icons__item tmpl_hh_icons__item2 tmpl_hh_flex\">\n                <p class=\"tmpl_hh_icons__tittle\">Социальный пакет</p>\n                <div class=\"tmpl_hh_icons__textBlock\">\n                    <p class=\"tmpl_hh_icons__text\">ДМС и страхование жизни (включая детей) с первого дня</p>\n                    <p class=\"tmpl_hh_icons__text\">100% оплата больничного</p>\n                    <p class=\"tmpl_hh_icons__text\">Бесплатное обучение: митапы, конференции, сертификации, 7 иностранных языков</p>\n                    <p class=\"tmpl_hh_icons__text\">Ежемесячный бонус на обеды</p>\n                    <p class=\"tmpl_hh_icons__text\">Оплата мобильной связи</p>\n                </div>\n            </div>\n            <div class=\"tmpl_hh_icons__item tmpl_hh_icons__item3 tmpl_hh_flex\">\n                <p class=\"tmpl_hh_icons__tittle\">Комфортные условия</p>\n                <div class=\"tmpl_hh_icons__textBlock\">\n                    <p class=\"tmpl_hh_icons__text\">2 спортзала и сауны прямо в офисе</p>\n                    <p class=\"tmpl_hh_icons__text\">Свой ресторан и бар</p>\n                    <p class=\"tmpl_hh_icons__text\">Врач и массаж в офисе</p>\n                    <p class=\"tmpl_hh_icons__text\">Программа релокации для кандидатов из регионов</p>\n                </div>\n            </div>\n        </div>\n    </div>\n    <div class=\"tmpl_hh_footer\">\n        <img class=\"tmpl_hh_footer__image\" src=\"https://hhcdn.ru/ichameleon/145334.png\" alt=\"\">\n        <p class=\"tmpl_hh_footer__tittle\">О компании</p>\n        <p class=\"tmpl_hh_footer__text\">«Лаборатория Касперского» уже 22 года защищает мир от киберугроз. Более 400 миллионов пользователей выбирают наши технологии для защиты своих данных, а мы каждый день работаем над их совершенствованием. Сегодня наша команда — это 4 000 экспертов, которые работают в 37 странах мира. Все мы — обычные люди, со своими особенностями и увлечениями, но вместе мы 24 часа в сутки спасаем мир. Работа у нас — это возможность стать настоящим героем, оставаясь самим собой.</p>\n    </div>\n</div> \n\n","vacancy_constructor_template":null,"key_skills":[{"name":"PostgreSQL"},{"name":"MS SQL"},{"name":"TFS"},{"name":"SQL"},{"name":"Go"},{"name":"ETL"},{"name":"ELT"},{"name":"C#"},{"name":"Big Data"},{"name":"Transact-SQL"}],"accept_handicapped":false,"accept_kids":false,"archived":false,"response_url":null,"specializations":[{"id":"1.221","name":"Программирование, Разработка","profarea_id":"1","profarea_name":"Информационные технологии, интернет, телеком"},{"id":"1.110","name":"Компьютерная безопасность","profarea_id":"1","profarea_name":"Информационные технологии, интернет, телеком"},{"id":"1.420","name":"Администратор баз данных","profarea_id":"1","profarea_name":"Информационные технологии, интернет, телеком"}],"code":null,"hidden":false,"quick_responses_allowed":false,"driver_license_types":[],"accept_incomplete_resumes":false,"employer":{"id":"1057","name":"Лаборатория Касперского","url":"https://api.hh.ru/employers/1057?host=hh.ru","alternate_url":"https://hh.ru/employer/1057","logo_urls":{"240":"https://hhcdn.ru/employer-logo/3133061.png","90":"https://hhcdn.ru/employer-logo/3133060.png","original":"https://hhcdn.ru/employer-logo-original/672982.png"},"vacancies_url":"https://api.hh.ru/vacancies?employer_id=1057&host=hh.ru","trusted":true},"published_at":"2021-06-09T10:24:48+0300","created_at":"2021-06-09T10:24:48+0300","negotiations_url":null,"suitable_resumes_url":null,"apply_alternate_url":"https://hh.ru/applicant/vacancy_response?vacancyId=44121525","has_test":false,"test":null,"alternate_url":"https://hh.ru/vacancy/44121525","working_days":[],"working_time_intervals":[],"working_time_modes":[],"accept_temporary":false}