{"id":"44148416","premium":false,"billing_type":{"id":"standard","name":"Стандарт"},"relations":[],"name":"Senior backend developer","insider_interview":null,"response_letter_required":false,"area":{"id":"1","name":"Москва","url":"https://api.hh.ru/areas/1?host=hh.ru"},"salary":null,"type":{"id":"open","name":"Открытая"},"address":null,"allow_messages":true,"site":{"id":"hh","name":"hh.ru"},"experience":{"id":"between3And6","name":"От 3 до 6 лет"},"schedule":{"id":"remote","name":"Удаленная работа"},"employment":{"id":"full","name":"Полная занятость"},"department":null,"contacts":null,"description":"<p><strong>Skyeng</strong> не просто онлайн-школа — это сильная IT-компания с масштабным операционным блоком. Мы меняем образование с помощью технологий, принимаем бизнес-решения, опираясь на метрики, а внутренняя культура взаимопомощи и обратной связи помогает двигаться быстрее и расти.</p> <p>В IT-команде больше 350 сотрудников, среди них 160+ разработчиков. Наша разработка — это 40+ независимых и быстрых продуктовых команд с опытными тимлидами и продактами. Миксуем kanban и scrum: работаем на результат, выкатываем изменения на прод по несколько раз в день, проводим регулярные стендапы и ретроспективы. Не боимся ошибаться, а если ошибаемся — собираемся на post mortem, рефлексируем и едем дальше.</p> <ul> <li> <p><strong>Наши продукты:</strong> онлайн-платформа Vimbox, Android и IOS-приложения, словари, браузерные расширения, внутренние CRM и финансовые системы.</p> </li> </ul> <ul> <li> <p><strong>Наша инфраструктура:</strong> 200+ железных серверов и виртуальные машины в AWS и Яндексе. Мониторинг на основе Prometheus, New Relic, Sentry, Kibana, а деплой — с помощью Jenkins(вот-вот перейдём на Gitlab). Инфраструктура разработки — классический LNPP стек (для полнотекстового поиска — Linux, Nginx, PostgreSQL, PHP). Почти мигрировали на docker-инфраструктуру на базе Docker Swarm и в 2021 перейдем на Kubernetes.</p> </li> </ul> <ul> <li> <p><strong>Наши инструменты</strong> для документации и общения: Slack, Zoom, Google Meet, Jira, Confluence, Github.</p> </li> </ul> <p><strong>О проекте. </strong>Ищем senior(pre-senior) PHP разработчика в командy Sales Core, которая занимается разработкой платформы продаж.</p> <p><strong><em>Чем предстоит заниматься</em></strong></p> <ul> <li>Моделировать, проектировать и разрабатывать функциональность новой автоматизированной платформы продаж на базе PHP 7.4+ (Symfony 4), Doctrine, PostgreSQL, RabbitMQ, Memcached;</li> <li>Обвешивать продуктовыми (ClickHouse, Graphite, Grafana) и техническими (New relic, Scritinizer, Sentry, Kibana) метриками и ориентируюясь на них организовывать стабильную классную систему с крутыми показателями скорости развития.</li> </ul> <p><strong><em>Как мы работаем </em></strong></p> <ul> <li> <p>Не делаем задачи &quot;чтобы было&quot;, у любой таски на доске есть ценность и менеджер всегда может ее обосновать;</p> </li> <li> <p>Моделирование, проектирование, DDD наше всё - знаем чем отличается “работает” и “хорошо работает”, учимся доказывать это цифрами;</p> </li> <li> <p>Дружим с тестированием и не катим задачи в пятницу вечером;</p> </li> <li> <p>У нас Scrum - дейли митинги, груминги, ретро, демо и всё остальное;</p> </li> <li> <p>Техревью, во время которых разбираем новые задачи, договариваемся о способах реализации, пишем техпланы;</p> </li> <li> <p>Еженедельные встречи, где обсуждаем новости Skyeng, новые идеи (часто) или проблемы (редко).</p> </li> </ul> <p><strong><em>Ждем от тебя</em></strong></p> <ul> <li> <p>Опыт с PHP не менее 5 лет;</p> </li> <li> <p>Опыт с одним из фреймворков: Symfony, Laravel, Yii;</p> </li> <li> <p>Глубокое понимание паттернов проектирования;</p> </li> <li> <p>Понимание и использование принципов OOП, знаний архитектуры;</p> </li> <li> <p>Проектирование решений до написания кода, построение архитектуры.</p> </li> </ul> <p><strong><em>Будет плюсом</em></strong></p> <ul> <li> <p>Умение писать код, который легко поддерживать, чётко называть классы и методы;</p> </li> <li> <p>Умение оценивать сроки, вовремя сигнализировать о проблеме;</p> </li> <li> <p>Умение прислушиваться к чужому мнению, искать компромиссы;</p> </li> <li> <p>Результативность и умение довести задачи до конца;</p> </li> <li> <p>Понимание силы процессов: зачем логировать время, переставлять статусы, готовиться к встречам.</p> </li> </ul> <p><strong><em>Причины пойти к нам</em></strong></p> <ul> <li> <p>Сильные продукты и социально значимые амбициозные цели. Мы меняем сферу образования и делаем учебу увлекательнее, чем Netflix;</p> </li> </ul> <ul> <li> <p>Свобода действий. Каждый имеет возможность настраивать процессы, включаться в разнообразные проекты, запускать и развивать продукты, которые нужны людям;</p> </li> <li> <p>Продуктовый подход. Опираемся на исследования и метрики, фокусируемся на результате, который приносит клиентам реальную пользу;</p> </li> <li> <p>Удаленка здорового человека. Никто не контролирует, во сколько ты начинаешь работать и где находишься, главное — результат, которого ты пообещал достичь;</p> </li> <li> <p>Обучение и мотивация. Отправляем на внутренние и внешние профессиональные курсы за счет компании, готовим к публичным выступлениям, помогаем составить персональный план развития;</p> </li> <li> <p>Атмосфера, где слышат и понимают. Предлагай любую идею или конструктивно критикуй — твое мнение не останется без внимания и может все изменить;</p> </li> <li> <p>Скидка 50% на уроки в Skyeng каждому сотруднику и его другу/родственнику;</p> </li> <li> <p>Приятные скидки от наших партнеров.</p> </li> </ul>","branded_description":null,"vacancy_constructor_template":null,"key_skills":[{"name":"Symfony"},{"name":"MySQL"},{"name":"PostgreSQL"},{"name":"PHP"}],"accept_handicapped":false,"accept_kids":false,"archived":false,"response_url":null,"specializations":[{"id":"1.221","name":"Программирование, Разработка","profarea_id":"1","profarea_name":"Информационные технологии, интернет, телеком"},{"id":"1.82","name":"Инженер","profarea_id":"1","profarea_name":"Информационные технологии, интернет, телеком"},{"id":"1.9","name":"Web инженер","profarea_id":"1","profarea_name":"Информационные технологии, интернет, телеком"},{"id":"1.10","name":"Web мастер","profarea_id":"1","profarea_name":"Информационные технологии, интернет, телеком"}],"code":null,"hidden":false,"quick_responses_allowed":false,"driver_license_types":[],"accept_incomplete_resumes":false,"employer":{"id":"1122462","name":"Skyeng","url":"https://api.hh.ru/employers/1122462?host=hh.ru","alternate_url":"https://hh.ru/employer/1122462","logo_urls":{"240":"https://hhcdn.ru/employer-logo/3420386.png","90":"https://hhcdn.ru/employer-logo/3420385.png","original":"https://hhcdn.ru/employer-logo-original/744856.png"},"vacancies_url":"https://api.hh.ru/vacancies?employer_id=1122462&host=hh.ru","trusted":true},"published_at":"2021-06-07T16:01:29+0300","created_at":"2021-06-07T16:01:29+0300","negotiations_url":null,"suitable_resumes_url":null,"apply_alternate_url":"https://hh.ru/applicant/vacancy_response?vacancyId=44148416","has_test":false,"test":null,"alternate_url":"https://hh.ru/vacancy/44148416","working_days":[],"working_time_intervals":[],"working_time_modes":[],"accept_temporary":false}