{"id":"44288602","premium":false,"billing_type":{"id":"standard","name":"Стандарт"},"relations":[],"name":"Senior/Middle backend разработчик/Разработчик Битрикс","insider_interview":null,"response_letter_required":false,"area":{"id":"1","name":"Москва","url":"https://api.hh.ru/areas/1?host=hh.ru"},"salary":{"from":150000,"to":200000,"currency":"RUR","gross":false},"type":{"id":"open","name":"Открытая"},"address":{"city":"Москва","street":"проспект Мира","building":"101с1","description":null,"lat":55.811791,"lng":37.636338,"raw":"Москва, проспект Мира, 101с1","metro":null,"metro_stations":[]},"allow_messages":true,"site":{"id":"hh","name":"hh.ru"},"experience":{"id":"between3And6","name":"От 3 до 6 лет"},"schedule":{"id":"fullDay","name":"Полный день"},"employment":{"id":"full","name":"Полная занятость"},"department":null,"contacts":null,"description":"<p><strong>Notamedia</strong> - это компания по веб-разработке и ИТ-услугам, основанная в 2004 году в Москве, с международными филиалами в Юго-Восточной Азии и ОАЭ.</p> <p>Notamedia входит в ТОП-10 ключевых рейтингов Рунета, ежегодно становится призером престижных российских и международных конкурсов в области веб-разработки, дизайна и рекламы – Премия Рунета, Золотой сайт, Red Apple, Киевский международный фестиваль рекламы, Золотая блоха, AdVision Awards, Московский международный фестиваль рекламы и других. Агентство является членом ассоциации менеджеров России (АМР) и Российской ассоциации электронных коммуникаций (РАЭК).</p> <p><strong>Мы занимаем 3 место в рейтинге Ruward по разработке и интеграции интернет-систем и корпоративных порталов.</strong></p> <p><strong>Наши клиенты:</strong> МИД, Правительство Москвы, IBS, Роскосмос, Министерство Культуры, Зарядье, НСПК, Dubai economy department, Al Hamra Real Estate Development, Risknowlogy, Indian Railways, MCnroe и многие другие.</p> <p><strong>Обязанности:</strong></p> <ul> <li>Разработка сайтов и сложных сервисов Битрикс/Битрикс24;</li> <li>Поддержка и доработка существующих проектов;</li> </ul> <p><strong>Требования:</strong></p> <ul> <li>Грейд Senior и выше (опыт разработки от 3 лет);</li> <li>Уверенное знание РНР 7+, My SQL, ООП;</li> <li>Опыт работы с Битрикс24;</li> <li>Умение читать чужой код, писать свой читаемый код;</li> <li>Умение читать документацию на английском;</li> <li>Опыт управления проектами как ведущий разработчик;</li> <li>Желательно наличие сертификатов Битрикс, включая сертификат разработчика.</li> </ul> <p>Программа максимум:</p> <ul> <li>Понимание основных принципов проектирования DRY,SOLID,DDD и т.п.;</li> <li>Понимание PSR (для чего надо, как подключить, как пользоваться);</li> <li>Владение инструментами языка (замыкания, тернарные операторы, типизация методов, стрелочные функции);</li> <li>Владение ООП (классы, статика, области видимости, интерфейсы, абстракции, трейты);</li> <li>Четкое понимание того, как работают типы данных и базовые операторы языка;</li> <li>Умение строить и читать запросы, понять почему запрос вызывает ошибку (SELECT[WHERE], JOIN, AS, INSERT, TRUNCATE, UPDATE);</li> <li>JS, PHP7+, Bitrix24;</li> <li>Умение строить XHR;</li> <li>Понимание того какие существуют и как работают HTML запросы;</li> <li>Понимание того какие существуют коды ответа и почему;</li> <li>Способность самостоятельно построить базовые конструкции с элементарной логикой (BX, native JS, JQuery);</li> <li>Опыт работы с инфоблоками 2.0;</li> <li>Опыт работы с HL-Блоками;</li> <li>Опыт работы с классами ORM\\Data\\DataManager;</li> <li>Понимание того, как в Б24 работает MVC (какой код где размещать надо, а где - не стоит);</li> <li>Опыт создания Модулей и Компонентов и кастомизация существующих.</li> </ul> <p><strong>Условия:</strong></p> <ul> <li>Оформление по ТК РФ;</li> <li>Стабильная заработная плата (от 150 000 до 200000 тыс-Net);</li> <li>Адекватная постановка задач;</li> <li>Мы стремимся свести рутину к минимуму благодаря современным проектным методологиям и инструментам разработки;</li> <li>Опытная команда + крутой опытный руководитель;</li> <li>Не фиксированное начало рабочего дня (9:00 -11:00);</li> <li>Профессиональный рост и возможность внутреннего и внешнего обучения;</li> <li>Дружный и профессиональный коллектив;</li> <li>Возможность работать удаленно</li> <li>Офис в шаговой доступности от метро Алексеевская.</li> </ul>","branded_description":null,"vacancy_constructor_template":null,"key_skills":[{"name":"Bitrix24"},{"name":"PHP 7+"},{"name":"PSR"},{"name":"MySQL"},{"name":"JavaScript"},{"name":"HTML"}],"accept_handicapped":false,"accept_kids":false,"archived":false,"response_url":null,"specializations":[{"id":"1.221","name":"Программирование, Разработка","profarea_id":"1","profarea_name":"Информационные технологии, интернет, телеком"},{"id":"1.10","name":"Web мастер","profarea_id":"1","profarea_name":"Информационные технологии, интернет, телеком"}],"code":null,"hidden":false,"quick_responses_allowed":false,"driver_license_types":[],"accept_incomplete_resumes":false,"employer":{"id":"553714","name":"NOTAMEDIA","url":"https://api.hh.ru/employers/553714?host=hh.ru","alternate_url":"https://hh.ru/employer/553714","logo_urls":{"original":"https://hhcdn.ru/employer-logo-original/432529.jpg","90":"https://hhcdn.ru/employer-logo/2172186.jpeg","240":"https://hhcdn.ru/employer-logo/2172187.jpeg"},"vacancies_url":"https://api.hh.ru/vacancies?employer_id=553714&host=hh.ru","trusted":true},"published_at":"2021-06-04T17:55:20+0300","created_at":"2021-06-04T17:55:20+0300","negotiations_url":null,"suitable_resumes_url":null,"apply_alternate_url":"https://hh.ru/applicant/vacancy_response?vacancyId=44288602","has_test":false,"test":null,"alternate_url":"https://hh.ru/vacancy/44288602","working_days":[],"working_time_intervals":[],"working_time_modes":[],"accept_temporary":false}