{"id":"44299425","premium":false,"billing_type":{"id":"standard_plus","name":"Стандарт плюс"},"relations":[],"name":"Senior BackEnd Developer .Net C# (удаленно)","insider_interview":null,"response_letter_required":false,"area":{"id":"1","name":"Москва","url":"https://api.hh.ru/areas/1?host=hh.ru"},"salary":{"from":200000,"to":300000,"currency":"RUR","gross":false},"type":{"id":"open","name":"Открытая"},"address":null,"allow_messages":true,"site":{"id":"hh","name":"hh.ru"},"experience":{"id":"moreThan6","name":"Более 6 лет"},"schedule":{"id":"remote","name":"Удаленная работа"},"employment":{"id":"full","name":"Полная занятость"},"department":null,"contacts":null,"description":"<p><strong>ZennoLab </strong>— <strong>﻿</strong>продуктовая IT-компания. С 2008 года мы разрабатываем лидирующие продукты для автоматизации процессов в браузере и работаем над созданием лучшего клиентского опыта.</p> <p>В нашу команду web-разработки нужен <strong>Senior BackEnd Developer</strong></p> <p><strong>Чем предстоит заниматься:</strong></p> <ul> <li> <p>Участвовать в разработке нового проекта (внутренняя CRM)</p> </li> <li> <p>Развивать и поддерживать имеющиеся продукты компании (высоконагруженные внешние и внутренние сервисы). Минимальные нагрузки на наши сервисы 10K+ RPM, максимальные 1M+ RPM, мы строим проекты на базе Docker и Kubernetes.</p> </li> <li> <p>Настраивать CI/CD для ускорения разработки</p> </li> <li> <p>Участвовать в митингах и CodeReview</p> </li> </ul> <p><strong>Что мы ждем от кандидата:</strong><strong> </strong></p> <ul> <li> <p>Опыт работы с C# от 5 лет</p> </li> <li> <p>Опыт разработки на ASP.NET Core от 3 лет</p> </li> <li> <p>Опыт работы с SQL и/или NoSQL БД (MongoDB, PostgreSQL и/или MSSQL, Redis)</p> </li> <li> <p>Опыт работы с Docker / Kubernetes от 1 года</p> </li> <li> <p>Умение работать с инструментами мониторинга AppMetrics, NewRelic, Grafana, Prometheus</p> </li> <li> <p>Будет преимуществом опыт развертывания .Net Core приложений на Linux</p> </li> </ul> <p><strong>Что мы предлагаем:</strong></p> <ul> <li> <p>Работу на удаленке</p> </li> <li> <p>Гибкий график (время пересечения с командой - с 12 до 18 МСК)</p> </li> <li> <p>Профессиональное развитие, участие в IT конференциях</p> </li> <li> <p>Высокий уровень коллег (Mid, Senior)</p> </li> <li> <p>Небольшой, но дружный коллектив</p> </li> <li> <p>Конкурентный уровень з/п</p> </li> </ul> <p><strong>Чувствуете, что вакансия вам подходит?</strong></p> <p><strong>Откликайтесь прямо сейчас!</strong></p>","branded_description":null,"vacancy_constructor_template":{"id":21851,"name":"BackEnd Developer","top_picture":{"height":510,"width":1400,"path":"https://hhcdn.ru/branding-pictures/422589.png","blurred_path":"https://hhcdn.ru/branding-pictures-blurred/422591.png"},"bottom_picture":{"height":320,"width":700,"path":"https://hhcdn.ru/branding-pictures/422597.png","blurred_path":"https://hhcdn.ru/branding-pictures-blurred/422599.png"}},"key_skills":[],"accept_handicapped":false,"accept_kids":false,"archived":false,"response_url":null,"specializations":[{"id":"1.221","name":"Программирование, Разработка","profarea_id":"1","profarea_name":"Информационные технологии, интернет, телеком"}],"code":null,"hidden":false,"quick_responses_allowed":false,"driver_license_types":[],"accept_incomplete_resumes":false,"employer":{"id":"723714","name":"ZennoLab","url":"https://api.hh.ru/employers/723714?host=hh.ru","alternate_url":"https://hh.ru/employer/723714","logo_urls":{"90":"https://hhcdn.ru/employer-logo/2750763.png","240":"https://hhcdn.ru/employer-logo/2750764.png","original":"https://hhcdn.ru/employer-logo-original/577373.png"},"vacancies_url":"https://api.hh.ru/vacancies?employer_id=723714&host=hh.ru","trusted":true},"published_at":"2021-06-11T17:03:33+0300","created_at":"2021-06-11T17:03:33+0300","negotiations_url":null,"suitable_resumes_url":null,"apply_alternate_url":"https://hh.ru/applicant/vacancy_response?vacancyId=44299425","has_test":false,"test":null,"alternate_url":"https://hh.ru/vacancy/44299425","working_days":[],"working_time_intervals":[],"working_time_modes":[],"accept_temporary":false}