{"id":"44292979","premium":false,"billing_type":{"id":"standard","name":"Стандарт"},"relations":[],"name":"Middle/Senior Java Backend разработчик (удаленно)","insider_interview":null,"response_letter_required":false,"area":{"id":"1","name":"Москва","url":"https://api.hh.ru/areas/1?host=hh.ru"},"salary":null,"type":{"id":"open","name":"Открытая"},"address":null,"allow_messages":true,"site":{"id":"hh","name":"hh.ru"},"experience":{"id":"between1And3","name":"От 1 года до 3 лет"},"schedule":{"id":"remote","name":"Удаленная работа"},"employment":{"id":"full","name":"Полная занятость"},"department":null,"contacts":null,"description":"<p>Компания <strong>&quot;ГНИВЦ» Главный научный инновационный внедренческий центр&quot;</strong> -ведущий разработчик автоматизированных информационных систем, программных комплексов для налоговых органов, банков, органов государственной и муниципальной власти, муниципальных образований приглашает в команду на Java-разработчика</p> <p><strong>Проект: ЕРН Единый регистр населения </strong></p> <p>Система хранит огромный массив данных. Разные данные загружаются из разных систем и посредством определенных алгоритмов можно сформировать отчеты. Например: узнать какой доход в семье, нужна ли семье социальная помощь и т.д.</p> <p><strong>Middle/Senior Java Backend разработчик</strong></p> <p><strong>Обязанности</strong>:</p> <ul> <li>Участие в проекте разработки.</li> <li>Разработка бэкенда на стеке Spring Boot, Spring MVC, Hibernate и др.</li> <li>Консультирование и оказание помощи коллегам-разработчикам, аналитикам</li> <li>Документирование ПО, пополнение базы знаний.</li> <li>Участие в командных мероприятиях: митинги, демо, конференции, обучение.</li> </ul> <p><strong>Наши ожидания:</strong></p> <ul> <li>Опыт работы на аналогичной позиции от 2-х лет.</li> <li>Опыт работы с применением технологических платформ и инструментов разработки промышленных систем на стеке Java: Spring, JavaEE, Hibernate, jax-ws, jax-rs.</li> <li>Опыт разработки REST API.</li> <li>Опыт работы с RabbitMQ или Kafka.</li> <li>Опыт работы с серверами приложений и контейнерами сервлетов (минимум, один из Weblogic, Glassfish, JBoss, Wildfly, Tomcat, Jetty) или в контейнерной архитектуре (Docker).</li> </ul> <p><strong>Мы предлагаем:</strong></p> <ul> <li>Возможность удаленной работы, так как у нас распределенные команды на проектах.</li> <li>Возможность работы в офисах: СЗАО (м. «Тушинская», м. «Митино», станция «Трикотажная»); </li> <li>Пятидневную рабочую неделю (Пн. – Чт. с 09.00 до 18.00, Пт. с 09.00 до 16.45);</li> <li>Высокую заработную плату по результатам собеседования, премии за эффективную работу и результат;</li> <li>Оформление в соответствии с требованиями ТК РФ: оплачиваемые отпуска+ доплата к отпуску 50% от оклада через 11 месяцев работы в Компании, больничные листы, выплата заработной платы дважды в месяц и др.;</li> </ul> <p><strong>И плюшки:</strong></p> <ul> <li>Профессиональное обучение и сертификация за счёт компании - мы организуем митапы, хакатоны, конференции, семинары и тренинги: как внутренние, так и внешние.</li> <li>ДМС по окончании испытательного срока, с огромным перечнем лучших медучреждений и включая классную стоматологию;</li> <li>Партнерские программы по обучению иностранному языку и прокачки скиллов от <strong>Skyeng и Skillbox;</strong></li> <li>Доступ к корпоративной библиотека на платформе <strong>Alpina Digital;</strong></li> <li>Компенсация части стоимости затрат на занятия спортом;</li> <li>Wellcom-понедельники в офисах со множеством вкусняшек - для хорошего начала недели;</li> <li>Зарплатный проект в банке ВТБ.</li> <li>20% скидку на питание в столовых, расположенных на территории организации;</li> <li>Комфортабельный офис и бесплатную парковку на охраняемой территории (СЗАО);</li> <li>А также, множество других приятных и интересных бонусов и преференций.</li> </ul>","branded_description":null,"vacancy_constructor_template":null,"key_skills":[{"name":"Java"},{"name":"Spring"},{"name":"JavaScript"},{"name":"React.js"},{"name":"Backbone"},{"name":"Node.js"},{"name":"PostgreSQL"},{"name":"MySQL"},{"name":"RabbitMQ"},{"name":"Camel"},{"name":"Kafka"},{"name":"AMQ/Rabbit"},{"name":"J2EE"}],"accept_handicapped":false,"accept_kids":false,"archived":false,"response_url":null,"specializations":[{"id":"1.221","name":"Программирование, Разработка","profarea_id":"1","profarea_name":"Информационные технологии, интернет, телеком"},{"id":"1.82","name":"Инженер","profarea_id":"1","profarea_name":"Информационные технологии, интернет, телеком"}],"code":null,"hidden":false,"quick_responses_allowed":false,"driver_license_types":[],"accept_incomplete_resumes":false,"employer":{"id":"160748","name":"ГНИВЦ","url":"https://api.hh.ru/employers/160748?host=hh.ru","alternate_url":"https://hh.ru/employer/160748","logo_urls":{"240":"https://hhcdn.ru/employer-logo/1825131.png","90":"https://hhcdn.ru/employer-logo/1825130.png","original":"https://hhcdn.ru/employer-logo-original/345716.bmp"},"vacancies_url":"https://api.hh.ru/vacancies?employer_id=160748&host=hh.ru","trusted":true},"published_at":"2021-06-08T17:59:30+0300","created_at":"2021-06-08T17:59:30+0300","negotiations_url":null,"suitable_resumes_url":null,"apply_alternate_url":"https://hh.ru/applicant/vacancy_response?vacancyId=44292979","has_test":false,"test":null,"alternate_url":"https://hh.ru/vacancy/44292979","working_days":[],"working_time_intervals":[],"working_time_modes":[],"accept_temporary":false}