{"id":"44326255","premium":false,"billing_type":{"id":"standard","name":"Стандарт"},"relations":[],"name":"Senior Backend Developer — Billing","insider_interview":null,"response_letter_required":false,"area":{"id":"1","name":"Москва","url":"https://api.hh.ru/areas/1?host=hh.ru"},"salary":{"from":null,"to":250000,"currency":"RUR","gross":false},"type":{"id":"open","name":"Открытая"},"address":null,"allow_messages":true,"site":{"id":"hh","name":"hh.ru"},"experience":{"id":"moreThan6","name":"Более 6 лет"},"schedule":{"id":"remote","name":"Удаленная работа"},"employment":{"id":"full","name":"Полная занятость"},"department":null,"contacts":null,"description":"<p><strong>О компании.</strong> Skyeng — крупнейшая IT-компания в России в области EdTech. Входим в топ-20 самых дорогостоящих компаний страны по версии Forbes и планомерно движемся к IPO. Провели больше 3 000 000 уроков английского для взрослых и детей, уже год учим математике (и в 2021 году открываем другие предметы), постоянно запускаем новые продукты и тестируем форматы.</p> <p>В IT-команде больше 400 сотрудников, среди них 200+ разработчиков. Наша разработка — это 40+ независимых и быстрых продуктовых команд с опытными тимлидами и продактами. Миксуем kanban и scrum: работаем на результат, выкатываем изменения на прод по несколько раз в день, проводим регулярные стендапы и ретроспективы. Не боимся ошибаться, а если ошибаемся — собираемся на post mortem, рефлексируем и едем дальше. Используем современные инструменты коммуникации: Slack, Hangouts, Jira, Confluence, Notion, Github, Zeplin и другие.</p> <p>Сейчас мы ищем PHP-разработчика в команду биллинга.</p> <p><strong>Что делает биллинг в Skyeng:</strong></p> <ul> <li> <p>Каждый месяц принимаем более 60к входящих платежей (несколько платежных систем, разные валюты, PCI DSS, фискализация).</p> </li> <li> <p>Каждый месяц проводим более 30к выплат (несколько платежных систем, инвойсы) в любую точку мира!</p> </li> <li> <p>Обрабатываем движение более 1 млн уроков на балансах учеников и проводим по ним начисления вознаграждений преподавателям</p> </li> <li> <p>Сводим данные для финансовой отчетности компании, готовимся к IPO</p> </li> </ul> <p><strong>Почему биллинг — крутая команда:</strong></p> <ul> <li> <p>Задачи проходят техническое ревью: встречаются 3-4 человека и придумывают решение</p> </li> <li> <p>Ежедневные daily — все с вебками, регулярные Kaizen</p> </li> <li> <p>Каждый понедельник проводим демо, где рассказываем что сделали</p> </li> <li> <p>Бизнес понимает необходимость рефакторинга: с ветряными мельницами бороться не придется</p> </li> <li> <p>Использует современные, но стабильные технологии: PHP 7.4, Symfony 4.4, MySQL 8.0, RabbitMq</p> </li> <li> <p>Любим порядок в коде и автоматизацию: PHP CodeSniffer, PHPStan, openapi-generator</p> </li> </ul> <p><strong>Чем предстоит заниматься:</strong></p> <ul> <li> <p>Проектировать, обсуждать и предлагать решения (тех. ревью, код. ревью)</p> </li> <li> <p>Развивать функционал учета уроков учеников (начисления, списания, конвертации и пр.)</p> </li> <li> <p>Разрабатывать API для сервисной архитектуры</p> </li> <li> <p>Интегрироваться с внутренними сервисами SkyEng</p> </li> <li> <p>Писать юнит и функциональные тесты</p> </li> <li> <p>Минимальная работа с фронтендом</p> </li> </ul> <p><strong>Наш идеальный кандидат:</strong></p> <ul> <li> <p>С опытом разработки от 4х лет;</p> </li> <li> <p>С опытом работы с современными фреймворками (Symfony, Laravel, Yii);</p> </li> <li> <p>Понимает принципы ООП (и их использует в работе)</p> </li> <li> <p>Понимает как работают очереди (RabbitMQ) и знаком с принципами асинхронного взаимодействия</p> </li> <li> <p>Пишет код, который легко поддерживать. Умеет оценивать сроки, декомпозировать задачи и сигнализировать о рисках/проблемах;</p> </li> <li> <p>И главное не боится учится и привык доводить задачи до результата.</p> </li> </ul> <p><strong>Причины пойти к нам:</strong></p> <ul> <li> <p>Сильные продукты и социально значимые амбициозные цели. Мы меняем сферу образования и делаем учебу увлекательнее, чем Netflix.</p> </li> </ul> <ul> <li> <p>Свобода действий. Каждый имеет возможность настраивать процессы, включаться в разнообразные проекты, запускать и развивать продукты, которые нужны людям.</p> </li> <li> <p>Продуктовый подход. Опираемся на исследования и метрики, фокусируемся на результате, который приносит клиентам реальную пользу.</p> </li> <li> <p>Удаленка. Никто не контролирует, во сколько ты начинаешь работать и где находишься, главное — результат, которого ты пообещал достичь.</p> </li> <li> <p>Обучение и мотивация. Отправляем на внутренние и внешние профессиональные курсы за счет компании, готовим к публичным выступлениям, помогаем составить персональный план развития.</p> </li> <li> <p>Атмосфера, где слышат и понимают. Предлагай любую идею или конструктивно критикуй — твое мнение не останется без внимания и может все изменить.</p> </li> </ul> <p><strong>И еще:</strong></p> <ul> <li> <p>Скидка 50% на уроки в Skyeng каждому сотруднику и его другу/родственнику.</p> </li> <li> <p>Бонусы от наших партнеров — Нетологии, Codeschool и других.</p> </li> <li> <p>Оформление по ТК РФ, оплачиваемые отпуск и больничный.</p> </li> <li> <p>Macbook для работы, завтраки и спортзал в московском офисе, корпоративная библиотека и еще много плюшек.</p> </li> </ul>","branded_description":null,"vacancy_constructor_template":null,"key_skills":[{"name":"ООП"},{"name":"PHP"},{"name":"Symfony"}],"accept_handicapped":false,"accept_kids":false,"archived":false,"response_url":null,"specializations":[{"id":"1.221","name":"Программирование, Разработка","profarea_id":"1","profarea_name":"Информационные технологии, интернет, телеком"}],"code":null,"hidden":false,"quick_responses_allowed":false,"driver_license_types":[],"accept_incomplete_resumes":false,"employer":{"id":"1122462","name":"Skyeng","url":"https://api.hh.ru/employers/1122462?host=hh.ru","alternate_url":"https://hh.ru/employer/1122462","logo_urls":{"240":"https://hhcdn.ru/employer-logo/3420386.png","90":"https://hhcdn.ru/employer-logo/3420385.png","original":"https://hhcdn.ru/employer-logo-original/744856.png"},"vacancies_url":"https://api.hh.ru/vacancies?employer_id=1122462&host=hh.ru","trusted":true},"published_at":"2021-06-07T16:01:13+0300","created_at":"2021-06-07T16:01:13+0300","negotiations_url":null,"suitable_resumes_url":null,"apply_alternate_url":"https://hh.ru/applicant/vacancy_response?vacancyId=44326255","has_test":false,"test":null,"alternate_url":"https://hh.ru/vacancy/44326255","working_days":[],"working_time_intervals":[],"working_time_modes":[],"accept_temporary":false}