{"id":"44355457","premium":false,"billing_type":{"id":"standard","name":"Стандарт"},"relations":[],"name":"Senior backend PHP developer","insider_interview":null,"response_letter_required":false,"area":{"id":"1","name":"Москва","url":"https://api.hh.ru/areas/1?host=hh.ru"},"salary":null,"type":{"id":"open","name":"Открытая"},"address":{"city":"Москва","street":"Варшавское шоссе","building":"9с1","description":null,"lat":55.698711,"lng":37.624804,"raw":"Москва, Варшавское шоссе, 9с1","metro":{"station_name":"Тульская","line_name":"Серпуховско-Тимирязевская","station_id":"9.142","line_id":"9","lat":55.70961,"lng":37.622569},"metro_stations":[{"station_name":"Тульская","line_name":"Серпуховско-Тимирязевская","station_id":"9.142","line_id":"9","lat":55.70961,"lng":37.622569}]},"allow_messages":true,"site":{"id":"hh","name":"hh.ru"},"experience":{"id":"between3And6","name":"От 3 до 6 лет"},"schedule":{"id":"remote","name":"Удаленная работа"},"employment":{"id":"full","name":"Полная занятость"},"department":null,"contacts":null,"description":"<p><strong>CityAds Media</strong> – глобальный партнер по маркетингу для среднего и крупного бизнеса с присутствием в четырех регионах мира: России и СНГ, Европе, Азии и Латинской Америке. Мы сочетаем стандарты работы агентства, опыт affiliate-платформы и современные рекламные технологии. Компания является резидентом Сколково, в 2020 году стала победителем в сегменте «Лидогенерация» рейтинга Adindex Technology Index 2020.</p> <p>Мы работаем с мировыми брендами из Fortune 500 и крупнейшими российскими рекламодателями из сегментов Games, Finance, E-Commerce и Travel. Компания обрабатывает более 3 тысяч формируемых заказов в час, до 7% входящего в Россию международного посылочного трафика в сутки, более 40 млн целевых действий, заявок и покупок в год.</p> <p><strong>О продукте:</strong></p> <p>Команда, в которую мы ищем разработчика, состоит из 5 человек и занимается fullstack системами, активно взаимодействующими с пользователем. В основном это Single Page applications, использующие для общения с бэкендом REST API.</p> <p>Задача состоит в создании удобных и отказоустойчивых пользовательских систем.</p> <p>Команда работает по Scrum, соблюдая стандартные ритуалы разработки.</p> <p><strong>Задачи:</strong></p> <ul> <li>Разработка интерфейсов взаимодействия с пользователями;</li> <li>Разработки и оптимизация REST API под высокие нагрузки и большие объемы данных;</li> <li>Интеграция с внешними сервисами;</li> <li>Разработка и поддержка сервисов авторизации, подписок и т.п.;</li> <li>Стремление разделять монолиты на микросервисы и знание как и когда это делать;</li> <li>Предлагать пути оптимизации и развития архитектуры в целом и отдельных реализаций;</li> </ul> <p><strong>Стек технологий: </strong></p> <ul> <li>Языки: PHP7 (Symfony), AmberJS</li> <li>Хранилища: MySQL, ElasticSearch, MongoDB</li> <li>Очереди: RabbitMQ</li> <li>CI/CD: Gitlab, Jenkins, Docker</li> </ul> <p><strong>От Вас мы ждем:</strong></p> <ul> <li>Опыт разработки на PHP;</li> <li>Понимание принципов и стандартов разработки (SOLID, PSR, etc);</li> <li>Опыт работы как минимум с одним из PHP фреймворков;</li> <li>Опыт работы с масштабируемыми базами данных: MySQL, PostgreSQL;</li> <li>Понимание принципов отказоустойчивости при работе с данными;</li> <li>Опыт работы с системами очередей;</li> <li>Опыт оптимизации web-приложений под высокую нагрузку;</li> <li>Опыт командной разработки, нацеленность на достижение конечного результата;</li> </ul> <p><strong>Мы предлагаем:</strong></p> <ul> <li>Официальное оформление, белую заработную плату;</li> <li>Гибкий график начала рабочего дня до 11:00;</li> <li>Возможность работать удаленно.</li> <li>Посещение профильных конференций, полная или частичная оплата внешнего профессионального обучения;</li> <li>Работа в сильной RnD команде лидеров CPA-рынка;</li> <li>Фрукты в офис по понедельникам;</li> <li>Дружелюбную и динамичную атмосферу;</li> <li>Возможность карьерного и финансового роста;</li> <li>Уютный офис на набережной в лофт-квартале Даниловская мануфактура (между станцией Тульская и ЗИЛ).</li> </ul> <p> </p>","branded_description":null,"vacancy_constructor_template":null,"key_skills":[{"name":"MySQL"},{"name":"MongoDB"},{"name":"PostgreSQL"},{"name":"Symfony"},{"name":"Scrum"}],"accept_handicapped":false,"accept_kids":false,"archived":false,"response_url":null,"specializations":[{"id":"1.221","name":"Программирование, Разработка","profarea_id":"1","profarea_name":"Информационные технологии, интернет, телеком"}],"code":null,"hidden":false,"quick_responses_allowed":false,"driver_license_types":[],"accept_incomplete_resumes":false,"employer":{"id":"822237","name":"CityAds Media","url":"https://api.hh.ru/employers/822237?host=hh.ru","alternate_url":"https://hh.ru/employer/822237","logo_urls":{"240":"https://hhcdn.ru/employer-logo/1828111.png","90":"https://hhcdn.ru/employer-logo/1828110.png","original":"https://hhcdn.ru/employer-logo-original/346461.png"},"vacancies_url":"https://api.hh.ru/vacancies?employer_id=822237&host=hh.ru","trusted":true},"published_at":"2021-05-31T19:14:17+0300","created_at":"2021-05-31T19:14:17+0300","negotiations_url":null,"suitable_resumes_url":null,"apply_alternate_url":"https://hh.ru/applicant/vacancy_response?vacancyId=44355457","has_test":false,"test":null,"alternate_url":"https://hh.ru/vacancy/44355457","working_days":[],"working_time_intervals":[],"working_time_modes":[],"accept_temporary":false}