{"id":"44399403","premium":false,"billing_type":{"id":"standard","name":"Стандарт"},"relations":[],"name":"Middle / senior разработчик PHP (backend)","insider_interview":null,"response_letter_required":false,"area":{"id":"1","name":"Москва","url":"https://api.hh.ru/areas/1?host=hh.ru"},"salary":{"from":160000,"to":null,"currency":"RUR","gross":false},"type":{"id":"open","name":"Открытая"},"address":null,"allow_messages":true,"site":{"id":"hh","name":"hh.ru"},"experience":{"id":"between3And6","name":"От 3 до 6 лет"},"schedule":{"id":"fullDay","name":"Полный день"},"employment":{"id":"full","name":"Полная занятость"},"department":null,"contacts":null,"description":"<p><strong>LuckyGroup</strong> - экосистема партнёрского маркетинга. Мы развиваем проекты в области рекламы и <strong>Affiliate Marketing</strong> (LuckyAds, LuckyOnline, LuckyFeed, LuckyCenter, LuckyTeam и другие), активно участвуем в жизни сообщества партнерского маркетинга, проводим конференцию <strong>CPA Life</strong>, собирая всех представителей индустрии вместе.</p> <p>В команду партнерской программы <strong>LuckyOnline</strong> ищем <strong>middle / senior разработчика PHP (backend)</strong></p> <p><strong>Чем предстоит заниматься:</strong></p> <ul> <li> <p>Разработка архитектуры проектов в составе команды разработчиков</p> </li> <li> <p>Разработка серверной части приложений</p> </li> <li> <p>Поддержка и развитие существующих систем</p> </li> <li> <p>Тестирование кода</p> </li> <li> <p>Интеграции с внешними сервисами</p> </li> </ul> <p><strong>Требования</strong></p> <ul> <li> <p>Опыт работы PHP разработчиком от 3 лет</p> </li> <li> <p>Опыт работы хотя бы с одним из фреймворков (Laravel, Symfony, Yii2)</p> </li> <li> <p>Уверенное знание и применение принципов ООП</p> </li> <li> <p>Понимание и использование принципов SOLID, DRY, KISS и шаблонов проектирования</p> </li> <li> <p>Знание SQL, опыт работы с базами данных</p> </li> <li> <p>Базовые знания JavaScript</p> </li> <li> <p>Опыт работы с Git</p> </li> <li> <p>Опыт работы в Unix системах</p> </li> <li> <p>Ответственность и аккуратность, умение тестировать собственный код</p> </li> </ul> <p><strong>Будет плюсом</strong></p> <ul> <li> <p>Высшее профильное образование</p> </li> <li> <p>Опыт разработки на других языках программирования</p> </li> </ul> <p><strong>У нас хорошо, потому что:</strong></p> <ul> <li> <p>оформляем по ТК РФ и всё, что с этим связано;</p> </li> <li> <p>гибкий график работы;</p> </li> <li> <p>интересные задачи, большой проект;</p> </li> <li> <p>предлагаем теплую атмосферу молодой компании, гибких процессов и прозрачности;</p> </li> <li> <p>собираем сильную команду профессионалов;</p> </li> <li> <p>обращаемся на «ты» вне зависимости от должности и возраста - без чинов и иерархий;</p> </li> <li> <p>ценим в людях не только профессиональные качества, но и человеческие — не хочется окружать себя токсичными людьми, правда?</p> </li> <li> <p>ответственно подходим ко всему в компании - «это моё дело» и «мне не всё равно»;</p> </li> <li> <p>Работа в превосходном офисе компании в 5 мин. от метро Таганская.<br /><br />Зарплата обсуждается по результатам собеседования.<br /><br /><strong>Будем рады твоему отклику! До связи</strong></p> </li> </ul>","branded_description":null,"vacancy_constructor_template":null,"key_skills":[{"name":"Git"},{"name":"ООП"},{"name":"JavaScript"},{"name":"Yii"},{"name":"Symfony"},{"name":"PHP"},{"name":"Laravel"},{"name":"SQL"}],"accept_handicapped":false,"accept_kids":false,"archived":false,"response_url":null,"specializations":[{"id":"1.221","name":"Программирование, Разработка","profarea_id":"1","profarea_name":"Информационные технологии, интернет, телеком"}],"code":null,"hidden":false,"quick_responses_allowed":false,"driver_license_types":[],"accept_incomplete_resumes":false,"employer":{"id":"4471349","name":"LuckyGroup","url":"https://api.hh.ru/employers/4471349?host=hh.ru","alternate_url":"https://hh.ru/employer/4471349","logo_urls":{"original":"https://hhcdn.ru/employer-logo-original/790899.png","90":"https://hhcdn.ru/employer-logo/3604483.png","240":"https://hhcdn.ru/employer-logo/3604484.png"},"vacancies_url":"https://api.hh.ru/vacancies?employer_id=4471349&host=hh.ru","trusted":true},"published_at":"2021-05-24T11:56:11+0300","created_at":"2021-05-24T11:56:11+0300","negotiations_url":null,"suitable_resumes_url":null,"apply_alternate_url":"https://hh.ru/applicant/vacancy_response?vacancyId=44399403","has_test":false,"test":null,"alternate_url":"https://hh.ru/vacancy/44399403","working_days":[],"working_time_intervals":[],"working_time_modes":[],"accept_temporary":false}