{"id":"44409925","premium":false,"billing_type":{"id":"standard_plus","name":"Стандарт плюс"},"relations":[],"name":"Middle/Senior Back End C#.NET Разработчик","insider_interview":null,"response_letter_required":false,"area":{"id":"1","name":"Москва","url":"https://api.hh.ru/areas/1?host=hh.ru"},"salary":{"from":150000,"to":null,"currency":"RUR","gross":false},"type":{"id":"open","name":"Открытая"},"address":null,"allow_messages":true,"site":{"id":"hh","name":"hh.ru"},"experience":{"id":"between1And3","name":"От 1 года до 3 лет"},"schedule":{"id":"fullDay","name":"Полный день"},"employment":{"id":"full","name":"Полная занятость"},"department":null,"contacts":null,"description":"<p><strong>Над чем предстоит работать: </strong>над инновационной мобильной тьюторинг-платформой для американских университетов.</p> <p><strong>Задачи</strong>:</p> <ul> <li>Строить архитектуру и заниматься разработкой серверной бизнес-логики и API;</li> <li>Строить архитектуру, заниматься разработкой и поддержкой слоя хранения данных, обслуживающего бизнес-логику;</li> <li>Разворачивать все вышеперечисленное в облаке и в перспективе заниматься масштабированием этого решения.</li> </ul> <p><strong>Что мы хотим найти в специалисте:</strong></p> <ul> <li>Опыт использования ASP.NET Core, знакомство с ORM (например Entity Framework) и SQL решений для хранения данных;</li> <li>Готовность (идеально – любовь) документировать разрабатываемые решения;</li> <li>Здоровый баланс между перфекционизмом и желанием скорейшего достижения результатов;</li> <li>Знание английского языка на уровне уверенного чтения проф. литературы и письменного общения;</li> <li>Коммуникабельность, желание и готовность работать в команде.</li> </ul> <p><strong>Будет большим плюсом:</strong></p> <ul> <li>Full Stack опыт с React + Redux;</li> <li>Опыт работы по Agile (Scrum или любая другая методология);</li> <li>Опыт разворачивания и поддержки приложений в облачной инфраструктуре (например, Digital Ocean);</li> </ul> <p><strong>Условия:</strong></p> <ul> <li><strong>Официальное трудоустройство</strong> в штат с первого дня работы;</li> <li>Полностью <strong>белая конкурентная зарплата;</strong></li> <li><strong>Гибкий график</strong> – начало рабочего дня с 8:00 до 12:00;</li> <li><strong>100% оплачиваемый больничный без ограничений</strong> – ты работаешь на максимум и производишь результат, а за это мы тебе доверяем;</li> <li>Полностью <strong>дистанционная работа</strong>;</li> <li><strong>Команда единомышленников с горящими глазами</strong>, которая верит в свое дело – и твоя возможность реально повлиять на не имеющий аналогов продукт на раннем этапе разработки;</li> <li>Возможность релокации в США.</li> </ul>","branded_description":null,"vacancy_constructor_template":null,"key_skills":[{"name":"C#"},{"name":"Английский язык"},{"name":"Atlassian Confluence"},{"name":"Atlassian Jira"},{"name":"Git"}],"accept_handicapped":false,"accept_kids":false,"archived":false,"response_url":null,"specializations":[{"id":"1.221","name":"Программирование, Разработка","profarea_id":"1","profarea_name":"Информационные технологии, интернет, телеком"}],"code":null,"hidden":false,"quick_responses_allowed":false,"driver_license_types":[],"accept_incomplete_resumes":false,"employer":{"id":"3426350","name":"Протовэр","url":"https://api.hh.ru/employers/3426350?host=hh.ru","alternate_url":"https://hh.ru/employer/3426350","logo_urls":{"240":"https://hhcdn.ru/employer-logo/3822144.png","90":"https://hhcdn.ru/employer-logo/3822143.png","original":"https://hhcdn.ru/employer-logo-original/845317.png"},"vacancies_url":"https://api.hh.ru/vacancies?employer_id=3426350&host=hh.ru","trusted":true},"published_at":"2021-06-13T20:24:49+0300","created_at":"2021-06-13T20:24:49+0300","negotiations_url":null,"suitable_resumes_url":null,"apply_alternate_url":"https://hh.ru/applicant/vacancy_response?vacancyId=44409925","has_test":false,"test":null,"alternate_url":"https://hh.ru/vacancy/44409925","working_days":[],"working_time_intervals":[],"working_time_modes":[],"accept_temporary":false}