{"id":"44471281","premium":false,"billing_type":{"id":"standard","name":"Стандарт"},"relations":[],"name":"Senior Backend Developer (Java)","insider_interview":null,"response_letter_required":false,"area":{"id":"1","name":"Москва","url":"https://api.hh.ru/areas/1?host=hh.ru"},"salary":null,"type":{"id":"open","name":"Открытая"},"address":null,"allow_messages":true,"site":{"id":"hh","name":"hh.ru"},"experience":{"id":"between3And6","name":"От 3 до 6 лет"},"schedule":{"id":"fullDay","name":"Полный день"},"employment":{"id":"full","name":"Полная занятость"},"department":null,"contacts":null,"description":"<p><strong>Мультибонус</strong> — <em>программа лояльности для клиентов ВТБ и Почта Банка. Сейчас перед новой внутренней IT-командой стоит амбициозная задача забрать большую часть от внешней разработки под свой контроль и выстроить работу с нуля. Открыта вакансия Senior Backend разработчика.</em></p> <p><strong>Что мы используем:</strong></p> <ul> <li>Java 11, Kotlin</li> <li>Spring Boot, Spring Cloud</li> <li>Kafka, PostgreSQL, Elasticsearch, S3, Camunda, Airflow</li> <li>Kubernetes, GitLab CI</li> <li>Grafana, Prometheus, Alertmanager, Jaeger</li> </ul> <p><strong>Чем предстоит заниматься:</strong></p> <ul> <li>Разработка высоконагруженных сервисов в микросервисной архитектуре с высокой доступностью</li> <li>Участие в проектировании архитектуры новых сервисов</li> <li>Оптимизация сервисов под высокую нагрузку</li> <li>Участие в эксплуатации сервисов после выхода в production</li> <li>Создание процесса и культуры разработки в команде backend-разработчиков, которая собирается с 0</li> </ul> <p><strong>Наши ожидания:</strong></p> <ul> <li>Отличное знание Java Core</li> <li>Понимание того, как работает Spring по капотом</li> <li>Хороший опыт работы с современными персистентными хранилищами данных</li> <li>Разбираетесь в том, как работает Kafka</li> <li>Слышали о паттернах микросервисной архитектуры и знаете, где их нужно применять</li> <li>Занимались эксплуатацией систем в production, знаете как найти и оптимизировать узкие места</li> </ul> <p><strong>Будет плюсом:</strong></p> <ul> <li>Работали или слышали о Kubernetes/OpenShift</li> </ul> <p><strong>Предлагаем:</strong></p> <ul> <li>ДМС после испытательного срока.</li> <li>Премии по результатам работы.</li> <li>Офис в Москва-Сити.</li> <li>Гибкий график (возможна удаленная работа).</li> </ul>","branded_description":null,"vacancy_constructor_template":null,"key_skills":[{"name":"Java"},{"name":"Kafka"},{"name":"Kubernetes"},{"name":"Spring"}],"accept_handicapped":false,"accept_kids":false,"archived":false,"response_url":null,"specializations":[{"id":"1.221","name":"Программирование, Разработка","profarea_id":"1","profarea_name":"Информационные технологии, интернет, телеком"}],"code":null,"hidden":false,"quick_responses_allowed":false,"driver_license_types":[],"accept_incomplete_resumes":false,"employer":{"id":"4671108","name":"Мультибонус","url":"https://api.hh.ru/employers/4671108?host=hh.ru","alternate_url":"https://hh.ru/employer/4671108","logo_urls":{"original":"https://hhcdn.ru/employer-logo-original/764828.jpg","90":"https://hhcdn.ru/employer-logo/3500269.jpeg","240":"https://hhcdn.ru/employer-logo/3500270.jpeg"},"vacancies_url":"https://api.hh.ru/vacancies?employer_id=4671108&host=hh.ru","trusted":true},"published_at":"2021-06-10T12:03:53+0300","created_at":"2021-06-10T12:03:53+0300","negotiations_url":null,"suitable_resumes_url":null,"apply_alternate_url":"https://hh.ru/applicant/vacancy_response?vacancyId=44471281","has_test":false,"test":null,"alternate_url":"https://hh.ru/vacancy/44471281","working_days":[],"working_time_intervals":[],"working_time_modes":[],"accept_temporary":false}