{"id":"44607158","premium":false,"billing_type":{"id":"standard_plus","name":"Стандарт плюс"},"relations":[],"name":"Middle, senior Node.js backend или Angular front end программист","insider_interview":null,"response_letter_required":false,"area":{"id":"1","name":"Москва","url":"https://api.hh.ru/areas/1?host=hh.ru"},"salary":{"from":150000,"to":250000,"currency":"RUR","gross":false},"type":{"id":"open","name":"Открытая"},"address":null,"allow_messages":true,"site":{"id":"hh","name":"hh.ru"},"experience":{"id":"between3And6","name":"От 3 до 6 лет"},"schedule":{"id":"fullDay","name":"Полный день"},"employment":{"id":"full","name":"Полная занятость"},"department":null,"contacts":null,"description":"<p>Обязанности:<br />-Выполнение задач по разработке сервиса по продвижению в Instagram<br />-Участвовать в обсуждении проекта<br />-Раз в неделю быть на совещании<br />-Ежедневный отчет в общем чате<br />-Ведение задач в Trello</p> <p>Требования:<br />Знания и практический опыт разработки в:</p> <p>-node.js;<br />-postgresql;</p> <p>-angular;</p> <p>-typescript</p> <p>Важным требованием является оперативный ответ по вопросам проекта руководителю и другим членам команды.<br />Также чрезвычайным фактором является желание экспериментировать и изучать новое.</p> <p>Условия:<br />-Удаленная проектная работа<br />-Достойная оплата по результатам собеседования<br />-Занятость не менее 8 часов в день</p>","branded_description":null,"vacancy_constructor_template":null,"key_skills":[{"name":"PostgreSQL"},{"name":"Работа в команде"},{"name":"Node.js"},{"name":"API"},{"name":"AngularJS"}],"accept_handicapped":false,"accept_kids":false,"archived":false,"response_url":null,"specializations":[{"id":"1.221","name":"Программирование, Разработка","profarea_id":"1","profarea_name":"Информационные технологии, интернет, телеком"}],"code":null,"hidden":false,"quick_responses_allowed":false,"driver_license_types":[],"accept_incomplete_resumes":false,"employer":{"id":"3039549","name":"Тяжеломов Андрей Алексеевич","url":"https://api.hh.ru/employers/3039549?host=hh.ru","alternate_url":"https://hh.ru/employer/3039549","logo_urls":null,"vacancies_url":"https://api.hh.ru/vacancies?employer_id=3039549&host=hh.ru","trusted":true},"published_at":"2021-06-11T10:48:57+0300","created_at":"2021-06-11T10:48:57+0300","negotiations_url":null,"suitable_resumes_url":null,"apply_alternate_url":"https://hh.ru/applicant/vacancy_response?vacancyId=44607158","has_test":false,"test":null,"alternate_url":"https://hh.ru/vacancy/44607158","working_days":[],"working_time_intervals":[],"working_time_modes":[{"id":"start_after_sixteen","name":"Можно начинать работать после 16:00"}],"accept_temporary":false}