{"id":"44616672","premium":false,"billing_type":{"id":"standard","name":"Стандарт"},"relations":[],"name":"Backend developer (Senior/Middle)","insider_interview":null,"response_letter_required":false,"area":{"id":"1","name":"Москва","url":"https://api.hh.ru/areas/1?host=hh.ru"},"salary":null,"type":{"id":"open","name":"Открытая"},"address":null,"allow_messages":true,"site":{"id":"hh","name":"hh.ru"},"experience":{"id":"between3And6","name":"От 3 до 6 лет"},"schedule":{"id":"remote","name":"Удаленная работа"},"employment":{"id":"full","name":"Полная занятость"},"department":null,"contacts":null,"description":"<p><strong>iFellow </strong>– ИТ компания нового поколения, предлагающая сервисно-ориентированный подход к разработке ПО, тестированию и сопровождению информационных систем для бизнеса. Компания iFellow объединила в себе лучшие российские практики и передовой зарубежный опыт реализации проектов любой сложности для развития информационных технологий и бизнес-процессов.</p> <p><strong>iFellow </strong>работает на ИТ рынке с 2015 года. Начиная с 2018 года, основной специализацией компании стало направление комплексной системной интеграции и разработка программного обеспечения. Сегодня компания предлагает целый ряд инновационных решений для финансовых, страховых и телекоммуникационных компаний, грузовой и пассажирской авиации, нефтегазовой отрасли, сельского хозяйства, а также ритейла и логистики.</p> <p>На текущий момент мы расширяем нашу команду и будем рады принять в наш дружный коллектив<strong> Backend разработчика</strong>.</p> <p><strong>Описание проекта:</strong> <strong>Европейский проект (Германия). </strong>Реализация различных подпроектов на базе микросервисной архитектуры, связанных с большим количеством интеграционных обменов, ориентированных на перенос имеющегося функционала на новую микросервисную платформу и / или реализации нового функционала с нуля и работы под высокой нагрузкой.</p> <p><strong>Обязанности:</strong></p> <ul> <li>Участие в качестве разработчика в проектах на микросервисной архитектуре для крупных заказчиков;</li> <li> <p>Проектирование архитектуры решений;</p> </li> <li> <p>Проектирование и разработка новых сервисов / расширения существующих на базе современных технологий;</p> </li> <li> <p>Реализация интеграционных процессов с enterprise-системами Заказчика;</p> </li> <li> <p>Участие в оценке и проектировании задач.</p> </li> </ul> <p><strong>Требования:</strong></p> <ul> <li> <p>Опыт работы с микросервисной архитектурой;</p> </li> <li> <p>Знание английского языка на уровне В1-В2;</p> </li> <li> <p>Знание Java 8+, Spring Framework (Core, MVC, Data, Security, Integration, Boot, Cloud);</p> </li> <li> <p>Уверенное знание SQL, опыт работы с СУБД PostgreSQL, Oracle, MS SQL Server;</p> </li> <li> <p>Опыт работы с ORM-фреймворками;</p> </li> <li> <p>Опыт работы с Docker;</p> </li> <li> <p>Опыт работы с брокерами сообщений RabbitMQ, Kafka;</p> </li> <li> <p>Опыт работы с REST/SOAP Web Services;</p> </li> <li> <p>Опыт разработки unit-тестов;</p> </li> <li> <p>Опыт наставничества.</p> </li> </ul> <p><strong>Дополнительно:</strong></p> <ul> <li>Наличие в опыте проектов, запущенных в продуктивную эксплуатацию;</li> <li>Опыт работы c NoSQL Redis, Elasticsearch;</li> <li>Опыт проектирования RESTful API;</li> <li>Опыт разработки с использованием AWS сервисов (основной ракурс AWS Lambda Serverless infrastructure и AWS SNS Service);</li> <li>Опыт работы с системами контроля версий и баг-трекинга;</li> <li>Умение читать и анализировать техническую документацию и спецификации на разработку, работать с документацией самостоятельно;</li> <li>Понимание процессов CI/CD;</li> <li>Опыт декомпозиции и оценки проектных задач в рамках разработки;</li> <li>Опыт взаимодействия в крупных проектных командах (в том числе и распределённых), проактивная позиция в работе над задачами.</li> </ul> <p><strong>Желательно:</strong></p> <ul> <li>Высшее профильное образование;</li> <li>Опыт разработки на .NET (умение читать и понимать код);</li> <li>Понимание NodeJS.</li> </ul> <strong>Условия:</strong> <ul> <li>Оформление полностью по ТК РФ;</li> <li>ДМС после успешного прохождения испытательного срока;</li> <li>Дополнительный оплачиваемый отпуск при значимых событиях в жизни;</li> <li>Льготное страхование;</li> <li>Отсутствие дресс-кода;</li> <li>Гибкое начало рабочего дня, график 5/2.</li> </ul>","branded_description":null,"vacancy_constructor_template":null,"key_skills":[{"name":"PostgreSQL"},{"name":"Spring Framework"},{"name":"Java"},{"name":"Hibernate ORM"},{"name":"SOAP"},{"name":"SQL"},{"name":"микросервисная архитектура"},{"name":"СУБД"},{"name":"MS SQL"},{"name":"ORACLE"},{"name":"Docker"},{"name":"REST"},{"name":"Kafka"},{"name":"AWS"}],"accept_handicapped":false,"accept_kids":false,"archived":false,"response_url":null,"specializations":[{"id":"1.395","name":"Банковское ПО","profarea_id":"1","profarea_name":"Информационные технологии, интернет, телеком"},{"id":"1.221","name":"Программирование, Разработка","profarea_id":"1","profarea_name":"Информационные технологии, интернет, телеком"},{"id":"1.113","name":"Консалтинг, Аутсорсинг","profarea_id":"1","profarea_name":"Информационные технологии, интернет, телеком"},{"id":"1.82","name":"Инженер","profarea_id":"1","profarea_name":"Информационные технологии, интернет, телеком"},{"id":"1.89","name":"Интернет","profarea_id":"1","profarea_name":"Информационные технологии, интернет, телеком"}],"code":null,"hidden":false,"quick_responses_allowed":false,"driver_license_types":[],"accept_incomplete_resumes":false,"employer":{"id":"3646686","name":"АЙФЭЛЛ","url":"https://api.hh.ru/employers/3646686?host=hh.ru","alternate_url":"https://hh.ru/employer/3646686","logo_urls":{"240":"https://hhcdn.ru/employer-logo/3446010.png","90":"https://hhcdn.ru/employer-logo/3446009.png","original":"https://hhcdn.ru/employer-logo-original/751262.png"},"vacancies_url":"https://api.hh.ru/vacancies?employer_id=3646686&host=hh.ru","trusted":true},"published_at":"2021-05-17T07:40:51+0300","created_at":"2021-05-17T07:40:51+0300","negotiations_url":null,"suitable_resumes_url":null,"apply_alternate_url":"https://hh.ru/applicant/vacancy_response?vacancyId=44616672","has_test":false,"test":null,"alternate_url":"https://hh.ru/vacancy/44616672","working_days":[],"working_time_intervals":[],"working_time_modes":[],"accept_temporary":false}