{"id":"44623409","premium":false,"billing_type":{"id":"standard","name":"Стандарт"},"relations":[],"name":"Senior/Mid Developer (BackEnd Front End, Platform Architect)","insider_interview":null,"response_letter_required":false,"area":{"id":"1","name":"Москва","url":"https://api.hh.ru/areas/1?host=hh.ru"},"salary":{"from":184990,"to":258990,"currency":"RUR","gross":false},"type":{"id":"open","name":"Открытая"},"address":null,"allow_messages":true,"site":{"id":"hh","name":"hh.ru"},"experience":{"id":"moreThan6","name":"Более 6 лет"},"schedule":{"id":"remote","name":"Удаленная работа"},"employment":{"id":"full","name":"Полная занятость"},"department":null,"contacts":null,"description":"<p><strong>Exclusive PR Solutions, США, ищет</strong> разработчиков Mid/Senior Level, разработка технологии (platform) решения в области IOT/e-commerce.</p> <p><strong>Ищем опытных Senior/Mid Level Developer:</strong></p> <p><strong>Tech: </strong></p> <ul> <li>JavaScript</li> <li>React / React Native</li> <li>NodeJS</li> <li>Microservice Platform Architecture</li> </ul> <p>Мы работаем с лучшими в своем классе маркетологами и экспертами в области электронной коммерции, которые работали в Uber, Apple и других ведущих мировых компаний.</p> <p> </p> <p><strong>Требования: </strong></p> <p>Более 8 лет профессионального опыта работы.</p> <p>5+ лет профессионального опыта в разработке программного обеспечения.</p> <p>Опыт работы с React, NodeJs,Type Script, Java Script является плюсом Python.</p> <p>Значительный опыт работы с большими и сложными системами.</p> <p>Понимание лучших практик и стремление им следовать.</p> <p>Позитивный и решительный настрой.</p>","branded_description":null,"vacancy_constructor_template":null,"key_skills":[{"name":"JavaScript"},{"name":"Java"},{"name":"JSP"},{"name":"Node.js"},{"name":"React"},{"name":"FrontEnd"},{"name":"BackEnd"},{"name":"Platfom Architect"},{"name":"React Native"}],"accept_handicapped":false,"accept_kids":false,"archived":false,"response_url":null,"specializations":[{"id":"1.3","name":"CTO, CIO, Директор по IT","profarea_id":"1","profarea_name":"Информационные технологии, интернет, телеком"}],"code":null,"hidden":false,"quick_responses_allowed":false,"driver_license_types":[],"accept_incomplete_resumes":false,"employer":{"id":"4290887","name":"Exclusive PR Solutions","url":"https://api.hh.ru/employers/4290887?host=hh.ru","alternate_url":"https://hh.ru/employer/4290887","logo_urls":{"original":"https://hhcdn.ru/employer-logo-original/683733.png","240":"https://hhcdn.ru/employer-logo/3176065.png","90":"https://hhcdn.ru/employer-logo/3176064.png"},"vacancies_url":"https://api.hh.ru/vacancies?employer_id=4290887&host=hh.ru","trusted":false},"published_at":"2021-05-17T10:01:44+0300","created_at":"2021-05-17T10:01:44+0300","negotiations_url":null,"suitable_resumes_url":null,"apply_alternate_url":"https://hh.ru/applicant/vacancy_response?vacancyId=44623409","has_test":false,"test":null,"alternate_url":"https://hh.ru/vacancy/44623409","working_days":[],"working_time_intervals":[],"working_time_modes":[{"id":"start_after_sixteen","name":"Можно начинать работать после 16:00"}],"accept_temporary":false}