{"id":"44630005","premium":false,"billing_type":{"id":"standard","name":"Стандарт"},"relations":[],"name":"Senior/Lead Backend - разработчик (Python)","insider_interview":null,"response_letter_required":false,"area":{"id":"1","name":"Москва","url":"https://api.hh.ru/areas/1?host=hh.ru"},"salary":null,"type":{"id":"open","name":"Открытая"},"address":null,"allow_messages":true,"site":{"id":"hh","name":"hh.ru"},"experience":{"id":"between3And6","name":"От 3 до 6 лет"},"schedule":{"id":"fullDay","name":"Полный день"},"employment":{"id":"full","name":"Полная занятость"},"department":null,"contacts":null,"description":"<p>Компания red_mad_robot создаёт эталонные цифровые продукты: мобильные приложения, рабочие инструменты для сотрудников и веб-сервисы, которые задают правила развития диджитал в России. Нашими продуктами пользуются миллионы людей. Очень возможно, ты – один из них.</p> <p>За любым мобильным и web-клиентом стоит backend, от которого полностью зависит успех проекта и возможности приложения. Мы не штампуем одноразовые продукты, не собираем прототипы из костылей и не пилим монолит годами.</p> <p>Мы ищем сильного и смелого backend-разработчика<strong>.</strong></p> <p><strong>Предстоит делать такую работу:</strong></p> <ul> <li> <p>принимать архитектурные решения и думать наперед;</p> </li> <li> <p>реализовывать серверную бизнес-логику web - сервисов и мобильных приложений;</p> </li> <li> <p>думать о производительности и надежности поставляемых продуктов;</p> </li> <li> <p>вплотную работать с мобильными и web-разработчиками, бизнес-аналитиками и дизайнерами;</p> </li> <li> <p>влиять на развитие отдела и выбор технологий в проектах;</p> </li> <li> <p>принимать участие в совершенствовании процессов разработки;</p> </li> <li> <p>участвовать в развитии отдела бекенд-разработки.</p> </li> </ul> <p><strong>От тебя потребуется:</strong></p> <ul> <li> <p>иметь опыт разработки на Python 3*</p> </li> <li> <p>иметь опыт написания асинхронного кода;</p> </li> <li> <p>разбираться в PostgreSQL (мы ценим хорошее знание этой и других БД);</p> </li> <li> <p>иметь минимальные навыки администрирования unix-систем, базовые знания по компьютерных сетей;</p> </li> <li> <p>знание паттернов построения backend-систем;</p> </li> <li> <p>практический опыт работы с Docker;</p> </li> </ul> <p>*подразумеваем знание и следование принятым в индустрии лучшим практикам, опыт работы в команде и умение писать код промышленного уровня.</p> <p><strong>Плюсом будет:</strong></p> <ul> <li> <p>использование Redis, RabbitMQ, ElasticSearch, Cassandra, etc;</p> </li> <li> <p>опыт работы с Kubernetes или другими оркестраторами;</p> </li> <li> <p>опыт работы с gRPC;</p> </li> <li> <p>опыт руководства командой.</p> </li> </ul> <p><strong>Чего ждать от роботов: </strong></p> <ul> <li>Работа в сильной команде, где ценят инициативу, договорённости и честную обратную связь. Влиться и освоиться тебе поможет ментор. Позже ты тоже сможешь стать ментором для других.</li> <li>Развитие — наш пунктик: берёмся за сложные задачи, которые нас продвинут. Проводим школы и интенсивы, чтобы прокачаться. Зовём интересных гостей для развития кругозора. Пользуемся бесплатной электронной библиотекой.</li> <li>Всё по-честному: у нас белая зарплата и оформление в штат с первого дня, прозрачная система развития с персональным планом и ДМС с хорошими условиями через полгода работы.</li> <li>Возможность работать в одном из наших офисов в Москве, Самаре, Тольятти, Иннополисе или в полностью удаленном формате из других регионов РФ.</li> </ul>","branded_description":"\n<style>\n\n.tmpl_hh_wrapper {\n    width: 100%;\n    margin: 0 auto;\n    max-width: 690px;\n    position: relative;\n    word-break: normal;\n    font-family: \"Arial\", sans-serif;\n    color: #121212;\n    font-size: 14px;\n    line-height: 20px;\n    overflow: hidden;\n}\n.tmpl_hh_wrapper *{\n    box-sizing: border-box;\n}\n.tmpl_hh_wrapper p,\n.tmpl_hh_wrapper a,\n.tmpl_hh_wrapper img,\n.tmpl_hh_wrapper ol,\n.tmpl_hh_wrapper ul,\n.tmpl_hh_wrapper li {\n    margin: 0;\n    padding: 0;\n    border: 0;\n    font-size: 100%;\n    font: inherit;\n    vertical-align: baseline;\n}\n\n.hht-vacancydescription {\n    padding: 0px;\n}\n\n.tmpl_hh_wrapper .l-cell,\n.tmpl_hh_wrapper .l-paddings {\n    padding: 0px !important;\n}\n\n.tmpl_hh_wrapper .b-vacancy-desc-wrapper {\n    margin-top: 0px !important;    \n}\n\n.tmpl_hh_wrapper .b-vacancy-desc {\n    overflow: visible !important;\n    line-height: inherit;\n}\n\n.tmpl_hh_content ol li b,\n.tmpl_hh_content ol li strong,\n.tmpl_hh_content ol li p b,\n.tmpl_hh_content ol li p strong,\n.tmpl_hh_content ul li b,\n.tmpl_hh_content ul li strong,\n.tmpl_hh_content ul li p b,\n.tmpl_hh_content ul li p strong {\n    font-weight: normal;\n    font-size: inherit !important;\n    color: inherit !important;\n    margin: 0 !important;\n    text-transform: none;\n}\n\n.tmpl_hh_content ol li p,\n.tmpl_hh_content ul li p {\n    font-weight: normal;\n    margin: 0;\n}\n\n.tmpl_hh_content p:first-child,\n.tmpl_hh_content>strong:first-child,\n.tmpl_hh_content div>strong:first-child {\n    margin-top: 0 !important;\n}\n\n.tmpl_hh_content p,\n.tmpl_hh_content b,\n.tmpl_hh_content strong {\n    margin: 0 0 50px;\n}\n.tmpl_hh_content b,\n.tmpl_hh_content strong {\n    color: #F20000;\n    font-size: 24px;\n    line-height: 34px;\n    font-weight: normal;\n    display: inline-block;\n}\n.tmpl_hh_content p b,\n.tmpl_hh_content p strong{\n    margin: 0;\n    display: inline;\n}\n\n.tmpl_hh_content ol,\n.tmpl_hh_content ul {\n    margin-left: 17px;\n    list-style: none !important;\n    margin-bottom: 50px;\n    margin-top: -38px;\n}\n\n.tmpl_hh_content ol {\n    counter-reset: list_counter;\n}\n\n.tmpl_hh_content li {\n    position: relative;\n    margin-bottom: 15px;\n}\n\n.tmpl_hh_content ul ul,\n.tmpl_hh_content ul ol,\n.tmpl_hh_content ol ol,\n.tmpl_hh_content ol ul {\n    margin-top: 8px;\n    margin-bottom: 8px;\n}\n\n.tmpl_hh_content ol>li {\n    counter-increment: list_counter;    \n}\n\n.tmpl_hh_content li:before {\n    content: '';\n    position: absolute;\n    left: -18px;\n    top: 0;\n}\n\n.tmpl_hh_content ul>li:before {\n    width: 5px;\n    height: 5px;\n    background: #121212;\n    left: -17px;\n    top: 8px;\n}\n\n.tmpl_hh_content ol>li:before {\n    content: counter(list_counter)'.';\n    left: auto;\n    right: 100%;\n    margin-right: 2px;\n}\n\n.tmpl_hh_wrapper img{\n    width: 100%;\n    display: block;\n}\n.tmpl_hh_content {\n    padding: 11px 60px 7px;\n}\n.tmpl_hh_content .tmpl_hh_text{\n    margin-bottom: 30px;\n}\n.tmpl_hh_content .tmpl_hh_text p{\n    margin-bottom: 15px;\n}\n.tmpl_hh_header{\n    padding: 40px;\n}\n.tmpl_hh_header video{\n    width: 100%;\n    display: block;\n}\n.tmpl_hh_icons{\n    padding: 0 60px;\n}\n.tmpl_hh_icons b{\n    color: #F20000;\n    font-size: 24px;\n    font-weight: normal;\n}\n.tmpl_hh_icons .tmpl_hh_flex{\n    display: flex;\n    justify-content: space-between;\n    flex-wrap: wrap;\n    margin-top: 9px;\n}\n.tmpl_hh_icons .tmpl_hh_col{\n    width: 47.3%;\n}\n.tmpl_hh_icons .tmpl_hh_item{\n    position: relative;\n    height: 72px;\n    display: flex;\n    justify-content: flex-start;\n    align-items: center;\n    margin-bottom: 9px;\n}\n.tmpl_hh_icons .tmpl_hh_item div{\n    width: 63px;\n}\n.tmpl_hh_icons img{\n    height: 43px;\n    width: auto;\n    position: relative;\n    top: -2px;\n}\n.tmpl_hh_icons .tmpl_hh_item3 img{\n    left: 12px;\n}\n.tmpl_hh_icons .tmpl_hh_item4 img{\n    left: 9px;\n}\n.tmpl_hh_icons p{\n    line-height: 18px;\n    width: calc(100% - 63px);\n    color: #000;\n}\n.tmpl_hh_footer{\n    padding: 42px 60px;\n}\n.tmpl_hh_footer img{\n    width: 74%;\n}\n\n\n@media (max-width: 699px) {\n\n    .tmpl_hh_header {\n        padding: 0;\n    }\n    .tmpl_hh_wrapper{\n        font-size: 12px;\n        line-height: 17px;\n    }\n    .tmpl_hh_content {\n        padding: 26px 20px 7px;\n    }\n    .tmpl_hh_content b, .tmpl_hh_content strong{\n        font-size: 21px;\n        line-height: 30px;\n    }\n    .tmpl_hh_content .tmpl_hh_text {\n        margin-bottom: 24px;\n    }\n    .tmpl_hh_content ol, .tmpl_hh_content ul{\n        margin-bottom: 24px;\n    }\n    .tmpl_hh_content ul>li:before{\n        top: 5px;\n    }\n    .tmpl_hh_icons {\n        padding: 0 14px 0 20px;\n    }\n    .tmpl_hh_icons b{\n        font-size: 21px;\n    }\n    .tmpl_hh_icons .tmpl_hh_flex{\n        margin-top: 22px;\n    }\n    .tmpl_hh_icons .tmpl_hh_col {\n        width: 100%;\n    }\n    .tmpl_hh_icons .tmpl_hh_item{\n        height: auto;\n        margin-bottom: 26px;\n    }\n    .tmpl_hh_icons .tmpl_hh_item div{\n        width: 48px;\n    }\n    .tmpl_hh_icons img{\n        height: 35px;\n        top: -5px;\n    }\n    .tmpl_hh_icons p{\n        line-height: 16px;\n        width: calc(100% - 48px);\n    }\n    .tmpl_hh_icons p br{\n        display: none;\n    }\n    .tmpl_hh_icons .tmpl_hh_item1 p{\n        padding-right: 14px;\n    }\n    .tmpl_hh_icons .tmpl_hh_item2{\n        margin-bottom: 32px;\n    }\n    .tmpl_hh_icons .tmpl_hh_item2 img{\n        top: 4px;\n        height: 33px;\n    }\n    .tmpl_hh_icons .tmpl_hh_item3 img{\n        left: 6px;\n    }\n    .tmpl_hh_icons .tmpl_hh_item4 img {\n        left: 4px;\n    }\n    .tmpl_hh_footer {\n        padding: 8px 20px;\n    }\n    .tmpl_hh_footer img{\n        width: 100%;\n        max-width: 350px;\n    }\n}\n\n</style>\n\n    <div class=\"tmpl_hh_wrapper\">\n        <div class=\"tmpl_hh_header\">\n            <video poster=\"https://hhcdn.ru/ichameleon/184361.jpg\" autoplay=\"autoplay\" loop=\"loop\" muted=\"muted\" preload=\"auto\" playsinline=\"playsinline\">\n                <source src=\"https://hhcdn.ru/file/17043197.mp4\" type='video/mp4; codecs=\"avc1.42E01E, mp4a.40.2\"'></source>\n                <source src=\"https://hhcdn.ru/file/17043198.webm\" type='video/webm; codecs=\"vp8, vorbis\"'></source>\n            </video>\n        </div>\n        \n        <div class=\"tmpl_hh_content\">\n            <p>Компания red_mad_robot создаёт эталонные цифровые продукты: мобильные приложения, рабочие инструменты для сотрудников и веб-сервисы, которые задают правила развития диджитал в России. Нашими продуктами пользуются миллионы людей. Очень возможно, ты – один из них.</p> <p>За любым мобильным и web-клиентом стоит backend, от которого полностью зависит успех проекта и возможности приложения. Мы не штампуем одноразовые продукты, не собираем прототипы из костылей и не пилим монолит годами.</p> <p>Мы ищем сильного и смелого backend-разработчика<strong>.</strong></p> <p><strong>Предстоит делать такую работу:</strong></p> <ul> <li> <p>принимать архитектурные решения и думать наперед;</p> </li> <li> <p>реализовывать серверную бизнес-логику web - сервисов и мобильных приложений;</p> </li> <li> <p>думать о производительности и надежности поставляемых продуктов;</p> </li> <li> <p>вплотную работать с мобильными и web-разработчиками, бизнес-аналитиками и дизайнерами;</p> </li> <li> <p>влиять на развитие отдела и выбор технологий в проектах;</p> </li> <li> <p>принимать участие в совершенствовании процессов разработки;</p> </li> <li> <p>участвовать в развитии отдела бекенд-разработки.</p> </li> </ul> <p><strong>От тебя потребуется:</strong></p> <ul> <li> <p>иметь опыт разработки на Python 3*</p> </li> <li> <p>иметь опыт написания асинхронного кода;</p> </li> <li> <p>разбираться в PostgreSQL (мы ценим хорошее знание этой и других БД);</p> </li> <li> <p>иметь минимальные навыки администрирования unix-систем, базовые знания по компьютерных сетей;</p> </li> <li> <p>знание паттернов построения backend-систем;</p> </li> <li> <p>практический опыт работы с Docker;</p> </li> </ul> <p>*подразумеваем знание и следование принятым в индустрии лучшим практикам, опыт работы в команде и умение писать код промышленного уровня.</p> <p><strong>Плюсом будет:</strong></p> <ul> <li> <p>использование Redis, RabbitMQ, ElasticSearch, Cassandra, etc;</p> </li> <li> <p>опыт работы с Kubernetes или другими оркестраторами;</p> </li> <li> <p>опыт работы с gRPC;</p> </li> <li> <p>опыт руководства командой.</p> </li> </ul> <p><strong>Чего ждать от роботов: </strong></p> <ul> <li>Работа в сильной команде, где ценят инициативу, договорённости и честную обратную связь. Влиться и освоиться тебе поможет ментор. Позже ты тоже сможешь стать ментором для других.</li> <li>Развитие — наш пунктик: берёмся за сложные задачи, которые нас продвинут. Проводим школы и интенсивы, чтобы прокачаться. Зовём интересных гостей для развития кругозора. Пользуемся бесплатной электронной библиотекой.</li> <li>Всё по-честному: у нас белая зарплата и оформление в штат с первого дня, прозрачная система развития с персональным планом и ДМС с хорошими условиями через полгода работы.</li> <li>Возможность работать в одном из наших офисов в Москве, Самаре, Тольятти, Иннополисе или в полностью удаленном формате из других регионов РФ.</li> </ul></div>\n\n        <div class=\"tmpl_hh_icons\">\n            <b>Мы поладим, если:</b>\n            <div class=\"tmpl_hh_flex\">\n                <div class=\"tmpl_hh_col\">\n                    <div class=\"tmpl_hh_item tmpl_hh_item1\">\n                        <div><img src=\"https://hhcdn.ru/ichameleon/184984.svg\" alt=\"\"></div>\n                        <p>Хорошо знаешь своё дело и умеешь сотрудничать</p>\n                    </div>\n                    <div class=\"tmpl_hh_item tmpl_hh_item2\">\n                        <div><img src=\"https://hhcdn.ru/ichameleon/184987.svg\" alt=\"\"></div>\n                        <p>Ты открыто выражаешь своё мнение и слышишь позицию другой стороны</p>\n                    </div>\n                </div>\n                <div class=\"tmpl_hh_col\">\n                    <div class=\"tmpl_hh_item tmpl_hh_item3\">\n                        <div><img src=\"https://hhcdn.ru/ichameleon/184985.svg\" alt=\"\"></div>\n                        <p>Продолжаешь учиться, чтобы поддерживать <br>высокую квалификацию</p>\n                    </div>\n                    <div class=\"tmpl_hh_item tmpl_hh_item4\">\n                        <div><img src=\"https://hhcdn.ru/ichameleon/184986.svg\" alt=\"\"></div>\n                        <p>Работаешь, чтобы приносить пользу, а не самоутверждаться за счёт других</p>\n                    </div>\n                </div>\n            </div>\n        </div>\n\n        <div class=\"tmpl_hh_footer\">\n            <img src=\"https://hhcdn.ru/ichameleon/184988.svg\" alt=\"\">\n        </div>\n    </div>\n\n","vacancy_constructor_template":null,"key_skills":[{"name":"Python"},{"name":"PostgreSQL"},{"name":"Redis"},{"name":"Linux"},{"name":"Unix"}],"accept_handicapped":false,"accept_kids":false,"archived":false,"response_url":null,"specializations":[{"id":"1.221","name":"Программирование, Разработка","profarea_id":"1","profarea_name":"Информационные технологии, интернет, телеком"}],"code":null,"hidden":false,"quick_responses_allowed":false,"driver_license_types":[],"accept_incomplete_resumes":false,"employer":{"id":"567799","name":"red_mad_robot","url":"https://api.hh.ru/employers/567799?host=hh.ru","alternate_url":"https://hh.ru/employer/567799","logo_urls":{"90":"https://hhcdn.ru/employer-logo/3764255.png","240":"https://hhcdn.ru/employer-logo/3764256.png","original":"https://hhcdn.ru/employer-logo-original/830843.png"},"vacancies_url":"https://api.hh.ru/vacancies?employer_id=567799&host=hh.ru","trusted":true},"published_at":"2021-05-17T11:36:33+0300","created_at":"2021-05-17T11:36:33+0300","negotiations_url":null,"suitable_resumes_url":null,"apply_alternate_url":"https://hh.ru/applicant/vacancy_response?vacancyId=44630005","has_test":false,"test":null,"alternate_url":"https://hh.ru/vacancy/44630005","working_days":[],"working_time_intervals":[],"working_time_modes":[],"accept_temporary":false}