{"id":"44675886","premium":false,"billing_type":{"id":"standard","name":"Стандарт"},"relations":[],"name":"Senior BackEnd Developer (PHP / Symfony)","insider_interview":null,"response_letter_required":false,"area":{"id":"1","name":"Москва","url":"https://api.hh.ru/areas/1?host=hh.ru"},"salary":null,"type":{"id":"open","name":"Открытая"},"address":{"city":"Москва","street":"Садовническая набережная","building":"9","description":null,"lat":55.746446,"lng":37.629017,"raw":"Москва, Садовническая набережная, 9","metro":null,"metro_stations":[]},"allow_messages":true,"site":{"id":"hh","name":"hh.ru"},"experience":{"id":"between3And6","name":"От 3 до 6 лет"},"schedule":{"id":"fullDay","name":"Полный день"},"employment":{"id":"full","name":"Полная занятость"},"department":null,"contacts":null,"description":"<p>Компания: ANDY - это внутренний fintech продукт, созданный для нужд digital агентства с 16 летней историей и входящее в топ-5 по России. Продукт обладатель золота в Tagline и получился настолько востребованным, что сейчас оформляется как отдельный продукт с международными амбициями.</p> <p>ANDY помогает компаниям управлять их финансами, это большой инновационный инструмент, который объединяет всю команду, помогает прогнозировать финансы, вести учет и не имеет аналогов в мире.</p> <p><strong>Обязанности:</strong></p> <p> </p> <ul> <li> <p>Работа над бэкендом веб-приложения с использованием Symfony 4+, PHP 7.x, MySQL 5.7;</p> </li> <li> <p>Разработка новых и доработка существующих модулей системы;</p> </li> <li> <p>Рефакторинг legacy-кода продукта;</p> </li> <li> <p>Работа над roadmap разработки с учетом требований бизнеса;</p> </li> <li> <p>Code-review решений остальных членов команды;</p> </li> <li> <p>Постановка задач для других членов команды, оценка времени необходимого на выполнение задач;</p> </li> <li> <p>Ведение документации;</p> </li> <li> <p>Работа с финансовыми данными и точными вычислениями, поддержка клиентов.</p> </li> </ul> <p><strong>Требования:</strong></p> <p>Наш базовый стек состоит из Symfony 4.4 (переходим на 5+), PHP 7.3 и MySQL.</p> <ul> <li>Отличные знания PHP 7.x, (ООП, паттерны проектирования);</li> <li>Отличные знания Symfony 4+, понимание достоинств и недостатков фреймворка;</li> <li>Уверенные навыки SQL, глубокое понимание тонкостей MySQL;</li> <li>Продвинутые навыки работы с Unix-системами (мы используем Ubuntu) и системами контроля версий;</li> <li>Опыт работы с Jenkins, JIRA, AWS - приветствуется!</li> </ul> <p><strong>Мы предлагаем:</strong></p> <ul> <li> <p>Свою четкую зону ответственности в которой вы принимаете решения и отвечаете за результат и достижение целей;</p> </li> <li> <p>Мы пропагандируем постоянное развитие: проводим лекции от специалистов разных направлений, а так же возможна компенсация 50% внешнего обучения;</p> </li> <li> <p>Неограниченные возможности профессионального и карьерного роста;</p> </li> <li> <p>Команду профессионалов и просто хороших людей, которые всегда готовы помочь и поддержать;</p> </li> <li> <p>Работа полностью на удаленке;</p> </li> <li>Для трекинга времени и управления пулом задач используем Jira и Activity Timeline, также внедрили собственный удобный софт ANDY для работы с финансами;</li> <li> <p>Стабильную заработную плату, официальное оформление с первого рабочего дня.</p> </li> </ul> <p><strong>Если вы дочитали до этого момента, и вам очень хочется к нам, но вы не уверены, хватит ли у вас опыта и скиллов, обязательно пишите!</strong></p>","branded_description":null,"vacancy_constructor_template":null,"key_skills":[{"name":"MySQL"},{"name":"PHP"},{"name":"Symfony"},{"name":"Atlassian Jira"},{"name":"Linux"},{"name":"Git"}],"accept_handicapped":false,"accept_kids":false,"archived":false,"response_url":null,"specializations":[{"id":"1.270","name":"Сетевые технологии","profarea_id":"1","profarea_name":"Информационные технологии, интернет, телеком"},{"id":"1.272","name":"Системная интеграция","profarea_id":"1","profarea_name":"Информационные технологии, интернет, телеком"},{"id":"1.274","name":"Системы автоматизированного проектирования","profarea_id":"1","profarea_name":"Информационные технологии, интернет, телеком"},{"id":"1.3","name":"CTO, CIO, Директор по IT","profarea_id":"1","profarea_name":"Информационные технологии, интернет, телеком"},{"id":"1.117","name":"Тестирование","profarea_id":"1","profarea_name":"Информационные технологии, интернет, телеком"}],"code":null,"hidden":false,"quick_responses_allowed":false,"driver_license_types":[],"accept_incomplete_resumes":false,"employer":{"id":"41484","name":"Аффект","url":"https://api.hh.ru/employers/41484?host=hh.ru","alternate_url":"https://hh.ru/employer/41484","logo_urls":{"original":"https://hhcdn.ru/employer-logo-original/806712.png","90":"https://hhcdn.ru/employer-logo/3667735.png","240":"https://hhcdn.ru/employer-logo/3667736.png"},"vacancies_url":"https://api.hh.ru/vacancies?employer_id=41484&host=hh.ru","trusted":true},"published_at":"2021-05-18T13:29:06+0300","created_at":"2021-05-18T13:29:06+0300","negotiations_url":null,"suitable_resumes_url":null,"apply_alternate_url":"https://hh.ru/applicant/vacancy_response?vacancyId=44675886","has_test":false,"test":null,"alternate_url":"https://hh.ru/vacancy/44675886","working_days":[],"working_time_intervals":[],"working_time_modes":[],"accept_temporary":false}