{"id":"44675085","premium":false,"billing_type":{"id":"standard","name":"Стандарт"},"relations":[],"name":"Senior Java backend developer (remote)","insider_interview":null,"response_letter_required":false,"area":{"id":"1","name":"Москва","url":"https://api.hh.ru/areas/1?host=hh.ru"},"salary":{"from":400000,"to":700000,"currency":"RUR","gross":false},"type":{"id":"open","name":"Открытая"},"address":null,"allow_messages":true,"site":{"id":"hh","name":"hh.ru"},"experience":{"id":"moreThan6","name":"Более 6 лет"},"schedule":{"id":"remote","name":"Удаленная работа"},"employment":{"id":"full","name":"Полная занятость"},"department":null,"contacts":null,"description":"<p>LATOKEN Digital Wallet is growing 35-100% per month on the multibillion money users worldwide market.</p> <p>We made financial account opening as easy as on Instagram. Yet, there are more people who need to manage money rather than photos.</p> <p>We will be bigger than the social wallet.</p> <p> </p> <p><em><em>Unit: </em></em><strong>Platform</strong><br /><em><em>Unit Mission: </em></em><strong>Rocksolid platform for plug-in products</strong><br /><em><em>Role: </em></em><strong>Senior Java</strong><em><em> </em></em><strong>Backend developer</strong><br /><em>Main task: </em><strong>Keep our programs up to date and well-running for our customers</strong></p> <p><strong><em>Functions:</em></strong></p> <ul> <li>Write / Design / Architect / Implement new microservices &amp; Java programs, making sure they fall within your KPIs: - Latency of the entire back end below 60 ms - Roundtrip of an full transaction below 200 ms - Have your microservices process our data in 50 ms max.</li> <li>Improve, document and develop of the platform Java services/modules integrating with our product plug-ins.</li> <li>Streamline, Optimize, Speed-up (SOS) our internal Java communication modules, making sure that their output is consistent, fast and reliable.</li> <li>Create and/or update and run Unit tests for newly written code, making sure that the quality of your code is impeccable.</li> <li>Pro-actively hunting for business-logic errors, code errors and other vulnerabilities in the code, written by you and your colleagues. Take time to research and then teach / explain / demonstrate to your team and other interested parties new developments in Java, Spring, Microservices, Kafka, etc.</li> <li>Support the entire working of the platform, whenever issues occur, to quickly fix the problem. And help other developers to locate the problem in their code.</li> <li>Take time to research and then teach / explain / demonstrate to your team and other interested parties new developments in Java, Spring, Microservices, Kafka, etc.</li> </ul> <ul> </ul> <p><em>Requirements:</em></p> <ul> <li>3+ years of development experience with Java.</li> <li>Olympiad winning problem-solving skills, fast and robust results.</li> <li>Experience with Docker.</li> <li>Experience with Spring Framework (Core, MVC, WebFlux).</li> <li>Knowledge and ability to write SQL queries (PostgreSQL and others).</li> <li>Experience in server API development.</li> <li>Understanding of microservice apps development principles.</li> <li>Able to lead complex projects in a high pace&amp;pressure of capital markets environment.</li> </ul> <p><em>Will be an advantage:</em></p> <ul> <li>Knowledge and experience of CI/CD settings</li> <li>System orchestration (Kubernetes and similar)</li> <li>Experience with RabbitMQ, Apache Kafka</li> <li>Knowledge of databases (Redis, MongoDB, RocksDB, Cassandra, and similar)</li> <li>Experience with gRPC/protobuf</li> </ul> <p><em><strong>Reward:</strong></em></p> <ul> <li>We give proof that a teammate&#39;s life made an impact - LATOKEN share in Nasdaq index and millions in your pockets from vested options.</li> <li>Breakthrough technology and Product - Market - Timing Fit.</li> <li>Worldwide multibillion users market.</li> <li>2x traders growth CAGR and 4.7 Google play rating.</li> <li>Multibillion worldwide market.</li> <li>Join us to build the first digital exchange wallet with a billion users.</li> </ul> <p> </p> <p>Feel a great fit - apply now or forward to a great candidate.</p> <p> </p>","branded_description":"\n<style>\n.tmpl_hh_wrapper p,\n.tmpl_hh_wrapper a,\n.tmpl_hh_wrapper img,\n.tmpl_hh_wrapper ol,\n.tmpl_hh_wrapper ul,\n.tmpl_hh_wrapper li {\n    margin: 0;\n    padding: 0;\n    border: 0;\n    font-size: 100%;\n    font: inherit;\n    vertical-align: baseline;\n}\n\n.hht-vacancydescription {\n    padding: 0px;\n}\n\n.tmpl_hh_wrapper .l-cell,\n.tmpl_hh_wrapper .l-paddings {\n    padding: 0px !important;\n}\n\n.tmpl_hh_wrapper .b-vacancy-desc-wrapper {\n    margin-top: 0px !important;    \n}\n\n.tmpl_hh_wrapper .b-vacancy-desc {\n    overflow: visible !important;\n    line-height: inherit;\n}\n\n.tmpl_hh_content ol li b,\n.tmpl_hh_content ol li strong,\n.tmpl_hh_content ol li p b,\n.tmpl_hh_content ol li p strong,\n.tmpl_hh_content ul li b,\n.tmpl_hh_content ul li strong,\n.tmpl_hh_content ul li p b,\n.tmpl_hh_content ul li p strong {\n    font-weight: normal;\n    font-size: inherit !important;\n    color: inherit !important;\n    margin: 0 !important;\n    text-transform: none;\n}\n\n.tmpl_hh_content ol li p,\n.tmpl_hh_content ul li p {\n    font-weight: normal;\n    margin: 0;\n}\n\n.tmpl_hh_content p b,\n.tmpl_hh_content p strong {\n    display: inline;\n    margin: 0;\n}\n\n.tmpl_hh_wrapper {\n    width: 100%;\n    margin: 0 auto;\n    max-width: 690px;\n    position: relative;\n    word-break: normal;\n    color: #485460;\n    overflow: hidden;\n    font-family: 'Tahoma';\n    font-size: 14px;\n    line-height: 20px;\n    background: #3c40c6 url(https://hhcdn.ru/ichameleon/172769.png) no-repeat;\n    background-size: 100%;\n    background-position: center bottom;\n}\n\n.tmpl_hh_wrapper:before {\n    content: \"\";\n    width: 100%;\n    height: 100%;\n    position: absolute;\n    background: url(https://hhcdn.ru/ichameleon/172770.png) no-repeat;\n    background-size: 100%;\n    background-position: center 34.5%;\n    top: 0;\n    left: 0;\n}\n\n.tmpl_hh_wrapper img {\n    width: 100%;\n    display: block;\n}\n\n.tmpl_hh_content {\n    padding: 43px 35px 36px;\n    position: relative;\n    z-index: 1;\n    background: #fff;\n    border-radius: 5px;\n    margin: -35% 90px 0;\n}\n\n.tmpl_hh_content p:first-child,\n.tmpl_hh_content>strong:first-child,\n.tmpl_hh_content div>strong:first-child {\n    margin-top: 0 !important;\n}\n\n.tmpl_hh_content p,\n.tmpl_hh_content b,\n.tmpl_hh_content strong {\n   margin: 38px 0 14px;\n}\n\n.tmpl_hh_content b, \n.tmpl_hh_content strong {\n    display: inline-block;\n    font-weight: bold;\n    font-size: 16px;\n    line-height: 22px;\n    color: #1e272e;\n}\n\n.tmpl_hh_content ol,\n.tmpl_hh_content ul {\n    margin-left: 15px;\n    list-style: none !important;\n}\n\n.tmpl_hh_content ol {\n    counter-reset: list_counter;\n}\n\n.tmpl_hh_content li {\n    position: relative;\n    margin-bottom: 6px;\n}\n\n.tmpl_hh_content ul ul,\n.tmpl_hh_content ul ol,\n.tmpl_hh_content ol ol,\n.tmpl_hh_content ol ul {\n    margin-top: 6px;\n}\n\n.tmpl_hh_content ol>li {\n    counter-increment: list_counter;    \n}\n\n.tmpl_hh_content li:before {\n    position: absolute;\n    left: -15px;\n    top: 0;\n    color: #575fcf;\n}\n\n.tmpl_hh_content ul>li:before {\n    content: \"\\2022\";\n}\n\n.tmpl_hh_content ol>li:before {\n    content: counter(list_counter)'.';\n    left: auto;\n    right: 100%;\n    margin-right: 2px;\n}\n\n.tmpl_hh_flex {\n    display: -webkit-box;\n    display: -ms-flexbox;\n    display: flex;\n    -webkit-box-pack: justify;\n    -ms-flex-pack: justify;\n    justify-content: space-between;\n    -ms-flex-wrap: wrap;\n    flex-wrap: wrap;\n}\n\n.tmpl_hh_header {\n    position: relative;\n}\n\nimg.tmpl_hh_header__logo {\n    width: 32%;\n    margin-bottom: 34px;\n    position: absolute;\n    left: 90px;\n    top: 6.2%;\n}\n\np.tmpl_hh_header__slogan {\n    text-transform: uppercase;\n    color: #fff;\n    font-weight: bold;\n    font-size: 32px;\n    line-height: 38px;\n    position: absolute;\n    left: 90px;\n    top: 23%;\n}\n\n.tmpl_hh_footer {\n    padding: 0px 12% 0 15.5%;\n    margin: -4.1% 0 0;\n    position: relative;\n    z-index: 1;\n}\n\n.tmpl_hh_footer__phone {\n    width: 24.9%;\n    padding: 2.5% 0 0;\n    position: relative;\n    z-index: 1;\n}\n\n.tmpl_hh_footer__note {\n    width: 56%;\n    position: absolute;\n    right: 11%;\n    top: 0;\n    z-index: 1;\n}\n\n.tmpl_hh_footer__shadow {\n    position: relative;\n    left: 0;\n    right: 0;\n    margin: -3% -13% 4px;\n    width: 126%;\n}\n\n.tmpl_hh_footer__phone:before {\n    content: \"6+\";\n    position: absolute;\n    right: 31%;\n    top: 32.5%;\n    z-index: 1;\n    color: #1e272e;\n    font-size: 12px;\n    line-height: 12px;\n    font-weight: bold;\n}\n\n.tmpl_hh_footer__note:before {\n    content: \"6+\";\n    position: absolute;\n    right: 12%;\n    top: 7%;\n    z-index: 1;\n    color: #1e272e;\n    font-size: 12px;\n    line-height: 12px;\n    font-weight: bold;\n}\n\n@media screen and (max-width: 699px) {\n    .tmpl_hh_wrapper {\n        background-size: 129%;\n        background-position: right bottom;\n    }\n\n    .tmpl_hh_footer {\n        padding: 0px 12% 0 11.5%;\n        margin: -6.1% 0 0;\n    }\n\n    .tmpl_hh_footer__shadow {\n        margin: -2% -13% 5px;\n    }\n\n    .tmpl_hh_footer__note {\n        width: 62%;\n        right: 7%;\n    }\n\n    .tmpl_hh_footer__phone {\n        width: 27%;\n        padding: 2% 0 0;\n    }\n\n    .tmpl_hh_footer__phone:before {\n        right: 32%;\n        top: 29.5%;\n    }\n\n    .tmpl_hh_content {\n        padding: 41px 20px 36px;\n        margin: -36% 20px 0;\n    }\n\n    img.tmpl_hh_header__photo {\n        width: 128%;\n        margin-left: -14%;\n    }\n\n    img.tmpl_hh_header__logo {\n        width: 50%;\n        left: 20px;\n        top: 8%;\n    }\n\n    p.tmpl_hh_header__slogan {\n        font-size: 20px;\n        line-height: 24px;\n        left: 20px;\n        top: 29%;\n    }\n\n    .tmpl_hh_wrapper:before {\n        background-position: center 10.7%;\n        background-size: 152%;\n    }\n}\n\n</style>\n\n<div class=\"tmpl_hh_wrapper\">\n    <div class=\"tmpl_hh_header\">\n        <img class=\"tmpl_hh_header__logo\" src=\"https://hhcdn.ru/ichameleon/172764.svg\" alt=\"\">\n        <p class=\"tmpl_hh_header__slogan\">Put financial life<br> at fingertips</p>\n        <img class=\"tmpl_hh_header__photo\" src=\"https://hhcdn.ru/ichameleon/172768.jpg\" alt=\"\">\n    </div>\n    <div class=\"tmpl_hh_content\">\n       <p>LATOKEN Digital Wallet is growing 35-100% per month on the multibillion money users worldwide market.</p> <p>We made financial account opening as easy as on Instagram. Yet, there are more people who need to manage money rather than photos.</p> <p>We will be bigger than the social wallet.</p> <p> </p> <p><em><em>Unit: </em></em><strong>Platform</strong><br><em><em>Unit Mission: </em></em><strong>Rocksolid platform for plug-in products</strong><br><em><em>Role: </em></em><strong>Senior Java</strong><em><em> </em></em><strong>Backend developer</strong><br><em>Main task: </em><strong>Keep our programs up to date and well-running for our customers</strong></p> <p><strong><em>Functions:</em></strong></p> <ul> <li>Write / Design / Architect / Implement new microservices &amp; Java programs, making sure they fall within your KPIs: - Latency of the entire back end below 60 ms - Roundtrip of an full transaction below 200 ms - Have your microservices process our data in 50 ms max.</li> <li>Improve, document and develop of the platform Java services/modules integrating with our product plug-ins.</li> <li>Streamline, Optimize, Speed-up (SOS) our internal Java communication modules, making sure that their output is consistent, fast and reliable.</li> <li>Create and/or update and run Unit tests for newly written code, making sure that the quality of your code is impeccable.</li> <li>Pro-actively hunting for business-logic errors, code errors and other vulnerabilities in the code, written by you and your colleagues. Take time to research and then teach / explain / demonstrate to your team and other interested parties new developments in Java, Spring, Microservices, Kafka, etc.</li> <li>Support the entire working of the platform, whenever issues occur, to quickly fix the problem. And help other developers to locate the problem in their code.</li> <li>Take time to research and then teach / explain / demonstrate to your team and other interested parties new developments in Java, Spring, Microservices, Kafka, etc.</li> </ul> <ul> </ul> <p><em>Requirements:</em></p> <ul> <li>3+ years of development experience with Java.</li> <li>Olympiad winning problem-solving skills, fast and robust results.</li> <li>Experience with Docker.</li> <li>Experience with Spring Framework (Core, MVC, WebFlux).</li> <li>Knowledge and ability to write SQL queries (PostgreSQL and others).</li> <li>Experience in server API development.</li> <li>Understanding of microservice apps development principles.</li> <li>Able to lead complex projects in a high pace&amp;pressure of capital markets environment.</li> </ul> <p><em>Will be an advantage:</em></p> <ul> <li>Knowledge and experience of CI/CD settings</li> <li>System orchestration (Kubernetes and similar)</li> <li>Experience with RabbitMQ, Apache Kafka</li> <li>Knowledge of databases (Redis, MongoDB, RocksDB, Cassandra, and similar)</li> <li>Experience with gRPC/protobuf</li> </ul> <p><em><strong>Reward:</strong></em></p> <ul> <li>We give proof that a teammate's life made an impact - LATOKEN share in Nasdaq index and millions in your pockets from vested options.</li> <li>Breakthrough technology and Product - Market - Timing Fit.</li> <li>Worldwide multibillion users market.</li> <li>2x traders growth CAGR and 4.7 Google play rating.</li> <li>Multibillion worldwide market.</li> <li>Join us to build the first digital exchange wallet with a billion users.</li> </ul> <p> </p> <p>Feel a great fit - apply now or forward to a great candidate.</p> <p> </p></div>\n    <div class=\"tmpl_hh_footer\">\n        <div class=\"tmpl_hh_footer__phone\"><img src=\"https://hhcdn.ru/ichameleon/172766.png\" alt=\"\"></div>\n        <div class=\"tmpl_hh_footer__note\"><img src=\"https://hhcdn.ru/ichameleon/172765.png\" alt=\"\"></div>\n        <div class=\"tmpl_hh_footer__shadow\"><img src=\"https://hhcdn.ru/ichameleon/172767.png\" alt=\"\"></div>\n    </div>\n</div> \n\n","vacancy_constructor_template":null,"key_skills":[{"name":"Java"},{"name":"Presentation skills"},{"name":"Teamleading"}],"accept_handicapped":false,"accept_kids":false,"archived":false,"response_url":null,"specializations":[{"id":"1.395","name":"Банковское ПО","profarea_id":"1","profarea_name":"Информационные технологии, интернет, телеком"},{"id":"1.221","name":"Программирование, Разработка","profarea_id":"1","profarea_name":"Информационные технологии, интернет, телеком"},{"id":"1.359","name":"Электронная коммерция","profarea_id":"1","profarea_name":"Информационные технологии, интернет, телеком"},{"id":"1.474","name":"Стартапы","profarea_id":"1","profarea_name":"Информационные технологии, интернет, телеком"}],"code":null,"hidden":false,"quick_responses_allowed":false,"driver_license_types":[],"accept_incomplete_resumes":false,"employer":{"id":"2870783","name":"LATOKEN","url":"https://api.hh.ru/employers/2870783?host=hh.ru","alternate_url":"https://hh.ru/employer/2870783","logo_urls":{"original":"https://hhcdn.ru/employer-logo-original/496167.png","90":"https://hhcdn.ru/employer-logo/2426421.png","240":"https://hhcdn.ru/employer-logo/2426422.png"},"vacancies_url":"https://api.hh.ru/vacancies?employer_id=2870783&host=hh.ru","trusted":true},"published_at":"2021-05-18T13:11:15+0300","created_at":"2021-05-18T13:11:15+0300","negotiations_url":null,"suitable_resumes_url":null,"apply_alternate_url":"https://hh.ru/applicant/vacancy_response?vacancyId=44675085","has_test":false,"test":null,"alternate_url":"https://hh.ru/vacancy/44675085","working_days":[],"working_time_intervals":[],"working_time_modes":[],"accept_temporary":false}