{"id":"44685463","premium":false,"billing_type":{"id":"standard_plus","name":"Стандарт плюс"},"relations":[],"name":"Senior Backend Developer / Архитектор / SRE (Ruby on rails)","insider_interview":null,"response_letter_required":true,"area":{"id":"1","name":"Москва","url":"https://api.hh.ru/areas/1?host=hh.ru"},"salary":{"from":180000,"to":300000,"currency":"RUR","gross":false},"type":{"id":"open","name":"Открытая"},"address":null,"allow_messages":true,"site":{"id":"hh","name":"hh.ru"},"experience":{"id":"between1And3","name":"От 1 года до 3 лет"},"schedule":{"id":"remote","name":"Удаленная работа"},"employment":{"id":"full","name":"Полная занятость"},"department":null,"contacts":null,"description":"<p>С Appbooster мобильные приложения растут и больше зарабатывают. Мы помогаем им привлекать больше трафика, глубже анализировать приложения, делать их более привлекательными для пользователей.</p> <p>Сейчас мы активно растём, создаём новые продукты и выходим на новые рынки. А с этим растёт сложность наших систем, количество клиентов и данных с которыми мы работаем. Поэтому мы ищем опытного ruby on rails разработчика в core-команду, основная задача которой – заниматься инфрастуктурой, архитектурой и создавать инструменты для других команд, чтобы те могли двигаться быстрее. Это вакансия на стыке архитектор/SRE</p> <p><strong>Какие будут задачи?</strong></p> <ul> <li> <p>Оптимизировать приложение для работы с большими объёмами данных</p> </li> <li>«Распиливать» монолит</li> <li> <p>Выстраивать архитектуру приложения</p> </li> <li> <p>Упрощать и ускорять деплой, настраивать и тюнить production-окружение</p> </li> </ul> <p>Если вам интересно, но вы пока не готовы к таким задачам – посмотрите другую нашу вакансию.</p> <p><strong>Чем ещё нужно будет заниматься?</strong></p> <ul> <li> <p>Делиться знаниями с коллегами через ревью и общение</p> </li> <li> <p>Много читать чужой код</p> </li> <li> <p>Искать простые решения сложных инженерных задач</p> </li> </ul> <p><strong>Что мы ждём от кандидата?</strong></p> <ul> <li> <p>Опыт работы backend-разработчиком от 5 лет</p> </li> <li> <p>Знание PostgreSQL, умение оптимизировать запросы</p> </li> <li>Большой опыт рефакторинга rails-приложений</li> <li> <p>Понимание модульной и микросервисной архитектуры</p> </li> <li>Желательно опыт работы и настройки production-окружения сlickhouse</li> </ul> <p><strong>Наш стек</strong></p> <ul> <li> <p>На бекенде – ruby on rails, postgresql, clickhouse, ELK, Amazon AWS (cloudfront, S3, ec2, RDS, elasticache, alb)</p> </li> <li> <p>На фронте – react, mobx</p> </li> </ul>","branded_description":null,"vacancy_constructor_template":null,"key_skills":[{"name":"Ruby On Rails"},{"name":"Ruby"},{"name":"PostgreSQL"}],"accept_handicapped":false,"accept_kids":false,"archived":false,"response_url":null,"specializations":[{"id":"1.221","name":"Программирование, Разработка","profarea_id":"1","profarea_name":"Информационные технологии, интернет, телеком"}],"code":null,"hidden":false,"quick_responses_allowed":false,"driver_license_types":[],"accept_incomplete_resumes":false,"employer":{"id":"1755416","name":"Appbooster","url":"https://api.hh.ru/employers/1755416?host=hh.ru","alternate_url":"https://hh.ru/employer/1755416","logo_urls":{"90":"https://hhcdn.ru/employer-logo/2558045.jpeg","240":"https://hhcdn.ru/employer-logo/2558046.jpeg","original":"https://hhcdn.ru/employer-logo-original/529142.jpg"},"vacancies_url":"https://api.hh.ru/vacancies?employer_id=1755416&host=hh.ru","trusted":true},"published_at":"2021-06-11T16:40:47+0300","created_at":"2021-06-11T16:40:47+0300","negotiations_url":null,"suitable_resumes_url":null,"apply_alternate_url":"https://hh.ru/applicant/vacancy_response?vacancyId=44685463","has_test":false,"test":null,"alternate_url":"https://hh.ru/vacancy/44685463","working_days":[],"working_time_intervals":[],"working_time_modes":[],"accept_temporary":false}