{"id":"44688374","premium":false,"billing_type":{"id":"standard_plus","name":"Стандарт плюс"},"relations":[],"name":"Senior / Lead Backend Developer","insider_interview":null,"response_letter_required":false,"area":{"id":"1","name":"Москва","url":"https://api.hh.ru/areas/1?host=hh.ru"},"salary":{"from":250000,"to":null,"currency":"RUR","gross":true},"type":{"id":"open","name":"Открытая"},"address":{"city":"Москва","street":"улица Ленинская Слобода","building":"19","description":null,"lat":55.708354,"lng":37.652705,"raw":"Москва, улица Ленинская Слобода, 19","metro":{"station_name":"Автозаводская","line_name":"Замоскворецкая","station_id":"2.2","line_id":"2","lat":55.706634,"lng":37.657008},"metro_stations":[{"station_name":"Автозаводская","line_name":"Замоскворецкая","station_id":"2.2","line_id":"2","lat":55.706634,"lng":37.657008}]},"allow_messages":true,"site":{"id":"hh","name":"hh.ru"},"experience":{"id":"between3And6","name":"От 3 до 6 лет"},"schedule":{"id":"fullDay","name":"Полный день"},"employment":{"id":"full","name":"Полная занятость"},"department":null,"contacts":null,"description":"<p><strong>AppQuantum -</strong> паблишер мобильных игр. Мы - это успешная команда из 150 человек, которая занимается performance-маркетингом, паблишингом и разработкой мобильных игр. Аудитория наших мобильных игр составляет десятки миллионов пользователей и генерит миллиарды эвентов.</p> <p>Мы ищем ведущего разработчика (в перспективе главу разработки) в отдел аналитики, состоящий из дата-инженеров, фулстек разработчиков, BI-менеджеров, продуктовых аналитиков и девопса.</p> <p>Отдел занимается разработкой серверных решений, работает с базами данных, с big data, ETL-процессами и т.п. для мобильных игр с общей аудиторией в десятки миллионов пользователей и миллиардами эвентов, делаем различные сервисы для этого. И мы не останавливаемся, разрабатываем новые сервисы и планово растим команду.</p> <p> </p> <p><strong>Что мы делаем:</strong></p> <ul> <li>Внутренние сервисы для себя и партнеров: валидатор инапов, форс апдейтер, ремоут-конфиги, оптимизаторы медиации, алерт-бот, внутренний портал/админка и т.д.</li> <li>Развиваем BI в которой кроме стандартного репортинга мы реализуем реалтайм-дашборды, модели предсказания LTV, конструкторы аудиторий, автоматизацию тестирований и т.д.</li> <li>Платформу сбора-обработки данных, на которой все это работает. Стек: Python (pandas, flask, async), SQL (clickhouse, postgreSQL), Linux, Airflow, Tableau, Git</li> </ul> <p><strong>Профиль идеального кандидата:</strong></p> <ul> <li>Фулл стэк бэкенд разработчик уровня senior / lead, который в первое время будет в большей степени писать код, а в дальнейшем по мере роста команды сможет сосредоточится на менторстве, контроле качества реализации, код-ревью, оптимизации сбора/хранения/обработки данных.</li> <li>Опыт управления командой, умение делегировать и мониторить исполнение, выстраивать процессы и отношения в команде, глубоко погружаться в процесс, разбираться с тем, что вызвало сложности у коллег и так далее.</li> <li>Опыт работы с большими объемами данных или огромное желание научиться - обязателен</li> <li>Опыт в аналитике и мобильном геймдеве не обязателен, но будет плюсом</li> </ul> <p><strong>Условия:</strong></p> <ul> <li>Конкурентная заработная плата по результатам собеседования, выплачивается 2 раза в месяц</li> <li>Необходимое и комфортное для вас оборудование для работы</li> <li>Возможность профессионального и карьерного роста</li> <li>Возможность обучаться английскому языку с носителями каждый будний день по утрам</li> <li>Просторный офис 1200+ метров на м. Автозаводская (3 минуты от метро и от ТТК на машине) с ультра современным дизайном и кучей ништяков (кухня с вкусняшками, обеды или завтраки каждый день, кальяны по вечерам, PS4 Pro + 4K TV, аркадные автоматы, просторная зона отдыха, 5 переговорных комнат и т д)</li> <li>Команда из 160 человек, занимающаяся разработкой, паблишингом и маркетингом, готовая сделать продукт успешным после его готовности</li> <li>Менторы и инвесторы из игровой индустрии и интернет-маркетинга, создавшие большое количество успешных IT компаний</li> </ul>","branded_description":null,"vacancy_constructor_template":null,"key_skills":[{"name":"Python"},{"name":"Git"},{"name":"PostgreSQL"},{"name":"SQL"},{"name":"Linux"},{"name":"Tableau"},{"name":"Golang"},{"name":"Airflow"}],"accept_handicapped":false,"accept_kids":false,"archived":false,"response_url":null,"specializations":[{"id":"1.475","name":"Игровое ПО","profarea_id":"1","profarea_name":"Информационные технологии, интернет, телеком"},{"id":"1.221","name":"Программирование, Разработка","profarea_id":"1","profarea_name":"Информационные технологии, интернет, телеком"},{"id":"1.82","name":"Инженер","profarea_id":"1","profarea_name":"Информационные технологии, интернет, телеком"},{"id":"1.246","name":"Развитие бизнеса","profarea_id":"1","profarea_name":"Информационные технологии, интернет, телеком"},{"id":"1.25","name":"Аналитик","profarea_id":"1","profarea_name":"Информационные технологии, интернет, телеком"},{"id":"3.26","name":"Аналитик","profarea_id":"3","profarea_name":"Маркетинг, реклама, PR"}],"code":null,"hidden":false,"quick_responses_allowed":false,"driver_license_types":[],"accept_incomplete_resumes":false,"employer":{"id":"3380507","name":"AppQuantum","url":"https://api.hh.ru/employers/3380507?host=hh.ru","alternate_url":"https://hh.ru/employer/3380507","logo_urls":{"240":"https://hhcdn.ru/employer-logo/2799480.png","90":"https://hhcdn.ru/employer-logo/2799479.png","original":"https://hhcdn.ru/employer-logo-original/589556.png"},"vacancies_url":"https://api.hh.ru/vacancies?employer_id=3380507&host=hh.ru","trusted":true},"published_at":"2021-06-11T17:53:41+0300","created_at":"2021-06-11T17:53:41+0300","negotiations_url":null,"suitable_resumes_url":null,"apply_alternate_url":"https://hh.ru/applicant/vacancy_response?vacancyId=44688374","has_test":false,"test":null,"alternate_url":"https://hh.ru/vacancy/44688374","working_days":[],"working_time_intervals":[],"working_time_modes":[],"accept_temporary":false}