{"id":"44684668","premium":false,"billing_type":{"id":"standard_plus","name":"Стандарт плюс"},"relations":[],"name":"Senior .NET Backend разработчик","insider_interview":null,"response_letter_required":false,"area":{"id":"1","name":"Москва","url":"https://api.hh.ru/areas/1?host=hh.ru"},"salary":{"from":250000,"to":350000,"currency":"RUR","gross":false},"type":{"id":"open","name":"Открытая"},"address":null,"allow_messages":true,"site":{"id":"hh","name":"hh.ru"},"experience":{"id":"between3And6","name":"От 3 до 6 лет"},"schedule":{"id":"remote","name":"Удаленная работа"},"employment":{"id":"full","name":"Полная занятость"},"department":null,"contacts":null,"description":"<p>В связи с расширением команды, Швейцарской компании<strong> </strong><strong>Homerun</strong><strong> </strong><strong>Management</strong><strong> </strong><strong>AG</strong> требуются <strong>Senior .NET Backend разработчики</strong> на международный долгосрочный проект.<br />Облачное высоконагруженное приложение по автоматизации бизнеса<strong> </strong>для партнеров корпорации <strong>Microsoft </strong>- <strong>B2B</strong> платфoрма <strong>Total One</strong>. Hовейшие Microsoft технологии. Azure. Agile.<br />Действительно интересный продукт с большим техническим и коммерческим потенциалом.<br />Без бюрократии! Сами решаем - сами разрабатываем. Хорошие идеи приветствуются!<br />Продукт ведет полный учет покупок и продаж продуктов компании Microsoft. Позволяет управлять инфраструктурой Azure, например, создавать, запускать виртуальные машины и управлять ими. Позволяет настраивать корпоративную политику безопасности. Включает в себя marketplace и многое другое.<br />Приложение масштабируется на весь мир. Международные заказчики.<br />В скором времени добавится поддержка других провайдеров, таких как Amazon.</p> <p><strong>Обязанности:</strong></p> <ul> <li>Разработка Backend части нового функционала (.NET) и оптимизация готового продукта</li> <li>Участие в выборе стека технологий и подхода к реализации</li> <li>Написание юнит- и интеграционных тестов</li> <li>Участие в code review</li> <li>Участие в Scrum встречах</li> <li>Общение с международной командой (языки – английский и русский)</li> </ul> <p><strong>Требования:</strong></p> <p><em>Обязательные</em></p> <ul> <li>Опыт командной разработки на <strong>.NET</strong> <strong>от</strong> <strong>5 лет</strong>.</li> <li>Опыт работы с <strong>.NET Core</strong>, <strong>SQL Server</strong>, <strong>ASP.NET Core MVC</strong>, <strong>WEB API</strong></li> <li>Опыт написания <strong>юнит-</strong> и <strong>интеграционных тестов</strong></li> <li>Знание методологий разработки, ООП, паттернов проектирования и рефакторинга</li> <li><strong>Владение английским языком</strong>, как минимум, на уровне чтения и написания технической документации</li> <li>Желание выпускать качественное ПО</li> </ul> <p><em>Дополнительным плюсом будет опыт работы с</em></p> <ul> <li>NGRX/NGXS</li> <li>Git</li> <li>Azure Cloud технологиями (Redis cache, Service Bus, Key Vault, AppInsights, Azure Functions)</li> <li>Azure Web App</li> <li>Azure DevOps CI/CD</li> <li>UML 2.5, BPMN 2.x, Enterprise Architect</li> <li>Знание Frontend - Angular 8+</li> <li>Разработка согласно Agile/Scrum</li> </ul> <p><em>Знание</em><strong> Azure </strong><em>не является обязательным требованием, но на проекте мы активно работаем с Azure, и этому однозначно нужно будет учиться.</em></p> <p><strong>Мы работаем со стеком технологий:</strong></p> <ul> <li>C# (.NET 4.7, ASP. NET Core 5.0)</li> <li>ASP.NET Core MVC, WEB API</li> <li>Entity Framework 6 + EF Core 5</li> <li>Angular 11 + NGXS</li> <li>SQL Server</li> <li>Azure Web Apps</li> <li>Azure Functions</li> <li>Cosmos DB</li> </ul> <p><strong>Личные качества:</strong></p> <p>Мы с удовольствием примем в команду человека,</p> <ul> <li>Увлеченного своим делом и желающего развиваться</li> <li>Умеющего работать в команде</li> <li>Способного анализировать и решать сложные задачи автономно</li> <li>Четко выполняющего поставленные задачи и соблюдающего дедлайны</li> </ul> <p><strong>Мы предлагаем:</strong></p> <ul> <li>Работа на активно развивающемся международном проекте</li> <li>Возможность использования самых современных технологий</li> <li>Cтабильная заработная плата в Евро</li> <li>Молодой профессиональный коллектив</li> <li>Профессиональный рост</li> </ul> <p><strong>Детали работы:</strong></p> <ul> <li>Полная занятость (<strong>80%-100%</strong>). <strong>8-часовой рабочий день</strong> (<strong>график</strong> работы <strong>гибкий </strong>и обсуждается индивидуально)</li> <li><strong>Долгосрочное </strong>сотрудничество</li> <li><strong>Контрактная </strong>работа</li> <li><strong>Удаленная </strong>работа</li> <li><strong>Scrum</strong> фрэймворк – участие в Daily stand-up и других Scrum встречах</li> </ul> <p><strong>Должность предполагает испытательный срок (3 месяца)</strong></p>","branded_description":null,"vacancy_constructor_template":null,"key_skills":[{"name":".NET Framework"},{"name":"MS SQL Server"},{"name":"C#"},{"name":"Entity Framework"},{"name":"ASP.NET Core MVC"},{"name":"WEB API"},{"name":"Unit Testing"},{"name":"Integration Testing"}],"accept_handicapped":false,"accept_kids":false,"archived":false,"response_url":null,"specializations":[{"id":"1.221","name":"Программирование, Разработка","profarea_id":"1","profarea_name":"Информационные технологии, интернет, телеком"}],"code":null,"hidden":false,"quick_responses_allowed":false,"driver_license_types":[],"accept_incomplete_resumes":false,"employer":{"id":"4768308","name":"Homerun Management AG","url":"https://api.hh.ru/employers/4768308?host=hh.ru","alternate_url":"https://hh.ru/employer/4768308","logo_urls":{"240":"https://hhcdn.ru/employer-logo/3464150.png","90":"https://hhcdn.ru/employer-logo/3464149.png","original":"https://hhcdn.ru/employer-logo-original/755798.png"},"vacancies_url":"https://api.hh.ru/vacancies?employer_id=4768308&host=hh.ru","trusted":true},"published_at":"2021-06-11T16:22:34+0300","created_at":"2021-06-11T16:22:34+0300","negotiations_url":null,"suitable_resumes_url":null,"apply_alternate_url":"https://hh.ru/applicant/vacancy_response?vacancyId=44684668","has_test":false,"test":null,"alternate_url":"https://hh.ru/vacancy/44684668","working_days":[],"working_time_intervals":[],"working_time_modes":[],"accept_temporary":false}