{"id":"44723279","premium":false,"billing_type":{"id":"standard","name":"Стандарт"},"relations":[],"name":"Senior/Middle Frontend/Backend/Fullstack Web-developer","insider_interview":null,"response_letter_required":false,"area":{"id":"1","name":"Москва","url":"https://api.hh.ru/areas/1?host=hh.ru"},"salary":{"from":100000,"to":200000,"currency":"RUR","gross":false},"type":{"id":"open","name":"Открытая"},"address":null,"allow_messages":true,"site":{"id":"hh","name":"hh.ru"},"experience":{"id":"between1And3","name":"От 1 года до 3 лет"},"schedule":{"id":"remote","name":"Удаленная работа"},"employment":{"id":"part","name":"Частичная занятость"},"department":null,"contacts":null,"description":"<strong>Обязанности:</strong> <p>Разработка IT-системы с нуля. Генератор лэндингов, калькуляторы стоимости, телеграмм боты, интернет-магазин, ERP-система, интеграции с различными сервисами и т.д.</p> <strong>Требования:</strong> <ul> <li>Отличное знание технологий Nuxt, Vue, Axios, Vuex, SSR</li> <li>JavaScript, Node JS, Git, Npm, GitHub</li> <li>PostgreSQL</li> <li>Умение администрировать Linux сервера Ubuntu</li> </ul> <p><strong>Условия:</strong></p> <p><strong>По условиям предлагаю такие форматы сотрудничества</strong></p> <ul> <li>Разработка - составляем ТЗ на добавление нового функционала. На основе которого вы оцениваете свои трудозатраты, сроки и стоимость. Если всех всё устраивает, то приступаем к работе.</li> <li>Консультация - иногда возникают вопросы технического характера, требуется удаленно подключиться, разобраться в какой-то задаче и т.п. Часто для таких задач сложно оценить трудозатраты, поэтому логичнее оплату сделать по фактически затраченному времени.</li> </ul> <p>Стоимость определяем по часовой ставке, о которой договоримся заранее</p>","branded_description":null,"vacancy_constructor_template":null,"key_skills":[{"name":"JavaScript"},{"name":"Git"},{"name":"Node.js"},{"name":"Linux"},{"name":"Ubuntu"},{"name":"Nuxt"},{"name":"Vue"},{"name":"GitHub"}],"accept_handicapped":true,"accept_kids":false,"archived":false,"response_url":null,"specializations":[{"id":"1.221","name":"Программирование, Разработка","profarea_id":"1","profarea_name":"Информационные технологии, интернет, телеком"},{"id":"1.273","name":"Системный администратор","profarea_id":"1","profarea_name":"Информационные технологии, интернет, телеком"},{"id":"1.50","name":"Системы управления предприятием (ERP)","profarea_id":"1","profarea_name":"Информационные технологии, интернет, телеком"},{"id":"1.3","name":"CTO, CIO, Директор по IT","profarea_id":"1","profarea_name":"Информационные технологии, интернет, телеком"},{"id":"1.9","name":"Web инженер","profarea_id":"1","profarea_name":"Информационные технологии, интернет, телеком"},{"id":"1.10","name":"Web мастер","profarea_id":"1","profarea_name":"Информационные технологии, интернет, телеком"}],"code":null,"hidden":false,"quick_responses_allowed":false,"driver_license_types":[],"accept_incomplete_resumes":false,"employer":{"id":"3545847","name":"НКУ","url":"https://api.hh.ru/employers/3545847?host=hh.ru","alternate_url":"https://hh.ru/employer/3545847","logo_urls":{"240":"https://hhcdn.ru/employer-logo/2684038.png","90":"https://hhcdn.ru/employer-logo/2684037.png","original":"https://hhcdn.ru/employer-logo-original/560641.png"},"vacancies_url":"https://api.hh.ru/vacancies?employer_id=3545847&host=hh.ru","trusted":true},"published_at":"2021-05-19T16:54:13+0300","created_at":"2021-05-19T16:54:13+0300","negotiations_url":null,"suitable_resumes_url":null,"apply_alternate_url":"https://hh.ru/applicant/vacancy_response?vacancyId=44723279","has_test":false,"test":null,"alternate_url":"https://hh.ru/vacancy/44723279","working_days":[{"id":"only_saturday_and_sunday","name":"Работа только по сб и вс"}],"working_time_intervals":[{"id":"from_four_to_six_hours_in_a_day","name":"Можно работать сменами по 4–6 часов в день"}],"working_time_modes":[{"id":"start_after_sixteen","name":"Можно начинать работать после 16:00"}],"accept_temporary":true}