{"id":"44749369","premium":false,"billing_type":{"id":"standard","name":"Стандарт"},"relations":[],"name":"Senior backend Разработчик","insider_interview":null,"response_letter_required":false,"area":{"id":"1","name":"Москва","url":"https://api.hh.ru/areas/1?host=hh.ru"},"salary":{"from":180000,"to":200000,"currency":"RUR","gross":false},"type":{"id":"open","name":"Открытая"},"address":null,"allow_messages":true,"site":{"id":"hh","name":"hh.ru"},"experience":{"id":"between3And6","name":"От 3 до 6 лет"},"schedule":{"id":"fullDay","name":"Полный день"},"employment":{"id":"full","name":"Полная занятость"},"department":null,"contacts":null,"description":"<p><strong>Мы</strong></p> <p>Привет! Меня зовут Игорь. Вместе с командой я запускаю и развиваю сайты и социальные сети. Наши основные компетенции в UX и маркетинге. </p> <p>Сейчас мы работаем над внутренним большим проектом и ищем в команду опытного backend-разработчика для запуска системы дистанционного обучения, которой будут пользоваться тысячи людей. У нас в команде отраслевые эксперты и авторы, сборщик курсов в scorm, маркетолог, ux дизайнер и оператор.</p> <p>Есть опыт запуска крупного учебного центра, есть большой опыт работы на схожем проекте. Знаем запрос целевой аудитории, проводили исследования.</p> <p><strong>Проект</strong></p> <p>Мы посмотрели под другим углом на скучное и обязательное обучение в области охраны труда, поменяв правила игры, разнообразив учебный процесс и убрав лишнее. Мы рассчитываем, что наш подход поможет обучаемым развить гибкие навыки в своей работе, а также узнать новое и важное. </p> <p><strong>Что нам требуется</strong></p> <p>Разработка серверной части (возможно серверной + клиентской) LMS системы для дистанционного обучения в области охраны труда и смешанных направлений. Система предназначена для специалистов, партнеров и слушателей. Материал — курсы в формате scorm и видеолекции. Сейчас у нас готов дизайн системы (GUI в Figma), но нет ни капли кода.</p> <p><strong>Несколько деталей, чтобы лучше понять задачи</strong></p> <ul> <li> <p>В системе предполагается несколько ролей: администратор, специалист, слушатель.</p> </li> <li> <p>Слушатель смотрит видео и изучает курсы в формате SCORM. По итогам обучения накапливается статистика.</p> </li> <li> <p>Специалист — курирует обучение. Он работает в компании на позиции hr, или специалистом по охране труда. Ему требуется обучить 50 сотрудников по охране труда сейчас и столько же позже. Он подает заявку на обучение, после чего ему начисляются аккаунты для обучаемых (есть референс по процессу). Он заполняет данные слушателей и отправляет им уведомление о старте обучения. Слушатели изучают курс с мобильного, или пк, в любое время</p> </li> <li> <p>Специалист видит успеваемость и активность слушателей (не изучал материал, изучает, завершил). Может смотреть информацию в разрезе группы, или по пользователям</p> </li> <li> <p>По итогу обучения в системе формируются свидетельства о прохождения курса (pdf)</p> </li> <li> <p>Администратор видит всех специалистов, слушателей, все курсы, статистику в разрезе пользователей и курсов. Он загружает и формирует в системе новые курсы</p> </li> <li> <p>Услуга оплачивается исходя из стоимости одного аккаунта (доступ для одного слушателя на конкретный курс). Счет генерируется автоматически и отправляется на емейл специалиста.</p> </li> </ul> <p><strong>От нас</strong></p> <ul> <li> <p>Трудоустройство по ТК РФ. Планируем вместе запустить проект и вместе его развивать</p> </li> <li> <p>Зарплатная вилка в рынке и зависит от кандидата. Учтем пожелания, если Вы нам подойдете</p> </li> <li> <p>Гибкое рабочее время</p> </li> <li> <p>Отсутствие бюрократии</p> </li> <li> <p>Работаем удаленно, общаемся в Slack, планируем задачи в Trello</p> </li> </ul> <p><strong>Что мы ждем от соискателя</strong></p> <ul> <li> <p>Backend разработчик уровня senior / lead, который поможет нам с кодом и запуском mvp</p> </li> <li> <p>Нам потребуются аргументированные рекомендации по выбору стека (склоняемся к php (laravel))</p> </li> <li> <p>В зависимости от компетенций, рассмотрим и frontend разработку (react.js/vue.js)</p> </li> <li> <p>Опыт работы в образовательном проекте будет плюсом</p> </li> <li> <p>Инициативность и умение аргументировать и принимать решения</p> </li> </ul>","branded_description":null,"vacancy_constructor_template":null,"key_skills":[{"name":"laravel"},{"name":"ООП"},{"name":"JavaScript"},{"name":"MySQL"},{"name":"Git"},{"name":"PHP"},{"name":"docker"},{"name":"react"}],"accept_handicapped":false,"accept_kids":false,"archived":false,"response_url":null,"specializations":[{"id":"1.221","name":"Программирование, Разработка","profarea_id":"1","profarea_name":"Информационные технологии, интернет, телеком"},{"id":"1.3","name":"CTO, CIO, Директор по IT","profarea_id":"1","profarea_name":"Информационные технологии, интернет, телеком"},{"id":"1.536","name":"CRM системы","profarea_id":"1","profarea_name":"Информационные технологии, интернет, телеком"},{"id":"1.9","name":"Web инженер","profarea_id":"1","profarea_name":"Информационные технологии, интернет, телеком"},{"id":"1.10","name":"Web мастер","profarea_id":"1","profarea_name":"Информационные технологии, интернет, телеком"},{"id":"1.474","name":"Стартапы","profarea_id":"1","profarea_name":"Информационные технологии, интернет, телеком"}],"code":null,"hidden":false,"quick_responses_allowed":false,"driver_license_types":[],"accept_incomplete_resumes":false,"employer":{"id":"5251618","name":"Синдром отличника","url":"https://api.hh.ru/employers/5251618?host=hh.ru","alternate_url":"https://hh.ru/employer/5251618","logo_urls":{"original":"https://hhcdn.ru/employer-logo-original/823328.png","240":"https://hhcdn.ru/employer-logo/3734200.png","90":"https://hhcdn.ru/employer-logo/3734199.png"},"vacancies_url":"https://api.hh.ru/vacancies?employer_id=5251618&host=hh.ru","trusted":true},"published_at":"2021-05-20T13:54:33+0300","created_at":"2021-05-20T13:54:33+0300","negotiations_url":null,"suitable_resumes_url":null,"apply_alternate_url":"https://hh.ru/applicant/vacancy_response?vacancyId=44749369","has_test":false,"test":null,"alternate_url":"https://hh.ru/vacancy/44749369","working_days":[],"working_time_intervals":[],"working_time_modes":[],"accept_temporary":true}