{"id":"44742926","premium":false,"billing_type":{"id":"standard_plus","name":"Стандарт плюс"},"relations":[],"name":"Backend developer/Senior (autonomous vehicles software)","insider_interview":null,"response_letter_required":false,"area":{"id":"1","name":"Москва","url":"https://api.hh.ru/areas/1?host=hh.ru"},"salary":{"from":3000,"to":4500,"currency":"USD","gross":false},"type":{"id":"open","name":"Открытая"},"address":null,"allow_messages":true,"site":{"id":"hh","name":"hh.ru"},"experience":{"id":"between1And3","name":"От 1 года до 3 лет"},"schedule":{"id":"remote","name":"Удаленная работа"},"employment":{"id":"full","name":"Полная занятость"},"department":null,"contacts":null,"description":"<p>In partnership with a Tier-1 Silicon Valley-based company, Datasakura is proud to participate in the development of an autonomous mobility project. Our company is responsible for the project&#39;s simulation and infrastructural components and an internal command center suite. The project consists of several vital elements, involving an AWS-based infrastructure, databases, numerous back-end, and front-end components. Our goal is to replicate the AI stack&#39; behaviour in a cloud, collect statistics and metrics, and represent this data in a meaningful format. Besides that, we are developing a novel command center for remote robot management and visualisation. The solution will be tightly integrated with AI and hardware components.</p> <p>‍</p> <p>‍<strong>The current system includes:</strong></p> <ul> <li>an Unreal Engine-based 3d simulator (C++)</li> <li>a server application managing the lifecycle of the simulation suite (Python/Java)</li> <li>a client application to manage missions of the robots; both physical and simulated (Cordova/Vue)</li> <li>a command server to control physical robots (Java / Springboot)</li> <li>a cloud infrastructure (AWS)</li> </ul> <p>‍</p> <p><strong>The upcoming components of the system:</strong></p> <ul> <li>a DB solution to store results of simulations</li> <li>a remote visual data transfer system</li> <li>an Augmented Reality part of the client application</li> <li>a 3d client to control the modeled environment</li> </ul> <p>‍</p> <p><strong>The current stack (it is evolving as we go, so absolutely not set in stone):</strong></p> <ul> <li>C++</li> <li>Python</li> <li>Java/Kotlin</li> <li>Vue.JS / Javascript</li> <li>Apache Cordova</li> <li>PostgreSQL, Mongo.DB, Elasticsearch</li> </ul> <p>As the remote mobility industry is only emerging, there are no industry standards for any part of the system. While considering some third-party nodes and elements for the simulation suite, you will most likely have to implement the rest. Please think that initially, 30% of your time you’ll have to adapt some existing solutions and implement new systems from scratch for 70% of your time.</p> <p>‍</p> <p><strong>Essential requirements:</strong></p> <ul> <li>Bachelors+ degree in the field of computer science is a hard requirement</li> <li>1,5+ years experience with Java or Kotlin or C++</li> <li>Exceptional knowledge of algorithms and data structures. An ability to produce robust code quickly.</li> <li>A self-management ability (planning, commitment to deadlines, and punctuality)</li> </ul> <p>‍</p> <p><strong>Desirable requirements:</strong></p> <ul> <li>Good understanding of database theory (SQL/NoSQL)</li> <li>Knowledge of at least one modern reactive web framework</li> <li>Practical experience with TDD and testing methodologies</li> <li>Practical experience with CI/CD/automatic versioning/auto-documentation systems</li> <li>Experience with working in modern Agile project management environments</li> </ul> <p> </p> <p><strong>Conditions</strong></p> <ul> <li> <p>Full time remote work (home office)</p> </li> <li> <p>Compensation to be discussed individually depending on level and skills, fixed and paid in USD</p> </li> <li> <p>Fixed hours (we believe in work and life balance)</p> </li> <li> <p>Official contract with the Cyprus company</p> </li> <li> <p>Paid vacations 20 days per annum</p> </li> <li> <p>Paid professional courses (+ online English group lessons with native speaker)</p> </li> <li> <p>Co-working rent and equipment compensation program</p> </li> <li> <p>Small and friendly agile teams</p> </li> </ul> <p> </p> <p>Please note that portfolio and a video interview are our normal parts of the recruiting process.</p>","branded_description":"\n<style>\n.tmpl_hh_wrapper p,\n.tmpl_hh_wrapper a,\n.tmpl_hh_wrapper img,\n.tmpl_hh_wrapper ol,\n.tmpl_hh_wrapper ul,\n.tmpl_hh_wrapper li {\n    margin: 0;\n    padding: 0;\n    border: 0;\n    font-size: 100%;\n    font: inherit;\n    vertical-align: baseline;\n}\n\n.hht-vacancydescription {\n    padding: 0px;\n}\n\n.tmpl_hh_wrapper .l-cell,\n.tmpl_hh_wrapper .l-paddings {\n    padding: 0px !important;\n}\n\n.tmpl_hh_wrapper .b-vacancy-desc-wrapper {\n    margin-top: 0px !important;    \n}\n\n.tmpl_hh_wrapper .b-vacancy-desc {\n    overflow: visible !important;\n    line-height: inherit;\n}\n\n.tmpl_hh_content ol li b,\n.tmpl_hh_content ol li strong,\n.tmpl_hh_content ol li p b,\n.tmpl_hh_content ol li p strong,\n.tmpl_hh_content ul li b,\n.tmpl_hh_content ul li strong,\n.tmpl_hh_content ul li p b,\n.tmpl_hh_content ul li p strong {\n    font-weight: normal;\n    font-size: inherit !important;\n    color: inherit !important;\n    margin: 0 !important;\n    text-transform: none;\n    line-height: inherit;\n}\n\n.tmpl_hh_content ol li p,\n.tmpl_hh_content ul li p {\n    font-weight: normal;\n    margin: 0;\n}\n\n.tmpl_hh_content p b,\n.tmpl_hh_content p strong {\n    margin: 0 0 0;\n}\n\n.tmpl_hh_wrapper {\n    width: 100%;\n    margin: 0 auto;\n    max-width: 690px;\n    position: relative;\n    word-break: normal;\n    color: #000000;\n    overflow: hidden;\n    font-family: 'Arial';\n    font-size: 14px;\n    line-height: 19px;\n}\n\n.tmpl_hh_wrapper img {\n    width: 100%;\n    display: block;\n}\n\n.tmpl_hh_content {\n    padding: 0px 60px 47px;\n    position: relative;\n    z-index: 1;\n}\n\n.tmpl_hh_content:before {\n    content: \"\";\n    background-image: -moz-linear-gradient( 90deg, rgba(11,0,232,0) 0%, rgb(11,0,232) 100%);\n    background-image: -webkit-linear-gradient( 90deg, rgba(11,0,232,0) 0%, rgb(11,0,232) 100%);\n    background-image: -ms-linear-gradient( 90deg, rgba(11,0,232,0) 0%, rgb(11,0,232) 100%);\n    height: 470px;\n    width: 100%;\n    position: absolute;\n    left: 0;\n    top: 0;\n    z-index: -1;\n}\n\n.tmpl_hh_content p:first-child,\n.tmpl_hh_content>strong:first-child,\n.tmpl_hh_content div>strong:first-child {\n    margin-top: 0 !important;\n}\n\n.tmpl_hh_content p,\n.tmpl_hh_content b,\n.tmpl_hh_content strong {\n   margin: 24px 0 9px;\n}\n\n.tmpl_hh_content b, \n.tmpl_hh_content strong {\n    display: inline-block;\n    font-weight: bold;\n}\n\n.tmpl_hh_content ol, \n.tmpl_hh_content ul {\n    margin-left: 13px;\n    list-style: none !important;\n}\n\n.tmpl_hh_content ol {\n    counter-reset: list_counter;\n}\n\n.tmpl_hh_content li {\n    position: relative;\n    margin-bottom: 8px;\n}\n\n.tmpl_hh_content ul ul,\n.tmpl_hh_content ul ol,\n.tmpl_hh_content ol ol,\n.tmpl_hh_content ol ul {\n    margin-top: 8px;\n}\n\n.tmpl_hh_content ol>li {\n    counter-increment: list_counter;    \n}\n\n.tmpl_hh_content li:before {\n    position: absolute;\n    left: -13px;\n    top: 0;\n}\n\n.tmpl_hh_content ul>li:before {\n    content: \"-\";\n}\n\n.tmpl_hh_content ol>li:before {\n    content: counter(list_counter)'.';\n    left: auto;\n    right: 100%;\n    margin-right: 2px;\n}\n\n.tmpl_hh_flex {\n    display: -webkit-box;\n    display: -ms-flexbox;\n    display: flex;\n    -webkit-box-pack: justify;\n    -ms-flex-pack: justify;\n    justify-content: space-between;\n    -ms-flex-wrap: wrap;\n    flex-wrap: wrap;\n}\n\n.tmpl_hh_header {\n    position: relative;\n}\n\n.tmpl_hh_video {\n    position: relative;\n    width: 100%;\n    padding-bottom: 56.2%;\n    margin: 0 auto 0;\n}\n\n.tmpl_hh_video img,\n.tmpl_hh_video iframe {\n    position: absolute;\n    left: 0;\n    top: 0;\n    width: 100%;\n    height: 100%;\n}\n\np.tmpl_hh_content__text b {\n    font-size: 29px;\n    line-height: 27px;\n}\n\np.tmpl_hh_content__text {\n    margin: 0px 0 19px;\n    color: #f5c6e4;\n}\n\n.tmpl_hh_content__textBlock {\n    margin-bottom: 51px;\n}\n\n@media screen and (max-width: 699px) {\n    .tmpl_hh_content {\n        padding: 0px 20px 27px;\n        margin: -2px 0 0;\n    }\n\n    .tmpl_hh_content__textBlock {\n        margin-bottom: 30px;\n    }\n\n    .tmpl_hh_content:before {\n          background-image: -moz-linear-gradient( 90deg, rgba(11,0,232,0) 0%, rgb(11,0,232) 100%);\n          background-image: -webkit-linear-gradient( 90deg, rgba(11,0,232,0) 0%, rgb(11,0,232) 100%);\n          background-image: -ms-linear-gradient( 90deg, rgba(11,0,232,0) 0%, rgb(11,0,232) 100%);\n          height: 780px;\n    }\n\n\n\n</style>\n\n\n<div class=\"tmpl_hh_wrapper\">\n    <div class=\"tmpl_hh_header\">\n        <img class=\"tmpl_hh_header__background\" src=\"https://hhcdn.ru/ichameleon/168299.gif\" alt=\"\">\n    </div>\n    <div class=\"tmpl_hh_content\">\n        <div class=\"tmpl_hh_content__textBlock\">\n            <p class=\"tmpl_hh_content__text\"><b>DataSakura</b></p>\n            <p class=\"tmpl_hh_content__text\">We are engaged in outsourcing development and support of well-known mobile games from the Zeptolab and Halfbrick studios.<br>\nOur mission is to provide outsource development services that would feel like high-quality in-house work.</p>\n            <p class=\"tmpl_hh_content__text\">We have very high mark for the quality of our work, and believe it is our core competency and competitive advantage.<br> Focus on communications with partners. We believe effective communications between partners is a key to successful outsource development.<br> Constant improvement. We are constantly looking to improve our processes and practices to become more effective and give more value to our partners.</p>\n        </div>\n       <p>In partnership with a Tier-1 Silicon Valley-based company, Datasakura is proud to participate in the development of an autonomous mobility project. Our company is responsible for the project's simulation and infrastructural components and an internal command center suite. The project consists of several vital elements, involving an AWS-based infrastructure, databases, numerous back-end, and front-end components. Our goal is to replicate the AI stack' behaviour in a cloud, collect statistics and metrics, and represent this data in a meaningful format. Besides that, we are developing a novel command center for remote robot management and visualisation. The solution will be tightly integrated with AI and hardware components.</p> <p>‍</p> <p>‍<strong>The current system includes:</strong></p> <ul> <li>an Unreal Engine-based 3d simulator (C++)</li> <li>a server application managing the lifecycle of the simulation suite (Python/Java)</li> <li>a client application to manage missions of the robots; both physical and simulated (Cordova/Vue)</li> <li>a command server to control physical robots (Java / Springboot)</li> <li>a cloud infrastructure (AWS)</li> </ul> <p>‍</p> <p><strong>The upcoming components of the system:</strong></p> <ul> <li>a DB solution to store results of simulations</li> <li>a remote visual data transfer system</li> <li>an Augmented Reality part of the client application</li> <li>a 3d client to control the modeled environment</li> </ul> <p>‍</p> <p><strong>The current stack (it is evolving as we go, so absolutely not set in stone):</strong></p> <ul> <li>C++</li> <li>Python</li> <li>Java/Kotlin</li> <li>Vue.JS / Javascript</li> <li>Apache Cordova</li> <li>PostgreSQL, Mongo.DB, Elasticsearch</li> </ul> <p>As the remote mobility industry is only emerging, there are no industry standards for any part of the system. While considering some third-party nodes and elements for the simulation suite, you will most likely have to implement the rest. Please think that initially, 30% of your time you’ll have to adapt some existing solutions and implement new systems from scratch for 70% of your time.</p> <p>‍</p> <p><strong>Essential requirements:</strong></p> <ul> <li>Bachelors+ degree in the field of computer science is a hard requirement</li> <li>1,5+ years experience with Java or Kotlin or C++</li> <li>Exceptional knowledge of algorithms and data structures. An ability to produce robust code quickly.</li> <li>A self-management ability (planning, commitment to deadlines, and punctuality)</li> </ul> <p>‍</p> <p><strong>Desirable requirements:</strong></p> <ul> <li>Good understanding of database theory (SQL/NoSQL)</li> <li>Knowledge of at least one modern reactive web framework</li> <li>Practical experience with TDD and testing methodologies</li> <li>Practical experience with CI/CD/automatic versioning/auto-documentation systems</li> <li>Experience with working in modern Agile project management environments</li> </ul> <p> </p> <p><strong>Conditions</strong></p> <ul> <li> <p>Full time remote work (home office)</p> </li> <li> <p>Compensation to be discussed individually depending on level and skills, fixed and paid in USD</p> </li> <li> <p>Fixed hours (we believe in work and life balance)</p> </li> <li> <p>Official contract with the Cyprus company</p> </li> <li> <p>Paid vacations 20 days per annum</p> </li> <li> <p>Paid professional courses (+ online English group lessons with native speaker)</p> </li> <li> <p>Co-working rent and equipment compensation program</p> </li> <li> <p>Small and friendly agile teams</p> </li> </ul> <p> </p> <p>Please note that portfolio and a video interview are our normal parts of the recruiting process.</p></div>\n    <div class=\"tmpl_hh_video\">\n        <iframe width=\"966\" height=\"543\" src=\"https://www.youtube.com/embed/H6fzWmbMwhw?rel=0\" frameborder=\"0\" allow=\"accelerometer; autoplay; encrypted-media; gyroscope; picture-in-picture\" allowfullscreen=\"allowfullscreen\"><!-- --></iframe>\n    </div>\n</div>\n\n","vacancy_constructor_template":null,"key_skills":[{"name":"Java"},{"name":"SQL"},{"name":"PostgreSQL"},{"name":"MongoDB"},{"name":"C++"},{"name":"Kotlin"},{"name":"Python"}],"accept_handicapped":true,"accept_kids":false,"archived":false,"response_url":null,"specializations":[{"id":"1.221","name":"Программирование, Разработка","profarea_id":"1","profarea_name":"Информационные технологии, интернет, телеком"}],"code":null,"hidden":false,"quick_responses_allowed":false,"driver_license_types":[],"accept_incomplete_resumes":false,"employer":{"id":"3481573","name":"DATASAKURA","url":"https://api.hh.ru/employers/3481573?host=hh.ru","alternate_url":"https://hh.ru/employer/3481573","logo_urls":{"240":"https://hhcdn.ru/employer-logo/3469530.png","90":"https://hhcdn.ru/employer-logo/3469529.png","original":"https://hhcdn.ru/employer-logo-original/757143.png"},"vacancies_url":"https://api.hh.ru/vacancies?employer_id=3481573&host=hh.ru","trusted":true},"published_at":"2021-06-13T11:55:33+0300","created_at":"2021-06-13T11:55:33+0300","negotiations_url":null,"suitable_resumes_url":null,"apply_alternate_url":"https://hh.ru/applicant/vacancy_response?vacancyId=44742926","has_test":false,"test":null,"alternate_url":"https://hh.ru/vacancy/44742926","working_days":[],"working_time_intervals":[],"working_time_modes":[],"accept_temporary":false}