{"id":"44762638","premium":false,"billing_type":{"id":"standard_plus","name":"Стандарт плюс"},"relations":[],"name":"Senior Java/Kotlin Backend Developer","insider_interview":null,"response_letter_required":false,"area":{"id":"1","name":"Москва","url":"https://api.hh.ru/areas/1?host=hh.ru"},"salary":{"from":250000,"to":350000,"currency":"RUR","gross":false},"type":{"id":"open","name":"Открытая"},"address":null,"allow_messages":true,"site":{"id":"hh","name":"hh.ru"},"experience":{"id":"moreThan6","name":"Более 6 лет"},"schedule":{"id":"remote","name":"Удаленная работа"},"employment":{"id":"full","name":"Полная занятость"},"department":null,"contacts":null,"description":"<p>Привет! Мы, Mobigility Inc — международная команда разработчиков с главным офисом в Нью-Йорке. В нашей команде разработчики из США, Италии, России, Беларуси, Украины. Работаем полностью удалённо. В данный момент ведём разработку AR-платформы и готовы предложить долгосрочный контракт от 1 года. Гибкий график работы.</p> <p><strong>О проекте</strong></p> <p>AR-платформа состоит из суперапп (под iOS и Android) и веб-сервиса, позволяющего сторонним разработчикам создавать и запускать свои мини-AR-приложения внутри суперапп. AR-платформа имеет своё API и свой скрипт. На данный момент платформа уже работает в режиме бета-тестирования, а в числе её клиентов уже есть крупные компании и независимые разработчики-партнёры, решившие пораньше освоить платформу и брать заказы на разработку AR-приложений. Таким образом, архитектура и ядро платформы уже создано и дальше необходимо наращивать функционал.</p> <p><strong>Что нужно делать</strong></p> <p>Развивать бэкэндовую часть платформы, отвечающую за исполнение серверных скриптов (которые пишут сторонние разработчики) и коммуникацию с мобильным приложением (суперапп).</p> <p><strong>Требования</strong></p> <ul> <li>Опыт разработки на Java от 7 лет</li> <li>Опыт разработки на Kotlin от 3 лет</li> <li>Опыт и понимание принципов контейнеризации с применением Docker</li> <li>Опыт работы с Gradle / Maven</li> <li>Опыт разработки высоконагруженных распределённых веб-проектов в качестве архитектора</li> </ul> <p><strong>Будет плюсом</strong></p> <ul> <li>Знание MongoDB</li> <li>Опыт использования Artifactory (или подобных систем)</li> <li>Опыт написания Gradle плагинов (в т.ч. на Groovy)</li> <li>Опыт разработки библиотек под JVM</li> <li>Опыт настройки CI/CD (Jenkins, TeamCity, Bitbucket pipelines)</li> </ul> <p><strong>Условия</strong></p> <ul> <li>Удаленная работа в русскоязычной команде разработчиков</li> <li>Полный рабочий день и гибкий график</li> <li>Стабильность и официальное оформление по ТК РФ или работа с ИП</li> <li>Белая заработная плата, уровень оклада согласовывается по результатам собеседования</li> </ul>","branded_description":null,"vacancy_constructor_template":null,"key_skills":[{"name":"Java"},{"name":"Kotlin"},{"name":"Gradle"},{"name":"Docker"},{"name":"MongoDB"}],"accept_handicapped":false,"accept_kids":false,"archived":false,"response_url":null,"specializations":[{"id":"1.221","name":"Программирование, Разработка","profarea_id":"1","profarea_name":"Информационные технологии, интернет, телеком"},{"id":"1.474","name":"Стартапы","profarea_id":"1","profarea_name":"Информационные технологии, интернет, телеком"}],"code":null,"hidden":false,"quick_responses_allowed":false,"driver_license_types":[],"accept_incomplete_resumes":true,"employer":{"id":"5076748","name":"Mobigility Inc.","url":"https://api.hh.ru/employers/5076748?host=hh.ru","alternate_url":"https://hh.ru/employer/5076748","logo_urls":{"original":"https://hhcdn.ru/employer-logo-original/799654.png","90":"https://hhcdn.ru/employer-logo/3639503.png","240":"https://hhcdn.ru/employer-logo/3639504.png"},"vacancies_url":"https://api.hh.ru/vacancies?employer_id=5076748&host=hh.ru","trusted":true},"published_at":"2021-06-13T20:27:37+0300","created_at":"2021-06-13T20:27:37+0300","negotiations_url":null,"suitable_resumes_url":null,"apply_alternate_url":"https://hh.ru/applicant/vacancy_response?vacancyId=44762638","has_test":false,"test":null,"alternate_url":"https://hh.ru/vacancy/44762638","working_days":[],"working_time_intervals":[],"working_time_modes":[],"accept_temporary":true}