{"id":"44773969","premium":false,"billing_type":{"id":"standard_plus","name":"Стандарт плюс"},"relations":[],"name":"Backend Senior/Lead - разработчик","insider_interview":null,"response_letter_required":false,"area":{"id":"1","name":"Москва","url":"https://api.hh.ru/areas/1?host=hh.ru"},"salary":null,"type":{"id":"open","name":"Открытая"},"address":{"city":"Москва","street":"Столешников переулок","building":"10с3","description":null,"lat":55.76248,"lng":37.614473,"raw":"Москва, Столешников переулок, 10с3","metro":{"station_name":"Охотный ряд","line_name":"Сокольническая","station_id":"1.98","line_id":"1","lat":55.757228,"lng":37.615078},"metro_stations":[{"station_name":"Охотный ряд","line_name":"Сокольническая","station_id":"1.98","line_id":"1","lat":55.757228,"lng":37.615078}]},"allow_messages":true,"site":{"id":"hh","name":"hh.ru"},"experience":{"id":"noExperience","name":"Нет опыта"},"schedule":{"id":"fullDay","name":"Полный день"},"employment":{"id":"full","name":"Полная занятость"},"department":null,"contacts":null,"description":"<p><strong>AstraLab</strong> - одна из самых инновационных компаний российского рекламного рынка. Мы первые в России и четвертые в мире научились интегрировать рекламу в фото на базе компьютерного зрения.</p> <p>У нас есть собственная технология AstraVision: компьютерное зрение + обработка языка и текстов. С 2018 года мы работаем с клиентами по всему миру и брендами (Audi, Lexus, Honda, Pepsi, Nestle, Red Bull, Asus, P&amp;G, Schwarzkopf и др.).</p> <p><strong>AstraLab</strong> предоставляет хорошие возможности для карьерного и личностного роста. Сейчас мы находимся на новой стадии взрывного развития, поэтому мы в поиске компетентных специалистов, желающих развиваться вместе с нами!</p> <p><strong>Обязанности:</strong></p> <ul> <li>Разработка и поддержка backend приложений на Python (Flask);</li> <li>Развитие существующей архитектуры проекта;</li> <li>Разработка нового функционала и сервисов;</li> <li>Поддержка и развитие команды разработки;</li> <li>Разработка и поддержка технической инфраструктуры на Amazon Lightsail / AWS;</li> <li>Мониторинг работы инфраструктуры, анализ производительности, доступности и емкости;</li> <li>Пилотирование и внедрение технологий автоматизации инфраструктуры и процессов CI/CD.</li> </ul> <p><strong>Ожидания:</strong></p> <ul> <li>Отличные знания языка Python, умение писать поддерживаемый, читаемый и тестируемый код;</li> <li>Знание алгоритмов и структур данных;</li> <li>Умение и желание писать unit тесты на свой код;</li> <li>Опыт работы с web фреймворками (Flask, Django и др.);</li> <li>Опыт работы с PostgreSQL, MongoDB, Aerospike, ClickHouse;</li> <li>Опыт работы с инструментами: Gitlab, TeamCity, AWS, Amazon Lightsail;</li> <li>Опыт администрирования Linux (UbuntuOS) на корпоративном уровне;</li> <li>Навыки работы с Git;</li> <li>Опыт работы в команде с методологией Agile или Scrum.</li> </ul> <p><strong>Плюсом будет:</strong></p> <ul> <li>Умение разбираться в чужом коде;</li> <li>Опыт работы с high load и big data;</li> <li>Базовое понимание основ ML и Computer Vision;</li> <li>Опыт работы с системой управления контейнерами Kubernetes/Docker;</li> <li>Инициативность и приверженность к самосовершенствованию.</li> </ul> <p><strong>Бонусы:</strong></p> <ul> <li><strong>Дружная молодая команда и лёгкая коммуникация</strong>: мы не придерживаемся иерархии в управлении продуктом, ценим открытое командное взаимодействие, общаемся и дружим вне работы;</li> <li> <p><strong>Адаптация с наставником: </strong>на самом старте в комфортном режиме поможем адаптироваться по продуктам и процессам внутри компании;</p> </li> <li><strong>Интересные задачи в передовых продуктах</strong>: наши продукты являются передовыми на рынке, поэтому перед командой разработки часто ставятся сложные задачи, требующие неординарного подхода;</li> <li><strong>Акцент на качестве кода и производительности: </strong>мы считаем, что залог эффективности продукта — качественный код, поэтому используем методику гибкого код ревью;</li> <li><strong>Обучение и развитие: </strong>мы проводим семинары и курсы внутри компании для развития hard и soft skills сотрудников;</li> <li><strong>Профессиональный рост и реализация идей: </strong>мы поощряем инициативу в команде и помогаем в развитии навыков и идей;</li> </ul> <p>А ещё:</p> <ul> <li><strong>Удобный график: </strong>с понедельника по пятницу, гибкие начало и окончание рабочего дня;</li> <li><strong>Классный и комфортный офис</strong> в самом центре;</li> <li><strong>Возможна удаленная работа:</strong> мы имеем большой опыт работы с удаленными сотрудниками, общаемся, планируем и созваниваемся онлайн;</li> <li><strong>Оформление</strong>: мы соблюдаем трудовое законодательство, официально оформляем на работу и предоставляем все гарантии по ТК РФ (отпуск, больничные и т.п.).</li> </ul>","branded_description":null,"vacancy_constructor_template":null,"key_skills":[{"name":"Python"},{"name":"MongoDB"},{"name":"Git"},{"name":"Django Framework"},{"name":"PostgreSQL"}],"accept_handicapped":false,"accept_kids":false,"archived":false,"response_url":null,"specializations":[{"id":"1.221","name":"Программирование, Разработка","profarea_id":"1","profarea_name":"Информационные технологии, интернет, телеком"},{"id":"1.3","name":"CTO, CIO, Директор по IT","profarea_id":"1","profarea_name":"Информационные технологии, интернет, телеком"}],"code":null,"hidden":false,"quick_responses_allowed":false,"driver_license_types":[],"accept_incomplete_resumes":false,"employer":{"id":"3676881","name":"AstraLab","url":"https://api.hh.ru/employers/3676881?host=hh.ru","alternate_url":"https://hh.ru/employer/3676881","logo_urls":{"90":"https://hhcdn.ru/employer-logo/3754343.png","240":"https://hhcdn.ru/employer-logo/3754344.png","original":"https://hhcdn.ru/employer-logo-original/828365.png"},"vacancies_url":"https://api.hh.ru/vacancies?employer_id=3676881&host=hh.ru","trusted":true},"published_at":"2021-06-11T11:09:31+0300","created_at":"2021-06-11T11:09:31+0300","negotiations_url":null,"suitable_resumes_url":null,"apply_alternate_url":"https://hh.ru/applicant/vacancy_response?vacancyId=44773969","has_test":false,"test":null,"alternate_url":"https://hh.ru/vacancy/44773969","working_days":[],"working_time_intervals":[],"working_time_modes":[],"accept_temporary":false}