{"id":"44786539","premium":false,"billing_type":{"id":"standard_plus","name":"Стандарт плюс"},"relations":[],"name":"Senior Backend Developer","insider_interview":null,"response_letter_required":false,"area":{"id":"1","name":"Москва","url":"https://api.hh.ru/areas/1?host=hh.ru"},"salary":null,"type":{"id":"open","name":"Открытая"},"address":null,"allow_messages":true,"site":{"id":"hh","name":"hh.ru"},"experience":{"id":"between3And6","name":"От 3 до 6 лет"},"schedule":{"id":"remote","name":"Удаленная работа"},"employment":{"id":"full","name":"Полная занятость"},"department":null,"contacts":null,"description":"<p><strong>Разрабатываем и внедряем цифровые решения по направлениям</strong>:</p> <ul> <li> <p>Сервисы для взаимодействия с контролирующими органами;</p> </li> <li> <p>Электронный документооборот;</p> </li> <li> <p>Информатизация медицины;</p> </li> <li> <p>Высоконагруженные информационные системы;</p> </li> <li> <p>Решения на базе технологий искусственного интеллекта и больших данных.</p> </li> </ul> <p><strong>Особенности проектов нашей компании</strong>:</p> <ul> <li> <p>Проекты разрабатываются на платформе .NET Core с контейнеризацией в Docker;</p> </li> <li> <p>Сервисы проектируются с расчетом на высокую нагрузку, отказоустойчивость и возможности гибкого вертикального и горизонтального масштабирования;</p> </li> <li> <p>Используем микросервисную архитектуру, Clean Architecture, CQRS, DDD;</p> </li> <li> <p>Работаем с инструментами RabbitMQ, Kafka, gRPC, Centrifugo, СУБД PostgreSQL и MongoDB, Redis, применяем оркестратор Kubernetes;</p> </li> <li> <p>Полностью автоматизированные процессы CI/CD;</p> </li> <li> <p>Используем гибкие методологии разработки.</p> </li> </ul> <p><strong>Ищем кандидата, который</strong>:</p> <ul> <li> <p>Обладает хорошими теоретическими и практическими знаниями C#;</p> </li> <li> <p>Имеет опыт разработки и проектирования backend-сервисов;</p> </li> <li> <p>Понимает основные архитектурные подходы и принципы;</p> </li> <li> <p>Знает SQL и основы работы СУБД;</p> </li> <li> <p>Интересуется развитием платформы .NET и смежных технологий.</p> </li> </ul> <p><strong>Приветствуется</strong>:</p> <ul> <li> <p>Наличие собственных проектов и участие в open-source проектах;</p> </li> <li> <p>Опыт проектирования масштабируемых высоконагруженных систем;</p> </li> <li> <p>Опыт работы с криптографией.</p> </li> </ul> <p><strong>Преимущества работы в компании</strong>:</p> <ul> <li>Официальное трудоустройство и полностью белая заработная плата на уровне рынка (обсуждается с успешными кандидатами индивидуально);</li> <li>Квартальные и годовые бонусы;</li> <li>Гибкое начало рабочего дня;</li> <li>ДМС со стоматологией с первого месяца работы;</li> <li>Корпоративные скидки на изучение английского языка;</li> <li>Работа в офисе (Москва, Санкт-Петербург, Калуга) или удаленно из любой точки мира;</li> <li>Корпоративное бесплатное обучение, повышение квалификации, посещение профильных ивентов за счёт компании;</li> <li>Нашим сотрудникам предоставляется возможность выступать в качестве спикеров на отраслевых и IT-конференциях;</li> <li>Корпоративная культура и регулярные неформальные мероприятия помогут быстро влиться в команду и не дадут заскучать в нерабочее время;</li> <li>В офисе всегда доступны чай, кофе, снэки и печеньки, а также доброжелательные коллеги и понимающее руководство :)</li> </ul> <p><strong>Условия работы</strong>:</p> <ul> <li> <p>Итоговая зарплата по результатам собеседования;</p> </li> <li> <p>Официальное оформление, выплата зарплаты — 2 раза в месяц;</p> </li> <li> <p>Удалённая работа.</p> </li> </ul>","branded_description":null,"vacancy_constructor_template":null,"key_skills":[{"name":"DDD"},{"name":"SOLID"},{"name":".NETCore"},{"name":"Docker"},{"name":"CI/CD"},{"name":"PostgreSQL"}],"accept_handicapped":false,"accept_kids":false,"archived":false,"response_url":null,"specializations":[{"id":"1.221","name":"Программирование, Разработка","profarea_id":"1","profarea_name":"Информационные технологии, интернет, телеком"}],"code":null,"hidden":false,"quick_responses_allowed":false,"driver_license_types":[],"accept_incomplete_resumes":false,"employer":{"id":"5428084","name":"A Soft","url":"https://api.hh.ru/employers/5428084?host=hh.ru","alternate_url":"https://hh.ru/employer/5428084","logo_urls":{"original":"https://hhcdn.ru/employer-logo-original/850594.png","240":"https://hhcdn.ru/employer-logo/3843252.png","90":"https://hhcdn.ru/employer-logo/3843251.png"},"vacancies_url":"https://api.hh.ru/vacancies?employer_id=5428084&host=hh.ru","trusted":true},"published_at":"2021-06-11T15:55:16+0300","created_at":"2021-06-11T15:55:16+0300","negotiations_url":null,"suitable_resumes_url":null,"apply_alternate_url":"https://hh.ru/applicant/vacancy_response?vacancyId=44786539","has_test":false,"test":null,"alternate_url":"https://hh.ru/vacancy/44786539","working_days":[],"working_time_intervals":[],"working_time_modes":[],"accept_temporary":false}