{"id":"44791123","premium":false,"billing_type":{"id":"standard_plus","name":"Стандарт плюс"},"relations":[],"name":"Middle / Senior Backend developer (.Net)","insider_interview":null,"response_letter_required":false,"area":{"id":"1","name":"Москва","url":"https://api.hh.ru/areas/1?host=hh.ru"},"salary":null,"type":{"id":"open","name":"Открытая"},"address":{"city":"Москва","street":"Большая Новодмитровская улица","building":"36с12","description":null,"lat":55.80442,"lng":37.586212,"raw":"Москва, Большая Новодмитровская улица, 36с12","metro":{"station_name":"Дмитровская","line_name":"Серпуховско-Тимирязевская","station_id":"9.35","line_id":"9","lat":55.808056,"lng":37.581734},"metro_stations":[{"station_name":"Дмитровская","line_name":"Серпуховско-Тимирязевская","station_id":"9.35","line_id":"9","lat":55.808056,"lng":37.581734}]},"allow_messages":true,"site":{"id":"hh","name":"hh.ru"},"experience":{"id":"between3And6","name":"От 3 до 6 лет"},"schedule":{"id":"remote","name":"Удаленная работа"},"employment":{"id":"full","name":"Полная занятость"},"department":null,"contacts":null,"description":"<p>ApprovalMax компания разрабатывающая облачные сервисы для нужд автоматизации финансовых и бухгалтерских систем. У нас распределенная команда профессионалов: мы работаем из Германии, Великобритании и России. Наши клиенты находятся по всему миру в англоговорящих странах.</p> <p>Компания успешно развивается и является быстро растущим B2B бизнесом. В рамках стратегии развития продуктовой команды мы ищем Senior backend developer в отдел разработки.</p> <p><strong>Основные задачи:</strong></p> <ul> <li>Работа над архитектурой (в составе команды);</li> <li>Разработка нового функционала (бэкэнд);</li> <li>Рефакторинг старого кода (при необходимости);</li> <li>Поддержка среды;</li> <li>Исправление дефектов;</li> <li>Взаимодействие с продакт менеджерами и техподдержкой по вопросам предоставления информации о функционале и поддержки продукта.</li> </ul> <p><strong>Основные требования </strong>(главное не обладать знанием всего перечисленного, а желание изучить и работать с указанным стэком)<strong>:</strong></p> <ul> <li> <p>Опыт разработки облачных решений;</p> </li> <li> <p>Понимание: OOP, <strong>DDD</strong>, Microservices, stateless/serverless;</p> </li> <li> <p>Опыт работы в качестве .Net разработчика от 3-х лет;</p> </li> <li> <p>Знание и/или желание быстро освоить наш основной стэк технологий: <strong>C# 8</strong>, <strong>.net Core 3.1</strong>, WebAPI, DI (Autofac), <strong>Azure stack</strong>: Queues, App Services, App Functions/Web jobs. Cosmos/MongoDB, MSSQL, EF Core;</p> </li> <li> <p>Умение и желание писать надежный, высокоэффективный, масштабируемый код (наша клиентская база постоянно растет);</p> </li> <li> <p>Знание frontend стэка было бы плюсом: single page applications, react, react-redux, TypeScript;</p> </li> <li> <p>Опыт работы с инструментами и принятие философии &quot;continuous delivery &quot; (build systems TeamCity/Octopus, incident tracking, auto tests, logging/monitoring/alerts, etc.);</p> </li> <li> <p>Умение работать в команде, самостоятельность, внимание к деталям;</p> </li> <li> <p>Знание письменного английского (вся бизнес переписка происходит на английском языке).</p> </li> </ul> <p><strong>Что мы приготовили для Вас:</strong></p> <p>Мы прибыльная стабильно развивающаяся компания. Мы разделяем ценности сбалансированной работы и инвестируем в развитие своих сотрудников.</p> <p>Мы предлагаем:</p> <ul> <li> <p>успешный международный проект, сумевший выстроить бизнес-процесс таким образом, чтобы на него по максимуму не оказывали особого влияния внешние факторы;</p> </li> <li> <p>стабильно выплачиваемую рыночную компенсацию;</p> </li> <li> <p>мы иностранная компания, поэтому предлагаем не трудовые отношения, а трудовое партнерство. Это подразумевает, что мы заключаем договор с Вами как с индивидуальным предпринимателем. Это укладывается в рамки российского законодательства, а также позволяет Вам выполнять работу из любой точки мира;</p> </li> <li> <p>удаленный формат работы. Нам все равно откуда Вы будете выполнять задачи и коммуницировать. Важно только качество и доступность в определенные часы. Для тех, у кого нет возможности работать из дома или важно социальное общение вживую, мы всегда Вам рады в нашем co-working офисе Flacon (м. Дмитровская).</p> </li> <li> <p>28 дней отпуска;</p> </li> <li> <p>10 рабочих дней 100% оплачиваемых больничных дней в году.</p> </li> </ul>","branded_description":null,"vacancy_constructor_template":null,"key_skills":[{"name":"ООП"},{"name":"C#"},{"name":"DDD"},{"name":".NET CORE"},{"name":"azure"},{"name":"backend"}],"accept_handicapped":false,"accept_kids":false,"archived":false,"response_url":null,"specializations":[{"id":"1.221","name":"Программирование, Разработка","profarea_id":"1","profarea_name":"Информационные технологии, интернет, телеком"}],"code":null,"hidden":false,"quick_responses_allowed":false,"driver_license_types":[],"accept_incomplete_resumes":false,"employer":{"id":"3135379","name":"ApprovalMax","url":"https://api.hh.ru/employers/3135379?host=hh.ru","alternate_url":"https://hh.ru/employer/3135379","logo_urls":{"240":"https://hhcdn.ru/employer-logo/2345937.png","90":"https://hhcdn.ru/employer-logo/2345936.png","original":"https://hhcdn.ru/employer-logo-original/476021.png"},"vacancies_url":"https://api.hh.ru/vacancies?employer_id=3135379&host=hh.ru","trusted":true},"published_at":"2021-06-11T17:55:44+0300","created_at":"2021-06-11T17:55:44+0300","negotiations_url":null,"suitable_resumes_url":null,"apply_alternate_url":"https://hh.ru/applicant/vacancy_response?vacancyId=44791123","has_test":false,"test":null,"alternate_url":"https://hh.ru/vacancy/44791123","working_days":[],"working_time_intervals":[],"working_time_modes":[],"accept_temporary":false}