{"id":"44797560","premium":false,"billing_type":{"id":"standard_plus","name":"Стандарт плюс"},"relations":[],"name":"Senior backend PHP developer / PHP разработчик","insider_interview":null,"response_letter_required":false,"area":{"id":"1","name":"Москва","url":"https://api.hh.ru/areas/1?host=hh.ru"},"salary":{"from":2000,"to":3500,"currency":"USD","gross":true},"type":{"id":"open","name":"Открытая"},"address":null,"allow_messages":true,"site":{"id":"hh","name":"hh.ru"},"experience":{"id":"between3And6","name":"От 3 до 6 лет"},"schedule":{"id":"remote","name":"Удаленная работа"},"employment":{"id":"full","name":"Полная занятость"},"department":null,"contacts":null,"description":"<p>Hostaway - наиболее быстро развивающийся SaaS стартап в индустрии аренды недвижимости. Наши продукты предоставляют уникальный сервис для собственников жилья, а также управляющих недвижимостью. Мы работаем с крупнейшими тревел-порталами такими как Airbnb, Booking.com, Expedia и другими лидерами индустрии. Наши сотрудники находятся в Барселоне, Торонто, Хельсинки, Киеве и по всей России. Вы можете работать удаленно или переехать в любой из этих городов и работать из нашего офиса.</p> <p><strong>Обязанности</strong></p> <p>Мы ищем php-разработчика, который предан своему делу, пишет качественный код и следует современным практикам и стандартам. Вашей задачей будет разработка и поддержка масштабируемой платформы, которая приносит пользу реальным клиентам. Вы можете стать частью команды, которая ответственна за все стадии разработки и поддержки ПО, начиная с первичной спецификации, дизайна, программирования и тестирования, до развертывания и мониторинга.</p> <p><strong>Требования</strong></p> <ul> <li>знание английского на разговорном и письменном уровне достаточном для понимания вами и вас (идеального английского не требуется), коммуникабельность</li> <li>опыт работы с PHP 7.2+, MySQL и git не менее 4 лет</li> <li>хорошее понимание ООП, знание основных шаблонов программирования, PHP-FIG PSR стандартов и Composer</li> <li>уверенное знание Linux</li> <li>опыт дизайна и разработки RESTful web API</li> <li>agile-мышление, опыт в написании юнит- и интеграционных тестов</li> <li>способность к быстрому обучению, открытость к переменам и ориентированность на клиента</li> </ul> <p><strong>Условия</strong></p> <ul> <li>гибкий рабочий график</li> <li>100% удалённая работа, полный рабочий день</li> <li>международная команда мирового класса, состоящая из разработчиков, аналитиков, системных администраторов и отраслевых экспертов</li> <li>минимум бюрократии и возможности роста</li> </ul> <p>Мы не заинтересованы в работе с агентствами. Если вы агентство, пожалуйста, не откликайтесь.</p> <p> </p> <p>-----------------------------------------------------------------------------------------------------------------------------------------</p> <p> </p> <p>Hostaway is the fastest-growing global SaaS start-up in the vacation rentals industry. Our products provide the best and most cost-effective solutions for property managers and vacation rental owners. Our major partners include Airbnb, Booking.com, Expedia, and several other leaders in the industry. We have team members in Barcelona, Toronto, Helsinki, Kiev, and around Russia. You can work remotely or move to any of those cities and work in our offices.</p> <p><strong>Responsibilities</strong></p> <p>We are looking for a PHP developer who is dedicated, writes high-quality code and follows best practices and standards, in order to build a scalable platform that produces value for our customers. You will be a part of a team that is responsible for all phases of the ongoing software development from the initial specification, through to design, development, testing, deployment, and monitoring.</p> <p><strong>Requirements</strong></p> <ul> <li> <p>English-language skills to be able to understand tasks and to communicate with other teams</p> </li> <li>4+ years experience in backend development with PHP 7.2+ and MySQL and git</li> <li>Strong OOP in PHP, knowledge of common design patterns, PHP-FIG PSR standards and Composer dependency manager</li> <li>Strong skills in Linux</li> <li>Experience in working and designing RESTful web APIs</li> <li>Having an Agile mindset, with experience in writing Unit Tests and Integration Tests</li> <li>Being a fast learner, open to changes, and having a customer-centric attitude</li> </ul> <p><strong>Working conditions</strong></p> <ul> <li>Flexible working hours</li> <li>Full-time remote job</li> <li>International &amp; diverse world-class team of engineers, entrepreneurs, industry experts, and more</li> <li>Minimum bureaucracy and growth opportunities</li> </ul> <p>Currently, we are only working with individuals so if you are an agency, please do not apply.</p>","branded_description":null,"vacancy_constructor_template":null,"key_skills":[{"name":"PHP"},{"name":"MySQL"},{"name":"Linux"},{"name":"Git"},{"name":"Design Patterns"},{"name":"Unit Testing"}],"accept_handicapped":true,"accept_kids":false,"archived":false,"response_url":null,"specializations":[{"id":"1.221","name":"Программирование, Разработка","profarea_id":"1","profarea_name":"Информационные технологии, интернет, телеком"},{"id":"1.272","name":"Системная интеграция","profarea_id":"1","profarea_name":"Информационные технологии, интернет, телеком"},{"id":"1.9","name":"Web инженер","profarea_id":"1","profarea_name":"Информационные технологии, интернет, телеком"},{"id":"1.89","name":"Интернет","profarea_id":"1","profarea_name":"Информационные технологии, интернет, телеком"},{"id":"1.474","name":"Стартапы","profarea_id":"1","profarea_name":"Информационные технологии, интернет, телеком"}],"code":null,"hidden":false,"quick_responses_allowed":false,"driver_license_types":[],"accept_incomplete_resumes":true,"employer":{"id":"3365712","name":"Hostaway","url":"https://api.hh.ru/employers/3365712?host=hh.ru","alternate_url":"https://hh.ru/employer/3365712","logo_urls":{"original":"https://hhcdn.ru/employer-logo-original/520491.png","240":"https://hhcdn.ru/employer-logo/2523442.png","90":"https://hhcdn.ru/employer-logo/2523441.png"},"vacancies_url":"https://api.hh.ru/vacancies?employer_id=3365712&host=hh.ru","trusted":true},"published_at":"2021-06-12T11:19:35+0300","created_at":"2021-06-12T11:19:35+0300","negotiations_url":null,"suitable_resumes_url":null,"apply_alternate_url":"https://hh.ru/applicant/vacancy_response?vacancyId=44797560","has_test":false,"test":null,"alternate_url":"https://hh.ru/vacancy/44797560","working_days":[],"working_time_intervals":[],"working_time_modes":[],"accept_temporary":false}