{"id":"44803565","premium":false,"billing_type":{"id":"standard_plus","name":"Стандарт плюс"},"relations":[],"name":"Senior Backend Developer (PHP)","insider_interview":null,"response_letter_required":false,"area":{"id":"1","name":"Москва","url":"https://api.hh.ru/areas/1?host=hh.ru"},"salary":{"from":190000,"to":250000,"currency":"RUR","gross":false},"type":{"id":"open","name":"Открытая"},"address":{"city":"Москва","street":"улица Новый Арбат","building":"21","description":null,"lat":55.751923,"lng":37.585925,"raw":"Москва, улица Новый Арбат, 21","metro":{"station_name":"Арбатская","line_name":"Филевская","station_id":"4.11","line_id":"4","lat":55.752122,"lng":37.601553},"metro_stations":[{"station_name":"Арбатская","line_name":"Филевская","station_id":"4.11","line_id":"4","lat":55.752122,"lng":37.601553},{"station_name":"Смоленская","line_name":"Арбатско-Покровская","station_id":"3.131","line_id":"3","lat":55.747713,"lng":37.583802},{"station_name":"Смоленская","line_name":"Филевская","station_id":"4.132","line_id":"4","lat":55.749083,"lng":37.582173}]},"allow_messages":true,"site":{"id":"hh","name":"hh.ru"},"experience":{"id":"between3And6","name":"От 3 до 6 лет"},"schedule":{"id":"fullDay","name":"Полный день"},"employment":{"id":"full","name":"Полная занятость"},"department":null,"contacts":null,"description":"<p>Qapsula — это <strong>телемедицинский сервис</strong>, где любой человек может получить бесплатную консультацию квалифицированного медицинского специалиста.</p> <p>Мы очень хотим стать лучшей компанией в нашей сфере и набираем команду разработчиков для редизайна сервиса, который на данный момент уже устарел и не отвечает всем запросам рынка: впереди у нас много очень интересной работы!</p> <p><strong>От тебя мы ждём готовности активно заняться back-end частью нашего продукта.</strong> Мы хотим полностью переписать наш сервис, так как он до сих пор является доработанной MVP версией, для новой версии делаем back-end на PHP, а front-end на Vue.js.</p> <p><br /><strong>Что ты будешь делать:</strong></p> <ul> <li><strong>Разрабатывать</strong> back-end архитектуру сервиса с чистого листа(используя некоторые наработки с нашего текущего сайта)</li> <li><strong>Поддерживать</strong> в дальнейшем back-end сервиса</li> <li><strong>Взаимодействовать</strong> с product менеджером, UX/UI дизайнером, back- и front-end разработчиками</li> </ul> <p><br /><strong>Что будет большим преимуществом:</strong></p> <ul> <li>Понимание принципов чистой архитектуры (SOLID) + понимание принципов микросервисной архитектуры и её недостатков</li> <li>Знание принципов чистого кода, паттернов проектирования</li> <li>Любовь к тестам</li> <li>Умение настроить работу CI/CD(желательно, но не обязательно)</li> <li>Docker, Git (будет преимуществом)</li> <li>Опыт в роли Senior back-end разработчика от 2-х лет</li> <li>Высокие коммуникативные навыки</li> </ul> <p><strong>Что мы можем предложить:</strong></p> <ul> <li>Удалённая работа (возможность очной работы по желанию)</li> <li>Гибкий график — 8-часовой рабочий день, начало дня с 09:00 до 11:00</li> <li>Участие в очень перспективном и социально-значимом проекте</li> </ul> <p>А самое главное: в нашей команде твои достижения никогда не останутся незамеченными!</p>","branded_description":null,"vacancy_constructor_template":null,"key_skills":[{"name":"Git"},{"name":"PHP"},{"name":"Docker"}],"accept_handicapped":false,"accept_kids":false,"archived":false,"response_url":null,"specializations":[{"id":"1.221","name":"Программирование, Разработка","profarea_id":"1","profarea_name":"Информационные технологии, интернет, телеком"}],"code":null,"hidden":false,"quick_responses_allowed":false,"driver_license_types":[],"accept_incomplete_resumes":false,"employer":{"id":"2718810","name":"Капсула","url":"https://api.hh.ru/employers/2718810?host=hh.ru","alternate_url":"https://hh.ru/employer/2718810","logo_urls":{"original":"https://hhcdn.ru/employer-logo-original/775071.png","240":"https://hhcdn.ru/employer-logo/3541176.png","90":"https://hhcdn.ru/employer-logo/3541175.png"},"vacancies_url":"https://api.hh.ru/vacancies?employer_id=2718810&host=hh.ru","trusted":true},"published_at":"2021-06-13T12:22:01+0300","created_at":"2021-06-13T12:22:01+0300","negotiations_url":null,"suitable_resumes_url":null,"apply_alternate_url":"https://hh.ru/applicant/vacancy_response?vacancyId=44803565","has_test":false,"test":null,"alternate_url":"https://hh.ru/vacancy/44803565","working_days":[],"working_time_intervals":[],"working_time_modes":[],"accept_temporary":true}