{"id":"44817772","premium":false,"billing_type":{"id":"standard","name":"Стандарт"},"relations":[],"name":"Backend developer Python (middle/senior)","insider_interview":null,"response_letter_required":false,"area":{"id":"1","name":"Москва","url":"https://api.hh.ru/areas/1?host=hh.ru"},"salary":null,"type":{"id":"open","name":"Открытая"},"address":null,"allow_messages":true,"site":{"id":"hh","name":"hh.ru"},"experience":{"id":"between1And3","name":"От 1 года до 3 лет"},"schedule":{"id":"fullDay","name":"Полный день"},"employment":{"id":"full","name":"Полная занятость"},"department":null,"contacts":null,"description":"<p><strong>Компания ТИОНИКС </strong>– российский разработчик и оператор облачных услуг на основе решений OpenStack и собственных разработок, входит в группу компаний Ростелеком-ЦОД.</p> <p>В связи с ростом проектной активности мы в поиске <strong>коллеги</strong> к себе в команду.</p> <p><strong>Основной стек:</strong> Django, Celery, Flask, MySQL.</p> <p><strong>Проекты:</strong> VDC и VDI.</p> <p><strong>Коротко о продуктах:</strong></p> <p>TIONIX Cloud Platform - российская облачная платформа, разработанная на базе OpenStack, для построения корпоративных облачных решений.</p> <p>TIONIX VDI - технология, разработанная на базе TIONIX Cloud Platform, для организации инфраструктуры виртуальных рабочих столов (VDI).</p> <p><strong>Задачи:</strong></p> <ul> <li>Рефакторинг существующего кода, устранение багов по заявкам техподдержки</li> <li>Перевод кодовой базы с python 2.7 на python 3.x</li> <li>Разработка новых модулей на python 3.x</li> <li>Разработка интеграционных модулей для различных систем виртуализации на python 3.x</li> <li>Принятие архитектурных решений вместе с командой</li> <li>Участие в документировании и тестировании кода</li> <li>Оптимизация и автоматизация процесса разработки</li> </ul> <p><strong>Пожелания к кандидату:</strong></p> <ul> <li>Python 3.x, python 2.7, понимание работы механизмов языка на низком уровне, структур данных, конструкций языка, особенностей реализации ООП в языке</li> <li>Паттерны проектирования и особенности их реализации в python</li> <li>Linux на уровне администратора</li> </ul> <p><strong>Будет плюсом:</strong></p> <ul> <li>Опыт работы с инструментами командной разработки (Bitbucket, Jira, Confluence, Jenkins)</li> </ul> <p><strong>Мы предлагаем:</strong></p> <ul> <li>Официальное трудоустройство по ТК РФ</li> <li>Достойная заработная плата обсуждается индивидуально с каждым кандидатом (в зависимости от опыта)</li> <li>График работы 5/2 с пн-пт, гибкое начало дня</li> <li>Удалённая работа</li> <li>Ежеквартальные премии</li> <li>Социальный пакет (ДМС, оплата мобильной связи)</li> <li>Обучение внутри компании и на внешних курсах</li> </ul>","branded_description":null,"vacancy_constructor_template":null,"key_skills":[{"name":"Linux"},{"name":"Python"},{"name":"Django Framework"},{"name":"MySQL"},{"name":"Flask"}],"accept_handicapped":false,"accept_kids":false,"archived":false,"response_url":null,"specializations":[{"id":"1.270","name":"Сетевые технологии","profarea_id":"1","profarea_name":"Информационные технологии, интернет, телеком"},{"id":"1.272","name":"Системная интеграция","profarea_id":"1","profarea_name":"Информационные технологии, интернет, телеком"},{"id":"1.273","name":"Системный администратор","profarea_id":"1","profarea_name":"Информационные технологии, интернет, телеком"},{"id":"1.82","name":"Инженер","profarea_id":"1","profarea_name":"Информационные технологии, интернет, телеком"},{"id":"1.274","name":"Системы автоматизированного проектирования","profarea_id":"1","profarea_name":"Информационные технологии, интернет, телеком"},{"id":"1.295","name":"Телекоммуникации","profarea_id":"1","profarea_name":"Информационные технологии, интернет, телеком"}],"code":null,"hidden":false,"quick_responses_allowed":false,"driver_license_types":[],"accept_incomplete_resumes":false,"employer":{"id":"852361","name":"Ростелеком - Центры обработки данных","url":"https://api.hh.ru/employers/852361?host=hh.ru","alternate_url":"https://hh.ru/employer/852361","logo_urls":{"240":"https://hhcdn.ru/employer-logo/2783440.png","90":"https://hhcdn.ru/employer-logo/2783439.png","original":"https://hhcdn.ru/employer-logo-original/585546.png"},"vacancies_url":"https://api.hh.ru/vacancies?employer_id=852361&host=hh.ru","trusted":true},"published_at":"2021-05-24T10:06:53+0300","created_at":"2021-05-24T10:06:53+0300","negotiations_url":null,"suitable_resumes_url":null,"apply_alternate_url":"https://hh.ru/applicant/vacancy_response?vacancyId=44817772","has_test":false,"test":null,"alternate_url":"https://hh.ru/vacancy/44817772","working_days":[],"working_time_intervals":[],"working_time_modes":[],"accept_temporary":false}