{"id":"44816557","premium":false,"billing_type":{"id":"standard","name":"Стандарт"},"relations":[],"name":"Middle\\Senior Backend разработчик Node.js","insider_interview":null,"response_letter_required":false,"area":{"id":"1","name":"Москва","url":"https://api.hh.ru/areas/1?host=hh.ru"},"salary":null,"type":{"id":"open","name":"Открытая"},"address":{"city":"Москва","street":"бульвар Энтузиастов","building":"2","description":null,"lat":55.746405,"lng":37.682592,"raw":"Москва, бульвар Энтузиастов, 2","metro":null,"metro_stations":[]},"allow_messages":true,"site":{"id":"hh","name":"hh.ru"},"experience":{"id":"between3And6","name":"От 3 до 6 лет"},"schedule":{"id":"remote","name":"Удаленная работа"},"employment":{"id":"full","name":"Полная занятость"},"department":null,"contacts":null,"description":"<p>Мы разрабатываем коробочные программные продукты в области информационной безопасности и специализируемся на SOAR-решениях (Security Orchestration,Automation &amp; Response), которые позволяют автоматизировать управление информационной безопасностью, мониторинг и реагирование на компьютерные инциденты.<br />Наши продукты используют более 100 клиентов в России и странах СНГ. Среди них ВТБ, Альфа-Банк, Россельхозбанк, РЖД, Газпромнефть, Ростелеком, СТС-Медиа и<br />другие крупные компании.<br />Офисы R-Vision базируются в Москве, Санкт-Петербурге и Краснодаре, но наши разработчики работают удаленно из разных городов России по удобному графику.<br />Компания растет высокими темпами, ежегодно удваивая штат сотрудников. В 2016 году нас было 12 человек, R-Vision сегодня – это почти 150 сотрудников. Несмотря на<br />быстрый рост, мы основательно подходим к подбору специалистов, поэтому нам удалось собрать профессиональную и сплоченную команду. Присоединяйтесь к нам!</p> <p><br />В двух словах про наш стек:<br />Основные фреймворки для создания продуктов: Node.js / Typescript / Nest.js / React /ExtJS.<br />Мы применяем микросервисную архитектуру: сервисы пишем на Nest, для обмена сообщениями используем NATS.<br />В качестве СУБД используется PostgreSQL, а также некоторые свои наработки.<br />Решаем задачи оптимизации сложных запросов, работаем с большим объемом данных. Строим сложную визуализацию, генерируя запросы на ходу, пишем интеграции для различных внешних систем и синхронизации данных с ними.</p> <p> </p> <p><strong>Наша вакансия тебе подходит, если ты имеешь опыт работы с:</strong></p> <ul> <li>JavaScript (от 3х лет)</li> <li>Node.js (не менее 2х лет)</li> <li>PostgreSQL или MySQL</li> <li>системами контроля версий</li> <li>Linux</li> <li>unit-тестами</li> </ul> <p> </p> <p><strong>Будет большим плюсом, если ты:</strong></p> <ul> <li>имеешь опыт работы Frontend-разработчиком</li> <li>знаешь любую из технологий: Ext JS, D3</li> <li>Знания и опыт в области системного администрирования</li> <li>владеешь английским языком на уровне чтения документации</li> </ul> <p><strong>Чем предстоит заниматься:</strong></p> <ul> <li>Работой над движком (Node.js) программной системы R-Vision (централизованной системы мониторинга и управления информационной безопасностью)</li> <li>Решением нестандартных / сложных технических задач, используя весь свой творческий и девелоперский потенциал</li> <li>При наличии желания возможна работа fullstack в связке Node.js + Ext JS</li> </ul> <p><strong>Мы предлагаем:</strong></p> <ul> <li> <p>график работы 5/2;</p> </li> <li> <p>удаленную работу;</p> </li> <li> <p>молодой коллектив (средний возраст - 28 лет);</p> </li> <li> <p>работу в одном из наших офисов (Москва, СПб, Краснодар) при желании;</p> </li> <li> <p>корпоративное обучение / конференции / широкие возможности профессионального и карьерного роста</p> </li> <li> <p>оформление по ТК РФ, оплачиваемые отпуска, больничные листы</p> </li> <li> <p>ДМС после полугода работы.</p> </li> </ul>","branded_description":null,"vacancy_constructor_template":null,"key_skills":[{"name":"Node.js"},{"name":"JavaScript"},{"name":"PostgreSQL"}],"accept_handicapped":false,"accept_kids":false,"archived":false,"response_url":null,"specializations":[{"id":"1.221","name":"Программирование, Разработка","profarea_id":"1","profarea_name":"Информационные технологии, интернет, телеком"}],"code":null,"hidden":false,"quick_responses_allowed":false,"driver_license_types":[],"accept_incomplete_resumes":false,"employer":{"id":"1885395","name":"Р-Вижн","url":"https://api.hh.ru/employers/1885395?host=hh.ru","alternate_url":"https://hh.ru/employer/1885395","logo_urls":{"original":"https://hhcdn.ru/employer-logo-original/796735.jpg","90":"https://hhcdn.ru/employer-logo/3627827.jpeg","240":"https://hhcdn.ru/employer-logo/3627828.jpeg"},"vacancies_url":"https://api.hh.ru/vacancies?employer_id=1885395&host=hh.ru","trusted":true},"published_at":"2021-05-24T09:49:31+0300","created_at":"2021-05-24T09:49:31+0300","negotiations_url":null,"suitable_resumes_url":null,"apply_alternate_url":"https://hh.ru/applicant/vacancy_response?vacancyId=44816557","has_test":false,"test":null,"alternate_url":"https://hh.ru/vacancy/44816557","working_days":[],"working_time_intervals":[],"working_time_modes":[],"accept_temporary":false}