{"id":"44821929","premium":false,"billing_type":{"id":"standard","name":"Стандарт"},"relations":[],"name":"Senior Back End Developer","insider_interview":null,"response_letter_required":false,"area":{"id":"1","name":"Москва","url":"https://api.hh.ru/areas/1?host=hh.ru"},"salary":null,"type":{"id":"open","name":"Открытая"},"address":{"city":"Москва","street":"Волгоградский проспект","building":"43к3","description":null,"lat":55.713988,"lng":37.71866,"raw":"Москва, Волгоградский проспект, 43к3","metro":{"station_name":"Текстильщики","line_name":"Таганско-Краснопресненская","station_id":"7.139","line_id":"7","lat":55.709211,"lng":37.732117},"metro_stations":[{"station_name":"Текстильщики","line_name":"Таганско-Краснопресненская","station_id":"7.139","line_id":"7","lat":55.709211,"lng":37.732117}]},"allow_messages":true,"site":{"id":"hh","name":"hh.ru"},"experience":{"id":"between3And6","name":"От 3 до 6 лет"},"schedule":{"id":"remote","name":"Удаленная работа"},"employment":{"id":"full","name":"Полная занятость"},"department":null,"contacts":null,"description":"<ul> <li>Sport24.ru – самое цитируемое спортивное медиа в России</li> <li>~ 15 млн уникальных посетителей в месяц</li> <li>Уникальный Youtube канал с авторским контентом</li> <li>Входит в топ-5 самых читаемых спортивных медиа в России</li> <li>Инновационное мобильное приложение</li> <li>Эксклюзивный контент создается профессиональной командой журналистов</li> </ul> <p><strong>Задачи:</strong></p> <ul> <li>Реализация продуктовых и технологических фич</li> <li>Участие в оценке задач и анализе требований</li> <li>Оптимизация и тюнинг производительности сервисов</li> <li>Проведение code-review и написание тестов</li> <li>Мониторинг и использование DevOps практик</li> <li>Проектирование, разработка и поддержка новых и существующих сервисов</li> <li>Участие в определении и выборе стека разработки</li> <li>Менторинг младших коллег</li> </ul> <p><strong>Наши ожидания:</strong></p> <ul> <li>Опыт работы в роли back-end developer от 3-х лет</li> <li>Отличное знание Java или знание Kotlin и желание на нем писать</li> <li>Опыт работы со Spring</li> <li>Практический опыт разработки микросервисов</li> <li>Навыки работы в команде, включая опыт с конкретными инструментами групповой работы (Git, Jira, Jenkins или аналоги)</li> <li>Отличное владение SQL и опыт работы с реляционными СУБД (PostgreSQL и пр.)</li> <li>Желателен опыт работы с RabbitMQ, Kafka</li> <li>Опыт работы с Docker</li> <li>Умение работать в командной строке *nix будет преимуществом</li> </ul> <p><strong>МЫ ПРЕДЛАГАЕМ:</strong></p> <ul> <li>Официальное оформление в соответствии с ТК РФ</li> <li>Полностью официальные выплаты</li> <li>ДМС (после испытательного срока)</li> <li>Гибкое начало рабочего дня, 5/2</li> <li>Возможность влиять на выбор технологий, регулярно выделяем время на R&amp;D</li> <li>Работа в офисе на м. Текстильщики или удаленка - по желанию</li> </ul> <p> </p>","branded_description":"\n<style>\n@-webkit-keyframes animatedBackground {\n    0% {\n        background-position:  -100% 50%\n    }\n\n    to {\n        background-position:  100% 50%\n    }\n}\n\n@keyframes animatedBackground {\n    0% {\n        background-position:  -100% 50%\n    }\n\n    to {\n        background-position:  100% 50%\n    }\n}\n\n.tmpl_hh_wrapper p,\n.tmpl_hh_wrapper a,\n.tmpl_hh_wrapper img,\n.tmpl_hh_wrapper ol,\n.tmpl_hh_wrapper ul,\n.tmpl_hh_wrapper li {\n    margin: 0;\n    padding: 0;\n    border: 0;\n    font-size: 100%;\n    font: inherit;\n    vertical-align: baseline;\n}\n\n.hht-vacancydescription {\n    padding: 0px;\n}\n\n.tmpl_hh_wrapper .l-cell,\n.tmpl_hh_wrapper .l-paddings {\n    padding: 0px !important;\n}\n\n.tmpl_hh_wrapper .b-vacancy-desc-wrapper {\n    margin-top: 0px !important;    \n}\n\n.tmpl_hh_wrapper .b-vacancy-desc {\n    overflow: visible !important;\n    line-height: inherit;\n}\n\n.tmpl_hh_content ol li b,\n.tmpl_hh_content ol li strong,\n.tmpl_hh_content ol li p b,\n.tmpl_hh_content ol li p strong,\n.tmpl_hh_content ul li b,\n.tmpl_hh_content ul li strong,\n.tmpl_hh_content ul li p b,\n.tmpl_hh_content ul li p strong {\n    font-weight: normal;\n    font-size: inherit !important;\n    color: inherit !important;\n    margin: 0 !important;\n    text-transform: none;\n    line-height: inherit;\n}\n\n.tmpl_hh_content ol li p,\n.tmpl_hh_content ul li p {\n    font-weight: normal;\n    margin: 0;\n}\n\n.tmpl_hh_content p b,\n.tmpl_hh_content p strong {\n    display: inline;\n    margin: 0 0 0;\n}\n\n.tmpl_hh_wrapper {\n    width: 100%;\n    margin: 0 auto;\n    max-width: 690px;\n    position: relative;\n    word-break: normal;\n    color: #000;\n    overflow: hidden;\n    font-family: 'Verdana';\n    font-size: 13px;\n    line-height: 16px;\n}\n\n.tmpl_hh_wrapper img {\n    width: 100%;\n    display: block;\n}\n\n.tmpl_hh_content {\n    padding: 48px 95px 29px;\n    position: relative;\n    z-index: 1;\n}\n\n.tmpl_hh_content p:first-child,\n.tmpl_hh_content>strong:first-child,\n.tmpl_hh_content div>strong:first-child {\n    margin-top: 0 !important;\n}\n\n.tmpl_hh_content p,\n.tmpl_hh_content b,\n.tmpl_hh_content strong {\n   margin: 26px 0 19px;\n}\n\n.tmpl_hh_content b, \n.tmpl_hh_content strong {\n    display: inline-block;\n    font-weight: bold;\n    color: #1F4485;\n    font-size: 14px;\n    text-transform: uppercase;\n}\n\n.tmpl_hh_content ol,\n.tmpl_hh_content ul {\n    margin-left: 20px;\n    list-style: none !important;\n}\n\n.tmpl_hh_content ol {\n    counter-reset: list_counter;\n}\n\n.tmpl_hh_content li {\n    position: relative;\n    margin-bottom: 16px;\n}\n\n.tmpl_hh_content ul ul,\n.tmpl_hh_content ul ol,\n.tmpl_hh_content ol ol,\n.tmpl_hh_content ol ul {\n    margin-top: 16px;\n}\n\n.tmpl_hh_content ol>li {\n    counter-increment: list_counter;    \n}\n\n.tmpl_hh_content li:before {\n    position: absolute;\n    left: -20px;\n    top: 0;\n    color: #1F4485;\n}\n\n.tmpl_hh_content ul>li:before {\n    content: \"\\2022\";\n}\n\n.tmpl_hh_content ol>li:before {\n    content: counter(list_counter)'.';\n    left: auto;\n    right: 100%;\n    margin-right: 2px;\n}\n\n.tmpl_hh_flex {\n    display: -webkit-box;\n    display: -ms-flexbox;\n    display: flex;\n    -webkit-box-pack: justify;\n    -ms-flex-pack: justify;\n    justify-content: space-between;\n    -ms-flex-wrap: wrap;\n    flex-wrap: wrap;\n}\n\n.tmpl_hh_slider div {\n    position: absolute;\n    left: 0;\n    top: 0;\n    height: 100%;\n    width: 4330px;\n    min-width: 100%;\n    background: url(https://hhcdn.ru/ichameleon/164245.png)  -100% 50% repeat-x;\n    background-size: auto 100% ;\n    -webkit-animation-duration: 140s;\n    animation-duration: 140s;\n    animation-name: animatedBackground;\n    -moz-animation-name: animatedBackground;\n    -webkit-animation-name: animatedBackground;\n    animation-iteration-count: infinite;\n    -moz-animation-iteration-count: infinite;\n    -webkit-animation-iteration-count: infinite;\n    -webkit-animation-timing-function: linear;\n    animation-timing-function: linear\n}\n\n.tmpl_hh_slider {\n    overflow: hidden;\n    height: 30px;\n    width: 100%;\n    position: relative;\n    margin-bottom: 48px;\n}\n\n.tmpl_hh_phtos {\n    position: relative;\n    margin: 0 95px 0;\n}\n\n.tmpl_hh_phtos__item {\n    width: 32%;\n}\n\np.tmpl_hh_title {\n    text-align: center;\n    font-weight: bold;\n    color: #1F4485;\n    font-size: 19.5px;\n    text-transform: uppercase;\n    padding: 52px 0 53px;\n}\n\n.tmpl_hh_header {\n    background: #000000 url(https://hhcdn.ru/ichameleon/164234.png);\n    background-repeat: no-repeat;\n    background-size: auto 100%;\n    height: 217px;\n    background-position: center;\n}\n\np.tmpl_hh_content__text {\n    margin: 0 0 16px;\n}\n\np.tmpl_hh_content__text b {\n    color: #000;\n    font-size: 13px;\n    line-height: 16px;\n    text-transform: none;\n}\n\n.tmpl_hh_footer {\n    background: #000000 url(https://hhcdn.ru/ichameleon/164233.png);\n    background-repeat: no-repeat;\n    background-size: auto 100%;\n    height: 80px;\n    background-position: center;\n}\n\n@media screen and (max-width: 699px) {\n    .tmpl_hh_content {\n        padding: 48px 13px 29px\n    }\n\n    .tmpl_hh_phtos {\n        margin: 0 50px 0 50px;\n    }\n\n    .tmpl_hh_phtos__item {\n        width: 100%;\n        margin-bottom: 7px;\n    }\n\n    p.tmpl_hh_title {\n        padding: 44px 0 32px;\n    }\n\n    .tmpl_hh_slider {\n        margin-bottom: 35px;\n    }\n}\n</style>\n\n\n\n\n<div class=\"tmpl_hh_wrapper\">\n    <div class=\"tmpl_hh_header\"></div>\n    <div class=\"tmpl_hh_content\">\n        <p class=\"tmpl_hh_content__text\"><b>S8 Capital</b> — многопрофильный российский холдинг, объединяющий предприятия в финансовом и телекоммуникационном секторах, в области электронной коммерции, цифровых медиа и ритейла и обладающий уникальными отраслевыми компетенциями, которые позволяют разрабатывать и успешно внедрять инновационные продукты.</p>\n        <ul> <li>Sport24.ru – самое цитируемое спортивное медиа в России</li> <li>~ 15 млн уникальных посетителей в месяц</li> <li>Уникальный Youtube канал с авторским контентом</li> <li>Входит в топ-5 самых читаемых спортивных медиа в России</li> <li>Инновационное мобильное приложение</li> <li>Эксклюзивный контент создается профессиональной командой журналистов</li> </ul> <p><strong>Задачи:</strong></p> <ul> <li>Реализация продуктовых и технологических фич</li> <li>Участие в оценке задач и анализе требований</li> <li>Оптимизация и тюнинг производительности сервисов</li> <li>Проведение code-review и написание тестов</li> <li>Мониторинг и использование DevOps практик</li> <li>Проектирование, разработка и поддержка новых и существующих сервисов</li> <li>Участие в определении и выборе стека разработки</li> <li>Менторинг младших коллег</li> </ul> <p><strong>Наши ожидания:</strong></p> <ul> <li>Опыт работы в роли back-end developer от 3-х лет</li> <li>Отличное знание Java или знание Kotlin и желание на нем писать</li> <li>Опыт работы со Spring</li> <li>Практический опыт разработки микросервисов</li> <li>Навыки работы в команде, включая опыт с конкретными инструментами групповой работы (Git, Jira, Jenkins или аналоги)</li> <li>Отличное владение SQL и опыт работы с реляционными СУБД (PostgreSQL и пр.)</li> <li>Желателен опыт работы с RabbitMQ, Kafka</li> <li>Опыт работы с Docker</li> <li>Умение работать в командной строке *nix будет преимуществом</li> </ul> <p><strong>МЫ ПРЕДЛАГАЕМ:</strong></p> <ul> <li>Официальное оформление в соответствии с ТК РФ</li> <li>Полностью официальные выплаты</li> <li>ДМС (после испытательного срока)</li> <li>Гибкое начало рабочего дня, 5/2</li> <li>Возможность влиять на выбор технологий, регулярно выделяем время на R&amp;D</li> <li>Работа в офисе на м. Текстильщики или удаленка - по желанию</li> </ul> <p> </p></div>\n    <div class=\"tmpl_hh_phtos tmpl_hh_flex\">\n        <div class=\"tmpl_hh_phtos__item\">\n            <img src=\"https://hhcdn.ru/ichameleon/163045.jpg\" alt=\"\">\n        </div>\n        <div class=\"tmpl_hh_phtos__item\">\n            <img src=\"https://hhcdn.ru/ichameleon/163056.jpg\" alt=\"\">\n        </div>\n        <div class=\"tmpl_hh_phtos__item\">\n            <img src=\"https://hhcdn.ru/ichameleon/163057.jpg\" alt=\"\">\n        </div>\n    </div>\n    <p class=\"tmpl_hh_title\">Работа с брендами</p>\n    <div class=\"tmpl_hh_slider\"><div></div></div>\n    <div class=\"tmpl_hh_footer\"></div>\n</div>\n\n","vacancy_constructor_template":null,"key_skills":[{"name":"Java"},{"name":"Agile Project Management"},{"name":"kotlin"}],"accept_handicapped":false,"accept_kids":false,"archived":false,"response_url":null,"specializations":[{"id":"1.221","name":"Программирование, Разработка","profarea_id":"1","profarea_name":"Информационные технологии, интернет, телеком"}],"code":null,"hidden":false,"quick_responses_allowed":false,"driver_license_types":[],"accept_incomplete_resumes":false,"employer":{"id":"3565331","name":"S8 Capital","url":"https://api.hh.ru/employers/3565331?host=hh.ru","alternate_url":"https://hh.ru/employer/3565331","logo_urls":null,"vacancies_url":"https://api.hh.ru/vacancies?employer_id=3565331&host=hh.ru","trusted":true},"published_at":"2021-05-24T11:07:51+0300","created_at":"2021-05-24T11:07:51+0300","negotiations_url":null,"suitable_resumes_url":null,"apply_alternate_url":"https://hh.ru/applicant/vacancy_response?vacancyId=44821929","has_test":false,"test":null,"alternate_url":"https://hh.ru/vacancy/44821929","working_days":[],"working_time_intervals":[],"working_time_modes":[],"accept_temporary":false}