{"id":"44832379","premium":false,"billing_type":{"id":"standard_plus","name":"Стандарт плюс"},"relations":[],"name":"Senior. Net Core backend/fullstack developer","insider_interview":null,"response_letter_required":false,"area":{"id":"1","name":"Москва","url":"https://api.hh.ru/areas/1?host=hh.ru"},"salary":{"from":250000,"to":450000,"currency":"RUR","gross":false},"type":{"id":"open","name":"Открытая"},"address":null,"allow_messages":true,"site":{"id":"hh","name":"hh.ru"},"experience":{"id":"moreThan6","name":"Более 6 лет"},"schedule":{"id":"remote","name":"Удаленная работа"},"employment":{"id":"full","name":"Полная занятость"},"department":null,"contacts":null,"description":"<p>Зарубежная финтех компания ищет опытных backend/full-stack разработчиков для постройки облачной экосистемы для расчёта финансовых рисков деривативов. Данная экосистема позволяет клиентам использовать автоматическое масштабирование в облаке для быстрого расчёта большого объёма тяжёлых сделок производных финансовых инструментов(derivatives).</p> <p><strong>Обязанности:</strong></p> <p>- Проектирование и разработка облачной экосистемы (Azure / AWS) с использованием .NET Core</p> <p>- Работа в тесном контакте с отделом Трейдинга для генераций идей по новому функционалу</p> <p>- Кооперация с front-end разработчиками и дизайнерами</p> <p><strong>Требования:</strong></p> <ul> <li>6 лет опыта</li> <li>Хорошее зание С #, .NET Core.</li> <li>Опыт разработки облачных сервисов с использованием Azure / AWS/RestAPI</li> <li>Знание F # - большой плюс</li> <li> <p>Опыт работы с Serverless подходом - большой плюс</p> </li> <li> <p>Средний уровень английского языка</p> </li> </ul> <p><strong>Условия:</strong></p> <p>--- Работа в иностранной компании</p> <ul> <li>Разработка проекта с нуля, отсутствие legacy кода. Разработка с использованием новейших технологий.</li> <li>Гибкий график</li> <li>Удаленная работа</li> <li>Возможность переезда в UK или US</li> <li>ДМС</li> <li>Интересная и перспективная предметная область - торговля производными инструментами и инвестиционными продуктами. Возможность увидеть, как это происходит вживую, общаться с трейдерами.</li> <li>Бонусы</li> </ul>","branded_description":null,"vacancy_constructor_template":null,"key_skills":[{"name":"C#"},{"name":"Английский язык"},{"name":"Работа в команде"},{"name":"Azure / AWS"},{"name":"Опыт работы с Serverless подходом"},{"name":"Знание F #"},{"name":"NET Core."}],"accept_handicapped":false,"accept_kids":false,"archived":false,"response_url":null,"specializations":[{"id":"17.623","name":"Финансовые услуги","profarea_id":"17","profarea_name":"Продажи"}],"code":null,"hidden":false,"quick_responses_allowed":false,"driver_license_types":[],"accept_incomplete_resumes":false,"employer":{"id":"5248910","name":"ИВМ Маркетс","url":"https://api.hh.ru/employers/5248910?host=hh.ru","alternate_url":"https://hh.ru/employer/5248910","logo_urls":null,"vacancies_url":"https://api.hh.ru/vacancies?employer_id=5248910&host=hh.ru","trusted":true},"published_at":"2021-06-11T13:45:47+0300","created_at":"2021-06-11T13:45:47+0300","negotiations_url":null,"suitable_resumes_url":null,"apply_alternate_url":"https://hh.ru/applicant/vacancy_response?vacancyId=44832379","has_test":false,"test":null,"alternate_url":"https://hh.ru/vacancy/44832379","working_days":[],"working_time_intervals":[],"working_time_modes":[],"accept_temporary":false}