{"id":"44844680","premium":false,"billing_type":{"id":"standard","name":"Стандарт"},"relations":[],"name":"Senior Backend Developer (Node.js / Go)","insider_interview":null,"response_letter_required":false,"area":{"id":"1","name":"Москва","url":"https://api.hh.ru/areas/1?host=hh.ru"},"salary":null,"type":{"id":"open","name":"Открытая"},"address":null,"allow_messages":true,"site":{"id":"hh","name":"hh.ru"},"experience":{"id":"between3And6","name":"От 3 до 6 лет"},"schedule":{"id":"remote","name":"Удаленная работа"},"employment":{"id":"full","name":"Полная занятость"},"department":null,"contacts":null,"description":"<p>Основная задача <strong>Qlean</strong> — забрать все домашние дела пользователей на себя и помочь им заниматься тем, что они действительно любят.</p> <p>У нас есть несколько направлений:</p> <ul> <li><strong>Qlean</strong> — уборка квартир и офисов, химчистка</li> <li><strong>Cherdak</strong> — хранение вещей и переезды</li> <li><strong>Wola</strong> — доставка воды</li> </ul> <p>Стратегия команды на этот год: объединить наши продукты в экосистему на базе сервисной платформы с общими инструментами для авторизации, биллинга, аналитики и витрины. Так мы сможем быстрее запускать новые направления, а пользователи не будут тратить время на взаимодействие с интерфейсами. В наших ближайших планах построить первый суперапп в сфере home &amp; local services в России.</p> <p>Сейчас мы ищем <strong>Senior Backend Разработчика</strong>, для работы над бэкэндом нескольких проектов.</p> <p><strong>Как устроен наш бэкенд:</strong></p> <p>У нас есть большой монолит, написанный на RoR (API-only). Этот монолит уже разбивается на <strong>микросервисы</strong>, которые мы пишем на <strong><strong>Node.JS </strong></strong>и на<strong><strong> Go</strong>.</strong> Микросервисы пишутся по принципам DDD и Database per service. В качестве БД используем Postgresql, инфраструктура — Docker, Сonsul, Kubernetes и Ansible. Кодом управляем через GitLab, для всех пулл-реквестов обязателен код-ревью.</p> <p><strong>Чем у нас можно заняться:</strong></p> <p>Писать код на Go или Node.JS и превносить новые подходы (для нас не важно на каком из этих языков ты будешь писать код, так как есть несколько масштабных задач в рамках существующих доменов, которые можно решать с помощью Golang и с помощью Node.JS).</p> <p><strong>Чего мы ждем от тебя:</strong></p> <ul> <li>уверенных знаний Node.JS или Go (event-loop, stream) и СУБД (PostgreSQL, MySql).</li> <li>опыта работы с очередями (RabbitMQ).</li> <li>понимания принципов работы протоколов TCP/IP, HTTP, WebSockets.</li> <li>большим плюсом будет опыт работы с нагрузками, а также опыт разработки подсистем DWH.</li> </ul> <p><strong>Что мы можем тебе предложить:</strong></p> <ul> <li>Атмосферу стартапа — нестандартные и мотивирующие задачи, высокая скорость принятия решений и никакой бюрократии, ответственность за весь продукт и огромные возможности роста</li> <li>Дополнительное обучение, профессиональные конференции за счёт компании и Мак для работы</li> <li>Понятную систему карьерного роста — Performance Review каждые полгода, который поможет развиваться в желаемом направлении</li> <li>Комфортный график — для нас важно, чтобы коллеги находились в офисе с 11:00 до 17:00, когда проходит большинство командных встреч, а остаток рабочего времени можно подвинуть в любую сторону</li> <li>Лофт-пространство для комфортной работы в 7 минутах от станции метро Савёловская на территории активно развивающегося БЦ Фактория — фудмаркет, фитнесклуб и Starbucks в шаговой доступности; вендинги, библиотека, PS4, кикер и турник в офисе; а также нескучная корпоративная жизнь, покер по вторникам, пицца по пятницам</li> <li><strong>Возможна полностью или частично удаленная работа</strong></li> </ul> <ul> <li>Помощь с релокацией иногородним</li> </ul>","branded_description":null,"vacancy_constructor_template":null,"key_skills":[{"name":"PostgreSQL"},{"name":"Node.js"},{"name":"go"},{"name":"Golang"}],"accept_handicapped":false,"accept_kids":false,"archived":false,"response_url":null,"specializations":[{"id":"1.221","name":"Программирование, Разработка","profarea_id":"1","profarea_name":"Информационные технологии, интернет, телеком"},{"id":"1.82","name":"Инженер","profarea_id":"1","profarea_name":"Информационные технологии, интернет, телеком"},{"id":"1.474","name":"Стартапы","profarea_id":"1","profarea_name":"Информационные технологии, интернет, телеком"}],"code":null,"hidden":false,"quick_responses_allowed":false,"driver_license_types":[],"accept_incomplete_resumes":false,"employer":{"id":"1576236","name":"Qlean","url":"https://api.hh.ru/employers/1576236?host=hh.ru","alternate_url":"https://hh.ru/employer/1576236","logo_urls":{"90":"https://hhcdn.ru/employer-logo/3277520.png","240":"https://hhcdn.ru/employer-logo/3277521.png","original":"https://hhcdn.ru/employer-logo-original/709101.png"},"vacancies_url":"https://api.hh.ru/vacancies?employer_id=1576236&host=hh.ru","trusted":true},"published_at":"2021-05-24T17:26:48+0300","created_at":"2021-05-24T17:26:48+0300","negotiations_url":null,"suitable_resumes_url":null,"apply_alternate_url":"https://hh.ru/applicant/vacancy_response?vacancyId=44844680","has_test":false,"test":null,"alternate_url":"https://hh.ru/vacancy/44844680","working_days":[],"working_time_intervals":[],"working_time_modes":[],"accept_temporary":false}