{"id":"44873558","premium":false,"billing_type":{"id":"standard","name":"Стандарт"},"relations":[],"name":"Senior Backend-разработчик (Ruby on Rails)","insider_interview":null,"response_letter_required":false,"area":{"id":"1","name":"Москва","url":"https://api.hh.ru/areas/1?host=hh.ru"},"salary":null,"type":{"id":"open","name":"Открытая"},"address":{"city":"Москва","street":"Рочдельская улица","building":"15с19-20","description":null,"lat":55.755064,"lng":37.562946,"raw":"Москва, Рочдельская улица, 15с19-20","metro":{"station_name":"Улица 1905 года","line_name":"Таганско-Краснопресненская","station_id":"7.146","line_id":"7","lat":55.763944,"lng":37.562271},"metro_stations":[{"station_name":"Улица 1905 года","line_name":"Таганско-Краснопресненская","station_id":"7.146","line_id":"7","lat":55.763944,"lng":37.562271}]},"allow_messages":true,"site":{"id":"hh","name":"hh.ru"},"experience":{"id":"between1And3","name":"От 1 года до 3 лет"},"schedule":{"id":"fullDay","name":"Полный день"},"employment":{"id":"full","name":"Полная занятость"},"department":null,"contacts":null,"description":"<p><strong>UCHi.RU</strong> — одна из крупнейших российских EdTech-компаний с аудиторией более 11,5 млн пользователей - это ученики, их родители и учителя. Мы создаем онлайн-курсы для школьников из стран БРИКС, США, Индонезии и Вьетнама. Помимо этого, на нашей платформе можно готовиться к экзаменам — ОГЭ и ЕГЭ, решать олимпиадные задачи и учиться программировать.</p> <p>Такая большая пользовательская база и трафик позволяют использовать честный data-driven подход при запуске новых направлений, а CustDev в Учи.ру является естественным этапом разработки продукта.</p> <p>В стенах Учи.ру собрана сильнейшая команда выпускников ведущих вузов России. Чтобы сделать нашу команду еще лучше, мы ищем <em>Senior Backend-разработчика</em> для усиления одной из наших кросс-функциональных продуктовых команд<em>. </em>Для разработчиков из других городов предусмотрена финансовая помощь при переезде.</p> <p><strong>Чем предстоит заниматься?</strong></p> <ul> <li>Разрабатывать продуктовые фичи и алгоритмы геймификации;</li> <li>Участвовать в принятии архитектурных решений;</li> <li>Развивать систему с точки зрения технологий и инфраструктуры;</li> <li> <p>Осуществлять интеграцию с внешними сервисами (почта, платежные системы для разных стран, системы обратной связи от пользователей);</p> </li> <li> <p>Разрабатывать API.</p> </li> </ul> <p><strong>Что мы ожидаем от кандидатов?</strong></p> <ul> <li>Уверенное владение Rails 4/5;</li> <li>Понимание, когда лучше использовать ActiveRecord, а когда plain SQL;</li> <li>Умение работать со структурами данных, знание базовых алгоритмов и их сложности;</li> <li>Понимание специфики микро-сервисной архитектуры.</li> </ul> <p><strong>Что есть у нас?</strong></p> <ul> <li>Возможность сделать школьное образование современным и комфортным и изменить повседневную жизнь учеников и учителей к лучшему;</li> <li>CI/CD, Docker и микросервисы, развертывание тестового окружения &quot;по кнопке&quot;, а также Git flow и регулярные code-review;</li> <li>5 млн активных пользователей среди учеников, 10-20 релизов в сутки и приличные нагрузки на базу данных в 6000 запросов в секунду;</li> <li>Официальное оформление и &quot;белая&quot; заработная плата с ежеквартальными бонусами и компенсацией больничных до текущего дохода;</li> <li>Пятидневная рабочая неделя с возможностью выбрать удобное начало рабочего дня;</li> <li>Материальную помощь в случае важных событий в жизни сотрудников;</li> <li>Яркий и уютный офис в креативном пространстве Трехгорная Мануфактура (в пешей доступности от м. ул.1905 года или м. Краснопресненская).</li> </ul>","branded_description":"\n<style>\n.tmpl_hh_wrapper p,\n.tmpl_hh_wrapper a,\n.tmpl_hh_wrapper img,\n.tmpl_hh_wrapper ol,\n.tmpl_hh_wrapper ul,\n.tmpl_hh_wrapper li {\n    margin: 0;\n    padding: 0;\n    border: 0;\n    font-size: 100%;\n    font: inherit;\n    vertical-align: baseline;\n}\n\n.hht-vacancydescription {\n    padding: 0px;\n}\n\n.tmpl_hh_wrapper .l-cell,\n.tmpl_hh_wrapper .l-paddings {\n    padding: 0px !important;\n}\n\n.tmpl_hh_wrapper .b-vacancy-desc-wrapper {\n    margin-top: 0px !important;    \n}\n\n.tmpl_hh_wrapper .b-vacancy-desc {\n    overflow: visible !important;\n    line-height: inherit;\n}\n\n.tmpl_hh_content ol li b,\n.tmpl_hh_content ol li strong,\n.tmpl_hh_content ol li p b,\n.tmpl_hh_content ol li p strong,\n.tmpl_hh_content ul li b,\n.tmpl_hh_content ul li strong,\n.tmpl_hh_content ul li p b,\n.tmpl_hh_content ul li p strong {\n    font-weight: normal;\n    font-size: inherit !important;\n    color: inherit !important;\n    margin: 0 !important;\n    text-transform: none;\n}\n\n.tmpl_hh_content ol li p,\n.tmpl_hh_content ul li p {\n    font-weight: normal;\n    margin: 0;\n}\n\n.tmpl_hh_content p b,\n.tmpl_hh_content p strong {\n    display: inline;\n    margin: 0;\n}\n\n.tmpl_hh_wrapper {\n    width: 100%;\n    margin: 0 auto;\n    max-width: 690px;\n    position: relative;\n    word-break: normal;\n    font-family: 'Arial';\n    color: #000000;\n    font-size: 14px;\n    line-height: 19px;\n}\n\n.tmpl_hh_wrapper img {\n    display: block;\n    width: 100%;\n}\n\n.tmpl_hh_content {\n    padding: 54px 44px 46px;\n}\n\n.tmpl_hh_content p:first-child,\n.tmpl_hh_content>strong:first-child,\n.tmpl_hh_content div>strong:first-child {\n    margin-top: 0 !important;\n}\n\n.tmpl_hh_content p,\n.tmpl_hh_content b,\n.tmpl_hh_content strong {\n   margin: 33px 0 13px;\n}\n\n.tmpl_hh_content b,\n.tmpl_hh_content strong {\n    display: inline-block;\n    font-weight: bold;\n    font-size: 20px;\n    line-height: 28px;\n    text-transform: uppercase;\n}\n\n.tmpl_hh_content ol,\n.tmpl_hh_content ul {\n    margin-left: 22px;\n    list-style: none !important;\n}\n\n.tmpl_hh_content ol {\n    counter-reset: list_counter;\n}\n\n.tmpl_hh_content li {\n    position: relative;\n    margin-bottom: 8px;\n}\n\n.tmpl_hh_content ul ul,\n.tmpl_hh_content ul ol,\n.tmpl_hh_content ol ol,\n.tmpl_hh_content ol ul {\n    margin-top: 8px;\n}\n\n.tmpl_hh_content ol>li {\n    counter-increment: list_counter;    \n}\n\n.tmpl_hh_content li:before {\n    position: absolute;\n    left: -22px;\n    top: 0;\n}\n\n.tmpl_hh_content ul>li:before {\n    content: \"—\";\n}\n\n.tmpl_hh_content ol>li:before {\n    content: counter(list_counter)'.';\n    left: auto;\n    right: 100%;\n    margin-right: 2px;\n}\n\n.tmpl_hh_header {\n    position: relative;\n    background: url(https://hhcdn.ru/ichameleon/170011.jpg);\n    padding: 91px 46px 96px;\n    background-size: cover;\n}\n\n.tmpl_hh_header__logo {\n    width: 143px;\n    margin-bottom: 27px;\n    position: relative;\n}\n\n.tmpl_hh_header__logo:before {\n    content: \"0+\";\n    position: absolute;\n    color: #828282;\n    font-size: 12px;\n    line-height: 12px;\n    top: -2px;\n    right: -23px;\n}\n\np.tmpl_hh_header__slogan {\n    font-size: 22px;\n    line-height: 32px;\n    color: #fff;\n    font-weight: bold;\n}\n\np.tmpl_hh_header__slogan span {\n    display: inline;\n    background: #ff6170;\n    margin: 0 0 0 -15px;\n    padding: 0px 14px 3px 11px;\n}\n\n.tmpl_hh_footer {\n    position: relative;\n    background: url(https://hhcdn.ru/ichameleon/170010.jpg);\n    padding: 27px 42px 29px;\n    background-size: cover;\n}\n\np.tmpl_hh_footer__slogan {\n    color: #fff;\n    font-size: 28px;\n    line-height: 32px;\n    font-weight: bold;\n    text-transform: uppercase;\n}\n\n.tmpl_hh_squaresRed {\n    background-color: rgb(255, 97, 112);\n    width: 30px;\n    height: 30px;\n    position: absolute;\n}\n\n.tmpl_hh_squaresRed--1 {\n    bottom: 0;\n    left: 0;\n}\n\n.tmpl_hh_squaresRed--2 {\n    top: 0;\n    right: 0;\n}\n\n.tmpl_hh_squaresRed--3 {\n    right: 30px;\n    bottom: 60px;\n}\n\n.tmpl_hh_squaresBlue {\n    background-color: rgb(117, 59, 220);\n    width: 30px;\n    height: 30px;\n    position: absolute;\n}\n\n.tmpl_hh_squaresBlue--1 {\n    top: 30px;\n    right: 30px;\n}\n\n.tmpl_hh_squaresBlue--2 {\n    bottom: 0;\n    right: 0;\n}\n\n.tmpl_hh_footer__logo {\n    margin: 22px 0 0 2px;\n    color: #fff;\n}\n\n.tmpl_hh_footer__logo img {\n    display: inline;\n    width: 72px;\n    padding: 0 5px 0;\n}\n\n@media screen and (max-width: 699px) {\n    .tmpl_hh_header {\n        padding: 20px 0 49px 22px;\n    } \n\n    .tmpl_hh_header__logo {\n        width: 94px;\n        margin-bottom: 19px;\n    }\n\n    .tmpl_hh_header__logo:before {\n        top: -3px;\n        right: -15px;\n        font-size: 10px;\n        line-height: 10px;\n    }\n\n    p.tmpl_hh_header__slogan {\n        font-size: 16px;\n        line-height: 24px;\n    }\n\n    p.tmpl_hh_header__slogan span {\n        margin: 0 0 0 -12px;\n        padding: 2px 8px 3px 11px;\n    }\n\n    .tmpl_hh_squaresBlue,\n    .tmpl_hh_squaresRed {\n        width: 20px;\n        height: 20px;\n    }\n\n    .tmpl_hh_squaresRed--3 {\n        right: 20px;\n        bottom: 40px;\n    }\n\n    .tmpl_hh_squaresBlue--1 {\n        top: 20px;\n        right: 20px;\n    }\n\n    .tmpl_hh_content {\n        padding: 29px 20px 35px;\n    }\n\n    .tmpl_hh_footer {\n        padding: 20px 20px 22px;\n    }\n\n    p.tmpl_hh_footer__slogan {\n        font-size: 22px;\n        line-height: 28px;\n    }\n\n    .tmpl_hh_footer__logo {\n        margin: 11px 0 0 0px;\n    }\n\n    .tmpl_hh_footer__logo img {\n        width: 64px;\n    }\n}\n</style>\n\n\n<div class=\"tmpl_hh_wrapper\">\n    <div class=\"tmpl_hh_header\">\n        <div class=\"tmpl_hh_header__logo\"><img src=\"https://hhcdn.ru/ichameleon/170012.svg\" alt=\"\"></div>\n        <p class=\"tmpl_hh_header__slogan\"><span>Интерактивная образовательная</span><br><span>онлайн-платформа</span></p>\n        <div class=\"tmpl_hh_squaresRed tmpl_hh_squaresRed--1\"></div>\n        <div class=\"tmpl_hh_squaresRed tmpl_hh_squaresRed--2\"></div>\n        <div class=\"tmpl_hh_squaresRed tmpl_hh_squaresRed--3\"></div>\n        <div class=\"tmpl_hh_squaresBlue tmpl_hh_squaresBlue--1\"></div>\n        <div class=\"tmpl_hh_squaresBlue tmpl_hh_squaresBlue--2\"></div>\n    </div>\n    <div class=\"tmpl_hh_content\">\n       <p><strong>UCHi.RU</strong> — одна из крупнейших российских EdTech-компаний с аудиторией более 11,5 млн пользователей - это ученики, их родители и учителя. Мы создаем онлайн-курсы для школьников из стран БРИКС, США, Индонезии и Вьетнама. Помимо этого, на нашей платформе можно готовиться к экзаменам — ОГЭ и ЕГЭ, решать олимпиадные задачи и учиться программировать.</p> <p>Такая большая пользовательская база и трафик позволяют использовать честный data-driven подход при запуске новых направлений, а CustDev в Учи.ру является естественным этапом разработки продукта.</p> <p>В стенах Учи.ру собрана сильнейшая команда выпускников ведущих вузов России. Чтобы сделать нашу команду еще лучше, мы ищем <em>Senior Backend-разработчика</em> для усиления одной из наших кросс-функциональных продуктовых команд<em>. </em>Для разработчиков из других городов предусмотрена финансовая помощь при переезде.</p> <p><strong>Чем предстоит заниматься?</strong></p> <ul> <li>Разрабатывать продуктовые фичи и алгоритмы геймификации;</li> <li>Участвовать в принятии архитектурных решений;</li> <li>Развивать систему с точки зрения технологий и инфраструктуры;</li> <li> <p>Осуществлять интеграцию с внешними сервисами (почта, платежные системы для разных стран, системы обратной связи от пользователей);</p> </li> <li> <p>Разрабатывать API.</p> </li> </ul> <p><strong>Что мы ожидаем от кандидатов?</strong></p> <ul> <li>Уверенное владение Rails 4/5;</li> <li>Понимание, когда лучше использовать ActiveRecord, а когда plain SQL;</li> <li>Умение работать со структурами данных, знание базовых алгоритмов и их сложности;</li> <li>Понимание специфики микро-сервисной архитектуры.</li> </ul> <p><strong>Что есть у нас?</strong></p> <ul> <li>Возможность сделать школьное образование современным и комфортным и изменить повседневную жизнь учеников и учителей к лучшему;</li> <li>CI/CD, Docker и микросервисы, развертывание тестового окружения \"по кнопке\", а также Git flow и регулярные code-review;</li> <li>5 млн активных пользователей среди учеников, 10-20 релизов в сутки и приличные нагрузки на базу данных в 6000 запросов в секунду;</li> <li>Официальное оформление и \"белая\" заработная плата с ежеквартальными бонусами и компенсацией больничных до текущего дохода;</li> <li>Пятидневная рабочая неделя с возможностью выбрать удобное начало рабочего дня;</li> <li>Материальную помощь в случае важных событий в жизни сотрудников;</li> <li>Яркий и уютный офис в креативном пространстве Трехгорная Мануфактура (в пешей доступности от м. ул.1905 года или м. Краснопресненская).</li> </ul></div>\n    <div class=\"tmpl_hh_footer\">\n        <p class=\"tmpl_hh_footer__slogan\">Мы ждем тебя!</p>\n        <div class=\"tmpl_hh_footer__logo\">компания <img src=\"https://hhcdn.ru/ichameleon/170012.svg\" alt=\"\"></div>\n    </div>\n</div>\n\n","vacancy_constructor_template":null,"key_skills":[{"name":"Ruby"},{"name":"Ruby On Rails"},{"name":"PostgreSQL"},{"name":"Docker"},{"name":"CI/CD"},{"name":"ElasticSearch"},{"name":"ActiveRecord"},{"name":"RSpec"},{"name":"Rubymine"},{"name":"DelayedJob"},{"name":"React"}],"accept_handicapped":false,"accept_kids":false,"archived":false,"response_url":null,"specializations":[{"id":"1.221","name":"Программирование, Разработка","profarea_id":"1","profarea_name":"Информационные технологии, интернет, телеком"},{"id":"1.9","name":"Web инженер","profarea_id":"1","profarea_name":"Информационные технологии, интернет, телеком"}],"code":null,"hidden":false,"quick_responses_allowed":false,"driver_license_types":[],"accept_incomplete_resumes":false,"employer":{"id":"1046098","name":"Uchi.ru","url":"https://api.hh.ru/employers/1046098?host=hh.ru","alternate_url":"https://hh.ru/employer/1046098","logo_urls":{"90":"https://hhcdn.ru/employer-logo/1576946.png","original":"https://hhcdn.ru/employer-logo-original/283637.png","240":"https://hhcdn.ru/employer-logo/1576947.png"},"vacancies_url":"https://api.hh.ru/vacancies?employer_id=1046098&host=hh.ru","trusted":true},"published_at":"2021-05-25T14:25:14+0300","created_at":"2021-05-25T14:25:14+0300","negotiations_url":null,"suitable_resumes_url":null,"apply_alternate_url":"https://hh.ru/applicant/vacancy_response?vacancyId=44873558","has_test":false,"test":null,"alternate_url":"https://hh.ru/vacancy/44873558","working_days":[],"working_time_intervals":[],"working_time_modes":[],"accept_temporary":false}