{"id":"44902698","premium":false,"billing_type":{"id":"standard","name":"Стандарт"},"relations":[],"name":"Lead/Senior Python Developer (Backend)","insider_interview":null,"response_letter_required":false,"area":{"id":"1","name":"Москва","url":"https://api.hh.ru/areas/1?host=hh.ru"},"salary":{"from":null,"to":250000,"currency":"RUR","gross":false},"type":{"id":"open","name":"Открытая"},"address":{"city":null,"street":null,"building":null,"description":null,"lat":null,"lng":null,"raw":null,"metro":{"station_name":"Савеловская","line_name":"Серпуховско-Тимирязевская","station_id":"9.128","line_id":"9","lat":55.794054,"lng":37.587163},"metro_stations":[{"station_name":"Савеловская","line_name":"Серпуховско-Тимирязевская","station_id":"9.128","line_id":"9","lat":55.794054,"lng":37.587163}]},"allow_messages":true,"site":{"id":"hh","name":"hh.ru"},"experience":{"id":"between3And6","name":"От 3 до 6 лет"},"schedule":{"id":"fullDay","name":"Полный день"},"employment":{"id":"full","name":"Полная занятость"},"department":null,"contacts":null,"description":"<p><strong>Getmobit - российская технологическая компания, специализирующаяся на разработке, производстве и продвижении аппаратных продуктов и доверенного программного обеспечения для комплексной автоматизации рабочих мест и обеспечения безопасного доступа к корпоративным и государственным информационным системам и приложениям, телефонии, видеоконференцсвязи.</strong></p> <p>Getmobit - первый российский технологический стартап в области smart workspace, специализирующийся на создании программно-управляемых рабочих мест на базе собственной док-станции и интеграции со смартфонами.</p> <p>Мы фанатично делаем свой продукт, у нас большие амбиции стать лидером рынка корпоративных гаджетов. Мы делаем продукт для новых корпоративных задач, которые трансформируют бизнес. Поэтому мы смотрим далеко вперед, опережая время. Мы ценим в людях открытость, проактивность и ответственность.</p> <p>Мы растем и приглашаем<strong> </strong>в команду <strong>серверного разработчика (Python)</strong> для для реализации серверной части нашего программно-аппаратного продукта.</p> <p><strong>Чем предстоит заниматься</strong><strong>:</strong></p> <ul> <li>Разработка новых серверных приложений (системы мониторинга и управления для ИТ служб, MDM, внутренние и внешние порталы и др.)</li> <li>Разработка вспомогательных программ для целей прототипирования и тестирования основного функционала</li> <li>Анализ новых требований и проектирование технических решений для них в рамках backend и взаимодействия с интерфейсной частью, реализация технических решений</li> <li>Участие в проектировании и разработке архитектуры проекта и его компонентов, в разработке сценариев использования и требования к продукту</li> </ul> <p> </p> <p><strong>Ваши знания и навыки:</strong></p> <ul> <li>Опыт разработки backend от 2 лет</li> <li>Глубокое понимание Python <strong>(владение Python 3.5</strong>)</li> <li>Асинхронное программирование (<strong>asyncio, aiohttp</strong>)</li> <li>Работа с Docker’ом, Ansible</li> <li>Проектирование REST API</li> <li>Профилирование сетевых и веб-приложений</li> <li>Создание безопасных web приложений (знание разновидностей уязвимостей и способов защиты)</li> <li>Навыки devops и опыт администрирования Linux – большой плюс.</li> <li>Желателен опыт разработки Enterprise систем, коммерческой разработки, в том числе разработки крупных высоко-нагруженных систем с успешными внедрениями этих систем в production</li> </ul> <p> </p> <p><strong>Ценность нашего предложения:</strong></p> <ul> <li>Участие в разработке нового высокотехнологичного продукта, непосредственное влияние на бизнес-результат</li> <li>Возможности для профессионального развития: участие в интересных и амбициозных проектах</li> <li>Работа в условиях кросс-функциональной команды, горизонтальных связей, живых открытых дискуссий, <strong>Scrum</strong></li> <li>Ядром команды являются архитекторы, разработчики, промышленные дизайнеры и инженеры- конструктора, которые вместе с основателями компании создают смелые и качественные решения</li> <li>Корпоративное обучение (конференции, курсы и тренинги, английский язык, онлайн библиотека)</li> <li>Достойный фиксированный оклад - обсуждается индивидуально с кандидатом</li> <li>Трудоустройство по ТК РФ, ДМС</li> <li>Гибкое рабочее утро, график 5/2</li> <li>Комфортные условия работы (офис класса А, современная техника, зоны отдыха и игровые зоны, кухня)</li> </ul>","branded_description":null,"vacancy_constructor_template":null,"key_skills":[{"name":"Python"},{"name":"Linux"},{"name":"Git"},{"name":"Rest API"},{"name":"Continuous Integration / Continious Delivery"},{"name":"Асинхронное программирование"},{"name":"aiohttp"},{"name":"asyncio"}],"accept_handicapped":false,"accept_kids":false,"archived":false,"response_url":null,"specializations":[{"id":"1.221","name":"Программирование, Разработка","profarea_id":"1","profarea_name":"Информационные технологии, интернет, телеком"}],"code":null,"hidden":false,"quick_responses_allowed":false,"driver_license_types":[],"accept_incomplete_resumes":false,"employer":{"id":"2760901","name":"GETMOBIT","url":"https://api.hh.ru/employers/2760901?host=hh.ru","alternate_url":"https://hh.ru/employer/2760901","logo_urls":{"original":"https://hhcdn.ru/employer-logo-original/503667.png","90":"https://hhcdn.ru/employer-logo/2456421.png","240":"https://hhcdn.ru/employer-logo/2456422.png"},"vacancies_url":"https://api.hh.ru/vacancies?employer_id=2760901&host=hh.ru","trusted":true},"published_at":"2021-05-26T12:22:23+0300","created_at":"2021-05-26T12:22:23+0300","negotiations_url":null,"suitable_resumes_url":null,"apply_alternate_url":"https://hh.ru/applicant/vacancy_response?vacancyId=44902698","has_test":false,"test":null,"alternate_url":"https://hh.ru/vacancy/44902698","working_days":[],"working_time_intervals":[],"working_time_modes":[],"accept_temporary":false}