{"id":"44900661","premium":false,"billing_type":{"id":"standard","name":"Стандарт"},"relations":[],"name":"Middle / Senior Python Backend Developer (Remote)","insider_interview":null,"response_letter_required":false,"area":{"id":"1","name":"Москва","url":"https://api.hh.ru/areas/1?host=hh.ru"},"salary":{"from":170000,"to":250000,"currency":"RUR","gross":false},"type":{"id":"open","name":"Открытая"},"address":null,"allow_messages":true,"site":{"id":"hh","name":"hh.ru"},"experience":{"id":"between3And6","name":"От 3 до 6 лет"},"schedule":{"id":"remote","name":"Удаленная работа"},"employment":{"id":"full","name":"Полная занятость"},"department":null,"contacts":null,"description":"<p>Привет! Меня зовут Иван, мы ищем backend инженера в один из проектов компании SMMplanner.</p> <p>SMMplanner — это компания в портфель которой входит несколько крупных интернет проектов с большим объёмом клиентов и трафика в области SMM, ADS, ELT: SMMplanner.com, Pepper.Ninja и DataFan.pro. Основное место локации Москва.<br /><br />В нашу команду требуется backend Python middle / senior программист.</p> <p><strong>Структура нашей компании в плане разработки:</strong><br />За каждым проектом закреплена своя команда, в который входит несколько backend специалистов, отдельно frontend, тестировщики и product owner.</p> <p>Живем по недельным спринтам, тикеты для спринтов планируем и расписываем заранее, а не в течение текущего спринта. ;) Синхронизируемся через утренние созвоны, которые длятся не больше 30 минут (за таймингом следим).</p> <p>Команды могут пересекаться между собой при работах над общей микросервисной архитектурой.</p> <p><strong>В компании есть культура:</strong> code review, code refactoring. Соответственно, нужно быть готовым показывать свой код старшим коллегам и уметь отвечать за него.</p> <p>Чтобы быстро влиться в работу, от тебя требуется знание с опытом от 3 лет: Python&gt;=3.7, Django&gt;=3.1.0, Celery&gt;=4.0, DRF&gt;=3.12.4<br />Базы данных: PostgreSQL, ClickHouse<br />Остальные технологии: CentOS, Docker, Kubernetes</p> <p><strong>Тебе предстоит:</strong><br />1. Получить готовенький, оттестированный MVP и запустить его в продакшн.<br />2. Далее развивать backend продукта, оптимизируя его и дописывая новый функционал.<br />3. Мониторинг очередей Celery (и оптимизация), мониторинг backend через Sentry.</p> <p><strong>Что будет плюсом:</strong><br />1. Опыт работы с Sentry в продакшн.<br />2. Опыт работы с API социальных сетей (Facebook).<br />3. Опыта парсинга и разработки ботов.<br />4. Опыт ci/cd.<br />5. Знакомство с AngularJS.<br />6. Ты умеешь не только читать тикеты, но и дописывать в них пометки для тестеров и ревьюверов.</p> <p>Дополнительные инструкции</p> <p>В отклике на вакансию добавьте пару слов о ваших самых сложных/интересных проектах. Прикрепите ссылку на ваш GitHub.</p>","branded_description":null,"vacancy_constructor_template":null,"key_skills":[{"name":"Python"},{"name":"Django Framework"},{"name":"Celery"},{"name":"PostgreSQL"},{"name":"DRF"},{"name":"AngularJS"},{"name":"Базы данных"}],"accept_handicapped":false,"accept_kids":false,"archived":false,"response_url":null,"specializations":[{"id":"1.221","name":"Программирование, Разработка","profarea_id":"1","profarea_name":"Информационные технологии, интернет, телеком"}],"code":null,"hidden":false,"quick_responses_allowed":false,"driver_license_types":[],"accept_incomplete_resumes":false,"employer":{"id":"2771061","name":"Данильченко Иван Сергеевич","url":"https://api.hh.ru/employers/2771061?host=hh.ru","alternate_url":"https://hh.ru/employer/2771061","logo_urls":{"original":"https://hhcdn.ru/employer-logo-original/818246.jpg","240":"https://hhcdn.ru/employer-logo/3713872.jpeg","90":"https://hhcdn.ru/employer-logo/3713871.jpeg"},"vacancies_url":"https://api.hh.ru/vacancies?employer_id=2771061&host=hh.ru","trusted":false},"published_at":"2021-05-26T11:46:55+0300","created_at":"2021-05-26T11:46:55+0300","negotiations_url":null,"suitable_resumes_url":null,"apply_alternate_url":"https://hh.ru/applicant/vacancy_response?vacancyId=44900661","has_test":false,"test":null,"alternate_url":"https://hh.ru/vacancy/44900661","working_days":[],"working_time_intervals":[],"working_time_modes":[],"accept_temporary":false}