{"id":"44903095","premium":false,"billing_type":{"id":"standard","name":"Стандарт"},"relations":[],"name":"Senior Backend-разработчик (Java)","insider_interview":null,"response_letter_required":false,"area":{"id":"1","name":"Москва","url":"https://api.hh.ru/areas/1?host=hh.ru"},"salary":{"from":180000,"to":null,"currency":"RUR","gross":false},"type":{"id":"open","name":"Открытая"},"address":{"city":"Москва","street":"4-я улица 8 Марта","building":"3","description":null,"lat":55.803499,"lng":37.547755,"raw":"Москва, 4-я улица 8 Марта, 3","metro":{"station_name":"Аэропорт","line_name":"Замоскворецкая","station_id":"2.12","line_id":"2","lat":55.800441,"lng":37.530477},"metro_stations":[{"station_name":"Аэропорт","line_name":"Замоскворецкая","station_id":"2.12","line_id":"2","lat":55.800441,"lng":37.530477}]},"allow_messages":true,"site":{"id":"hh","name":"hh.ru"},"experience":{"id":"between3And6","name":"От 3 до 6 лет"},"schedule":{"id":"fullDay","name":"Полный день"},"employment":{"id":"full","name":"Полная занятость"},"department":null,"contacts":null,"description":"<p>Привет!</p> <p>Меня зовут Павел Розов, я отвечаю за развитие цифровых продуктов в сегментах розницы, малого и среднего бизнеса. Ищу в свои команды сильного и драйвового backend-разработчика. Если ты любишь своё дело и работу в команде, тебя мотивируют победы и чёткое понимание того, какую пользу ты принёс людям – давай знакомиться!</p> <p><strong>Чем мы занимаемся в своём направлении:</strong></p> <ul> <li>Создаем успешный и комфортный опыт людей при взаимодействии с банком</li> <li>Развиваем цифровые сервисы и продукты для клиентов и сотрудников</li> <li>Заменяем старые легаси на современный стек</li> </ul> <p>В общем, работы у нас, мягко говоря, много, а задачи амбициозные)</p> <p><strong>Чего у нас точно нет:</strong></p> <ul> <li>Работы годами над одной формой или страницей приложения</li> <li>Жестокой и беспощадной бюрократии внутри компании</li> <li>Обязательного посещения офиса или принудительной удалёнки, а также жёсткого утра в 9:00 (всё гибко на выбор команды)</li> </ul> <p><strong>Что у нас есть:</strong></p> <ul> <li>Возможность сделать жизнь клиентов и пользователей чуточку лучше и слышать их обратную связь регулярно и вживую</li> <li>Открытость, доверие и здоровая атмосфера внутри команд и компании</li> <li>Интересные задачи и помощь друг другу в личном и профессиональном развитии</li> </ul> <p><br /></p> <p><strong>Основные задачи разработчика</strong></p> <ul> <li>Работать в сильной команде, принимать решения на равных (никаких должностей, только роли)</li> <li>Принимать участие в разработке продукта совместно с командой</li> <li>Создавать и развивать backend продукта</li> <li>Разрабатывать API</li> <li>Писать интеграционные и юнит-тесты, разрабатывать средства автоматизации для повседневных задач</li> <li>Участвовать в обмене опытом и практиках между разработчиками</li> <li>Активно развиваться вместе с командой, участвовать в backend-сообществе</li> </ul> <p> </p> <p>В своей работе мы используем: Java, Spring Boot, Kafka, PostgreSQL, ELK.</p> <p> </p> <p><strong>Что мы ждём от тебя</strong></p> <ul> <li>Опыт создания продуктов на Java от 2-х лет</li> <li>Опыт работы с фреймворком Spring Boot</li> <li>Умение и желание писать Unit-тесты</li> <li>Опыт работы SQL (PostgreSQL) и NoSQL (Elasticsearch) базами</li> <li>Опыт проектирования и построения микросервисных архитектур</li> </ul> <p> </p> <p><strong>Будет плюсом</strong></p> <ul> <li>Опыт работы с BPMS Camunda</li> <li>Опыт разработки на Golang</li> <li>Опыт работы в банковской сфере</li> </ul> <p> </p> <p><strong>Условия</strong></p> <ul> <li>Гибкое утро с 9:00 до 11:00</li> <li>Возможность работы в офисе, удалённо или комбинировано</li> <li>Атмосфера и скорость стартапа при стабильности и безопасности крупного банка</li> <li>Оформление по ТК РФ и белая зарплата</li> <li>ДМС со стоматологией и лучшими клиниками Москвы</li> </ul> <p> </p>","branded_description":null,"vacancy_constructor_template":null,"key_skills":[{"name":"Spring Framework"},{"name":"Java"},{"name":"Java EE"},{"name":"SQL"},{"name":"Java SE"},{"name":"PostgreSQL"},{"name":"Atlassian Jira"},{"name":"Atlassian Confluence"}],"accept_handicapped":false,"accept_kids":false,"archived":false,"response_url":null,"specializations":[{"id":"1.395","name":"Банковское ПО","profarea_id":"1","profarea_name":"Информационные технологии, интернет, телеком"},{"id":"1.221","name":"Программирование, Разработка","profarea_id":"1","profarea_name":"Информационные технологии, интернет, телеком"}],"code":null,"hidden":false,"quick_responses_allowed":false,"driver_license_types":[],"accept_incomplete_resumes":false,"employer":{"id":"3320111","name":"Айсиэм","url":"https://api.hh.ru/employers/3320111?host=hh.ru","alternate_url":"https://hh.ru/employer/3320111","logo_urls":{"240":"https://hhcdn.ru/employer-logo/3849212.jpeg","90":"https://hhcdn.ru/employer-logo/3849211.jpeg","original":"https://hhcdn.ru/employer-logo-original/852084.jpg"},"vacancies_url":"https://api.hh.ru/vacancies?employer_id=3320111&host=hh.ru","trusted":true},"published_at":"2021-06-07T16:19:29+0300","created_at":"2021-06-07T16:19:29+0300","negotiations_url":null,"suitable_resumes_url":null,"apply_alternate_url":"https://hh.ru/applicant/vacancy_response?vacancyId=44903095","has_test":false,"test":null,"alternate_url":"https://hh.ru/vacancy/44903095","working_days":[],"working_time_intervals":[],"working_time_modes":[],"accept_temporary":false}