{"id":"44909497","premium":false,"billing_type":{"id":"standard","name":"Стандарт"},"relations":[],"name":"Senior Ruby on Rails Back-end Developer","insider_interview":null,"response_letter_required":false,"area":{"id":"1","name":"Москва","url":"https://api.hh.ru/areas/1?host=hh.ru"},"salary":{"from":250000,"to":400000,"currency":"RUR","gross":false},"type":{"id":"open","name":"Открытая"},"address":null,"allow_messages":true,"site":{"id":"hh","name":"hh.ru"},"experience":{"id":"between3And6","name":"От 3 до 6 лет"},"schedule":{"id":"remote","name":"Удаленная работа"},"employment":{"id":"full","name":"Полная занятость"},"department":null,"contacts":null,"description":"<p>Наш резидент <strong>MPI</strong>- производитель программного обеспечения для организаций приглашает сильных RоR разработчиков для работы в крупном проекте по разработке BPM-системы.<br />https://mpicloud.com<br />Программное обеспечение MPI Supply Chain было разработано при поддержке инженеров компании Zebra на основе международного многолетнего опыта Zebra Technologies по обслуживанию тысяч клиентов, в том числе многих ведущих компаний в мире.<br /><br /><strong>ТЕКУЩИЙ ТЕХНОЛОГИЧЕСКИЙ СТЕК: </strong><br />Серверная часть (Back-end) разрабатывается на языке Ruby (Ruby on Rails). Отдельные части системы (микросервисы) написаны на других языках, таких как Scala и Go.<br /><br /><strong>Предстоящие задачи: </strong></p> <ul> <li>разработка нового функционала продукта, которым будут пользоваться различные компании и предприниматели, в том числе разработка фундаментальных механизмов и библиотек;</li> <li>поддержка существующей реализации продукта;</li> <li>активное участие в проектировании и разработке архитектуры серверных приложений;</li> <li>выявление возможностей по улучшению используемых компонентов, процессов и инструментов, внедрению их в практику;</li> <li>взаимодействие с аналитиками, оценка и декомпозиция бизнес-задач;</li> <li>управление серверными разработчиками команды, распределение декомпозированных задач между ними;</li> <li>проверка решений серверных разработчиков команды</li> </ul> <p><strong>Что мы хотим видеть от вас: </strong></p> <ul> <li>опыт разработки на Ruby on Rails от 4-х лет;</li> <li>глубокие знания PostgreSQL вплоть до особенностей реализации параллельного выполнения транзакций, уровней изоляции и системных таблиц;</li> <li>уверенное владение SQL, в том числе сложными составными конструкциями;</li> <li>опыт работы с серверными дистрибутивами Linux и командной строкой Linux;</li> <li>опыт работы с Git;</li> <li>участие в разработке архитектуры приложения.</li> </ul> <p><br /><strong>УСЛОВИЯ РАБОТЫ И БОНУСЫ: </strong></p> <ul> <li>Работа по Scrum;</li> <li>100% белая зп, все по ТК РФ;</li> <li>удалёнка из любой точки РФ или офис в Казани/Иннополисе</li> <li>Корпоративные бонусы по истечению испытательного срока (3мес);</li> </ul>","branded_description":null,"vacancy_constructor_template":null,"key_skills":[{"name":"Ruby On Rails"},{"name":"SQL"},{"name":"PostgreSQL"},{"name":"Linux"},{"name":"Git"}],"accept_handicapped":false,"accept_kids":false,"archived":false,"response_url":null,"specializations":[{"id":"1.221","name":"Программирование, Разработка","profarea_id":"1","profarea_name":"Информационные технологии, интернет, телеком"}],"code":null,"hidden":false,"quick_responses_allowed":false,"driver_license_types":[],"accept_incomplete_resumes":false,"employer":{"id":"1740229","name":"Город Иннополис","url":"https://api.hh.ru/employers/1740229?host=hh.ru","alternate_url":"https://hh.ru/employer/1740229","logo_urls":{"90":"https://hhcdn.ru/employer-logo/3325480.jpeg","240":"https://hhcdn.ru/employer-logo/3325481.jpeg","original":"https://hhcdn.ru/employer-logo-original/721095.jpg"},"vacancies_url":"https://api.hh.ru/vacancies?employer_id=1740229&host=hh.ru","trusted":true},"published_at":"2021-05-26T14:25:49+0300","created_at":"2021-05-26T14:25:49+0300","negotiations_url":null,"suitable_resumes_url":null,"apply_alternate_url":"https://hh.ru/applicant/vacancy_response?vacancyId=44909497","has_test":false,"test":null,"alternate_url":"https://hh.ru/vacancy/44909497","working_days":[],"working_time_intervals":[],"working_time_modes":[],"accept_temporary":false}