{"id":"44919054","premium":false,"billing_type":{"id":"standard","name":"Стандарт"},"relations":[],"name":"Senior backend developer .Net Core","insider_interview":null,"response_letter_required":false,"area":{"id":"1","name":"Москва","url":"https://api.hh.ru/areas/1?host=hh.ru"},"salary":{"from":150000,"to":null,"currency":"RUR","gross":false},"type":{"id":"open","name":"Открытая"},"address":{"city":"Москва","street":"улица Образцова","building":"7","description":null,"lat":55.786338,"lng":37.607529,"raw":"Москва, улица Образцова, 7","metro":null,"metro_stations":[]},"allow_messages":true,"site":{"id":"hh","name":"hh.ru"},"experience":{"id":"between3And6","name":"От 3 до 6 лет"},"schedule":{"id":"fullDay","name":"Полный день"},"employment":{"id":"full","name":"Полная занятость"},"department":null,"contacts":null,"description":"<p>В команду разработки кроссплатформенной системы мониторинга и управления промышленными объектами от уровня единичного агрегата до предприятия в целом требуется senior разработчик на back-end.</p> <p><strong>Обязанности:</strong></p> <ul> <li>Проектирование архитектуры и разработка серверной части платформы для промышленного интернета вещей и управления технологическим оборудованием.</li> </ul> <strong>Требования к кандидату:</strong> <p><strong>Обязательно:</strong></p> <ul> <li>Опыт проектирования и разработки микросервисных приложений;</li> <li>Опыт проектирования и разработки микросервисного API:</li> <li>Опыт разработки на платформе .Net или .Net Core не менее 3-х лет;</li> <li>Опыт разработки ПО от 5-х лет;</li> <li>Опыт разработки баз данных;</li> <li>Опыт командной разработки;</li> <li>Знание шаблонов проектирования;</li> <li>Высшее техническое образование;</li> <li>Английский язык на уровне чтения технических документов.</li> </ul> <p><strong>Будет преимуществом</strong><strong>:</strong></p> <ul> <li>Опыт работы с брокером сообщений RabbitMQ;</li> <li>Опыт работы с БД PostgreSQL;</li> <li>Опыт работы с NoSQL БД;</li> <li>Опыт работы с Consul;</li> <li>Опыт работы с Docker и Kubernetes;</li> <li>Знание принципов безопасной разработки программного обеспечения;</li> <li>Опыт работы с продуктами Atlassian (Jira, Confluence, Bitbucket).</li> </ul> <strong>Условия:</strong> <p> </p> <ul> <li>Трудоустройство по ТК РФ, размер зарплаты - по результатам собеседования.</li> <li>Гибкий график, возможна частично удаленная работа</li> <li>Офис неподалеку от метро Достоевская.</li> </ul>","branded_description":null,"vacancy_constructor_template":null,"key_skills":[{"name":"Atlassian Jira"},{"name":"SQL"},{"name":"RabbitMQ"},{"name":"БД PostgreSQL"},{"name":"Consul"},{"name":"Docker"},{"name":"Kubernetes"},{"name":"Atlassian Confluence"},{"name":"Atlassian Bitbucket"},{"name":"API"},{"name":".NET Core"},{"name":"Microservices"},{"name":"Работа с базами данных"},{"name":"С#"}],"accept_handicapped":false,"accept_kids":false,"archived":false,"response_url":null,"specializations":[{"id":"1.221","name":"Программирование, Разработка","profarea_id":"1","profarea_name":"Информационные технологии, интернет, телеком"},{"id":"1.274","name":"Системы автоматизированного проектирования","profarea_id":"1","profarea_name":"Информационные технологии, интернет, телеком"}],"code":null,"hidden":false,"quick_responses_allowed":false,"driver_license_types":[],"accept_incomplete_resumes":false,"employer":{"id":"2417922","name":"ЭЛАРА","url":"https://api.hh.ru/employers/2417922?host=hh.ru","alternate_url":"https://hh.ru/employer/2417922","logo_urls":{"240":"https://hhcdn.ru/employer-logo/1801163.jpeg","90":"https://hhcdn.ru/employer-logo/1801162.jpeg","original":"https://hhcdn.ru/employer-logo-original/339724.jpg"},"vacancies_url":"https://api.hh.ru/vacancies?employer_id=2417922&host=hh.ru","trusted":true},"published_at":"2021-05-26T17:32:20+0300","created_at":"2021-05-26T17:32:20+0300","negotiations_url":null,"suitable_resumes_url":null,"apply_alternate_url":"https://hh.ru/applicant/vacancy_response?vacancyId=44919054","has_test":false,"test":null,"alternate_url":"https://hh.ru/vacancy/44919054","working_days":[],"working_time_intervals":[],"working_time_modes":[],"accept_temporary":false}