{"id":"44938326","premium":false,"billing_type":{"id":"standard_plus","name":"Стандарт плюс"},"relations":[],"name":"Senior/Team Lead/Tech Lead Backend Developer (Kotlin/Java/Node.js)","insider_interview":null,"response_letter_required":false,"area":{"id":"1","name":"Москва","url":"https://api.hh.ru/areas/1?host=hh.ru"},"salary":{"from":160000,"to":300000,"currency":"RUR","gross":false},"type":{"id":"open","name":"Открытая"},"address":{"city":"Москва","street":"Космодамианская набережная","building":"52с10","description":null,"lat":55.732499,"lng":37.646094,"raw":"Москва, Космодамианская набережная, 52с10","metro":{"station_name":"Павелецкая","line_name":"Замоскворецкая","station_id":"2.101","line_id":"2","lat":55.729741,"lng":37.638693},"metro_stations":[{"station_name":"Павелецкая","line_name":"Замоскворецкая","station_id":"2.101","line_id":"2","lat":55.729741,"lng":37.638693}]},"allow_messages":true,"site":{"id":"hh","name":"hh.ru"},"experience":{"id":"between3And6","name":"От 3 до 6 лет"},"schedule":{"id":"remote","name":"Удаленная работа"},"employment":{"id":"full","name":"Полная занятость"},"department":null,"contacts":null,"description":"<p>Локация: Россия<br />Компания: &quot;Skolopendra&quot;<br />Формат работы: Office (Moscow)/Remote<br />Занятость: Full-time</p> <p><strong>Описание:</strong></p> <ul> <li>Опыт коммерческой разработки ПО в команде;</li> <li>Хорошее знание Kotlin (преимущественно используем его) или Java;</li> <li>(или) Хорошее знание NODE.JS (nest) и опыт работы в крупных промышленных высоконагруженных Продуктах;</li> <li>Понимание микросервисной архитектуры;</li> <li>Умение создать надежный масштабирующийся сервис;</li> <li>Работа с нашим стеком технологий или желание его освоить;</li> <li>Умение и желание писать unit-тесты.</li> </ul> <p><strong>Наши технологии:</strong></p> <ul> <li>Spring 5: core, boot, data, web, security;</li> <li>MQ: Kafka, RabbitMQ;</li> <li>PostgreSQL, MongoDB, Clickhouse;</li> <li>Docker, k8s, aws, yandex cloud,etc;</li> <li>REST, grpc, web-sockets.</li> </ul> <p><strong>Будет считаться преимуществом и рассматриваться с особым интересом:</strong></p> <ul> <li>FullStack по смежным направлениям;</li> <li>Знания о работе электроники вообще и микроконтроллеров в частности;</li> <li>Опыт работы в таких сферах как: фин.тех, IoT, ML, медицина, биржевая торговля, реклама, крипто-проекты, системы умного дома;</li> <li>Опыт работы с ИТ-продуктами и StartUp проектами.</li> </ul> <p> </p>","branded_description":null,"vacancy_constructor_template":null,"key_skills":[{"name":"PostgreSQL"},{"name":"Spring Framework"},{"name":"MongoDB"},{"name":"Java"},{"name":"Kotlin"},{"name":"Kafka"},{"name":"Node.js"},{"name":"nest.js"}],"accept_handicapped":false,"accept_kids":false,"archived":false,"response_url":null,"specializations":[{"id":"1.221","name":"Программирование, Разработка","profarea_id":"1","profarea_name":"Информационные технологии, интернет, телеком"}],"code":null,"hidden":false,"quick_responses_allowed":false,"driver_license_types":[],"accept_incomplete_resumes":false,"employer":{"id":"5409429","name":"Сколопендра","url":"https://api.hh.ru/employers/5409429?host=hh.ru","alternate_url":"https://hh.ru/employer/5409429","logo_urls":{"240":"https://hhcdn.ru/employer-logo/3851112.png","90":"https://hhcdn.ru/employer-logo/3851111.png","original":"https://hhcdn.ru/employer-logo-original/852559.png"},"vacancies_url":"https://api.hh.ru/vacancies?employer_id=5409429&host=hh.ru","trusted":true},"published_at":"2021-06-11T11:43:07+0300","created_at":"2021-06-11T11:43:07+0300","negotiations_url":null,"suitable_resumes_url":null,"apply_alternate_url":"https://hh.ru/applicant/vacancy_response?vacancyId=44938326","has_test":false,"test":null,"alternate_url":"https://hh.ru/vacancy/44938326","working_days":[],"working_time_intervals":[],"working_time_modes":[],"accept_temporary":false}