{"id":"44945263","premium":false,"billing_type":{"id":"standard_plus","name":"Стандарт плюс"},"relations":[],"name":"Ведущий разработчик (Backend, .Net, С#)","insider_interview":null,"response_letter_required":false,"area":{"id":"1","name":"Москва","url":"https://api.hh.ru/areas/1?host=hh.ru"},"salary":null,"type":{"id":"open","name":"Открытая"},"address":null,"allow_messages":true,"site":{"id":"hh","name":"hh.ru"},"experience":{"id":"between3And6","name":"От 3 до 6 лет"},"schedule":{"id":"fullDay","name":"Полный день"},"employment":{"id":"full","name":"Полная занятость"},"department":null,"contacts":null,"description":"<p><strong>Компания ENGY</strong> (en-gy.ru) c 2008 года специализируется на реализации &quot;под ключ&quot; инновационных проектов в области терминалов самообслуживания и вендинговых машин, а также разработке программно-аппаратных комплексов на базе устройств самообслуживания.</p> <p>Компания постоянно растет развивается как в усилении направления разработки ПО (каждый комплекс уникален, разработка высокоуровневая), так и в формировании новых технологий в области самих конструкций.</p> <p>Сейчас мы ищем Ведущего разработчика (Backend, .Net Core, С#), в задачи которого будут входить:</p> <ul> <li>Разработка серверных компонентов для Windows / Linux (web-сервисы, DAL, web-api, службы);</li> <li>Разработка компонентов бизнес логики;</li> <li>Разработка БД;</li> <li>Разработка unit-тестов;</li> <li>Участие в проектировании архитектуры системы.</li> </ul> <p>Мы ждем от опыта такого человека:</p> <ul> <li>Опыт работы от 5 лет;</li> <li>Опыт разработки программного обеспечения на платформе .NET/.NET Core от 3 лет;</li> <li>Уверенное владение MS SQL Server и/или PostgreSQL (написание сложных запросов/хранимых процедур/оптимизация);</li> <li>Уверенное владение C# (3-5+ лет);</li> <li>.NET Core 3.1+ (возможно .NET 4.5+)</li> <li>Опыт работы с IoC-контейнерами и DI-фреймворками;</li> <li>Знание EF/EF Core, LINQ;</li> <li>Знание HTTP, WCF, REST;</li> <li>Знание современных методологий разработки систем и паттернов проектирования;</li> <li>Опыт работы с системами контроля версий;</li> <li>Опыт работы в команде;</li> <li>Технический английский (чтение технической документации).<br /></li> </ul> <p><strong>Будет плюсом:</strong></p> <ul> <li>Высокая ответственность, ориентированность на разработку качественного программного обеспечения;</li> <li>Опыт веб-разработки;</li> <li>Опыт разработки высоконагруженных систем;</li> <li>Опыт разработки сервисов интеграции;</li> <li>Владение протоколами стека TCP/IP;</li> </ul> <p><strong>Мы предлагаем:</strong></p> <ul> <li>амбициозные и интересные задачи в ежегодно развивающемся бизнесе (разработка ПО + собственное производство);</li> <li>возможность брать на себя дополнительные проекты и участвовать в запусках продуктовых решений, которых еще нет на рынке (компания вкладывает большое количество усилий в исследования будущих потребностей своих клиентов и реализации новых решений для них);</li> <li>официальная заработная плата по результатам собеседования, трудоустройство согласно ТК;</li> <li><strong>работа в офисе</strong> в р-не ст. м. Кантемировская;</li> <li>молодой коллектив единомышленников.</li> </ul> <p> </p>","branded_description":null,"vacancy_constructor_template":null,"key_skills":[{"name":"WCF"},{"name":"MS SQL Server"},{"name":"C#"},{"name":"Transact-SQL"},{"name":"Atlassian Jira"}],"accept_handicapped":false,"accept_kids":false,"archived":false,"response_url":null,"specializations":[{"id":"1.395","name":"Банковское ПО","profarea_id":"1","profarea_name":"Информационные технологии, интернет, телеком"},{"id":"1.221","name":"Программирование, Разработка","profarea_id":"1","profarea_name":"Информационные технологии, интернет, телеком"},{"id":"1.270","name":"Сетевые технологии","profarea_id":"1","profarea_name":"Информационные технологии, интернет, телеком"}],"code":null,"hidden":false,"quick_responses_allowed":false,"driver_license_types":[],"accept_incomplete_resumes":false,"employer":{"id":"1656114","name":"ENGY","url":"https://api.hh.ru/employers/1656114?host=hh.ru","alternate_url":"https://hh.ru/employer/1656114","logo_urls":{"original":"https://hhcdn.ru/employer-logo-original/716480.png","90":"https://hhcdn.ru/employer-logo/3307036.png","240":"https://hhcdn.ru/employer-logo/3307037.png"},"vacancies_url":"https://api.hh.ru/vacancies?employer_id=1656114&host=hh.ru","trusted":true},"published_at":"2021-06-11T13:58:32+0300","created_at":"2021-06-11T13:58:32+0300","negotiations_url":null,"suitable_resumes_url":null,"apply_alternate_url":"https://hh.ru/applicant/vacancy_response?vacancyId=44945263","has_test":false,"test":null,"alternate_url":"https://hh.ru/vacancy/44945263","working_days":[],"working_time_intervals":[],"working_time_modes":[],"accept_temporary":false}