{"id":"44948911","premium":false,"billing_type":{"id":"standard","name":"Стандарт"},"relations":[],"name":"Senior Python Backend Developer (Remote)","insider_interview":null,"response_letter_required":false,"area":{"id":"1","name":"Москва","url":"https://api.hh.ru/areas/1?host=hh.ru"},"salary":{"from":200000,"to":250000,"currency":"RUR","gross":false},"type":{"id":"open","name":"Открытая"},"address":{"city":null,"street":null,"building":null,"description":null,"lat":null,"lng":null,"raw":null,"metro":{"station_name":"Семеновская","line_name":"Арбатско-Покровская","station_id":"3.130","line_id":"3","lat":55.783096,"lng":37.719289},"metro_stations":[{"station_name":"Семеновская","line_name":"Арбатско-Покровская","station_id":"3.130","line_id":"3","lat":55.783096,"lng":37.719289}]},"allow_messages":true,"site":{"id":"hh","name":"hh.ru"},"experience":{"id":"between3And6","name":"От 3 до 6 лет"},"schedule":{"id":"remote","name":"Удаленная работа"},"employment":{"id":"full","name":"Полная занятость"},"department":null,"contacts":null,"description":"<p><strong>Обязанности:</strong></p> <ul> <li>Поддержание и доработка существующих сервисов;</li> <li>Проектирование и разработка новых микросервисов;</li> <li>Разработка интеграций с различными внешними системами;</li> <li>Написание технической документации по проекту;</li> </ul> <p><br /><strong>Требование:</strong></p> <ul> <li>Знания и опыт работы с docker / docker-compose / kubernetes;</li> <li>Понимание ООП, знание паттернов проектирования;</li> <li>Опыт работы с языком программирования Python 3 от 3-х лет;</li> <li>Опыт разработки асинхронных приложений на Python;</li> <li>Знание протокола HTTP и понимание REST-архитектуры;</li> <li> <p>Git на уровне уверенного пользователя;</p> </li> <li> <p>Уверенное знание Linux;</p> </li> <li>Умение планировать свою работу и достигать результатов в срок, самоорганизованность;</li> </ul> <p><strong>Приветствуется:</strong></p> <ul> <li>Опыт работы в сложных и интересных проектах;</li> </ul> <p><strong>Условия:</strong></p> <ul> <li>Новый, интересный проект;</li> <li>Удалённая работа;</li> <li>Оформление по ТК РФ;</li> <li>Возможность профессионального и карьерного развития;</li> </ul>","branded_description":null,"vacancy_constructor_template":null,"key_skills":[],"accept_handicapped":false,"accept_kids":false,"archived":false,"response_url":null,"specializations":[{"id":"1.221","name":"Программирование, Разработка","profarea_id":"1","profarea_name":"Информационные технологии, интернет, телеком"}],"code":null,"hidden":false,"quick_responses_allowed":false,"driver_license_types":[],"accept_incomplete_resumes":false,"employer":{"id":"1497702","name":"EPG Service","url":"https://api.hh.ru/employers/1497702?host=hh.ru","alternate_url":"https://hh.ru/employer/1497702","logo_urls":{"240":"https://hhcdn.ru/employer-logo/2795324.png","90":"https://hhcdn.ru/employer-logo/2795323.png","original":"https://hhcdn.ru/employer-logo-original/588517.png"},"vacancies_url":"https://api.hh.ru/vacancies?employer_id=1497702&host=hh.ru","trusted":true},"published_at":"2021-05-27T15:11:07+0300","created_at":"2021-05-27T15:11:07+0300","negotiations_url":null,"suitable_resumes_url":null,"apply_alternate_url":"https://hh.ru/applicant/vacancy_response?vacancyId=44948911","has_test":false,"test":null,"alternate_url":"https://hh.ru/vacancy/44948911","working_days":[],"working_time_intervals":[],"working_time_modes":[],"accept_temporary":false}