{"id":"44942061","premium":false,"billing_type":{"id":"standard_plus","name":"Стандарт плюс"},"relations":[],"name":"Middle/Senior Node.JS разработчик (Backend, full stack)","insider_interview":null,"response_letter_required":false,"area":{"id":"1","name":"Москва","url":"https://api.hh.ru/areas/1?host=hh.ru"},"salary":{"from":270000,"to":null,"currency":"RUR","gross":true},"type":{"id":"open","name":"Открытая"},"address":{"city":"Москва","street":"Бауманская улица","building":"6с2","description":null,"lat":55.7755025822,"lng":37.6744506501,"raw":"Москва, Бауманская улица, 6с2","metro":null,"metro_stations":[]},"allow_messages":true,"site":{"id":"hh","name":"hh.ru"},"experience":{"id":"between1And3","name":"От 1 года до 3 лет"},"schedule":{"id":"fullDay","name":"Полный день"},"employment":{"id":"full","name":"Полная занятость"},"department":null,"contacts":null,"description":"<strong>Обязанности:</strong> <ul> <li> <p>Проектирование и разработка на Nest.js нового функционала;</p> </li> <li>Рефакторинг, унификация и поддержание в работоспособном состоянии имеющейся разработки;</li> <li> <p>Работа в команде (тесное и структурированное взаимодействие с коллегами).</p> </li> </ul> <strong>Требования:</strong> <ul> <li> <p>Значительный опыт использования Node.js (OpenSource, коммерческие проекты);</p> </li> <li> <p>Будет плюсом знание и опыт работы с Hasura, GraphQL;</p> </li> <li> <p>Понимание DevOps практик;</p> </li> <li> <p>Опыт работы с docker-compose;</p> </li> <li> <p>Опыт использования фронт-стека React, Vue (next, nuxt, vuetify, antd);</p> </li> <li> <p>Здоровая инициатива, ответственность, внимательность;</p> </li> <li> <p>Уверенные знания PostrgreSQL;</p> </li> <li> <p>Владение Linux (Ubuntu) на уровне уверенного пользователя;</p> </li> <li> <p>Опыт практического применения инструментов командной разработки и управления версиями (GitLab)*</p> </li> </ul> <p><strong>Будет плюсом:</strong></p> <ul> <li> <p>Опыт работы с NoSQL (Redis, MongoDB)</p> </li> <li> <p>Опыт работы с брокерами сообщений (RabbitMQ, Nats и др.)</p> </li> </ul> <p><strong>Условия:</strong></p> <ul> <li>Оклад по результатам собеседования. Определяется вашими начальными навыками и периодически пересматриваются на предмет повышения в зависимости от ваших успехов</li> <li>Работа в офисе 5/2</li> </ul>","branded_description":null,"vacancy_constructor_template":null,"key_skills":[{"name":"Nginx"},{"name":"PostgreSQL"},{"name":"JavaScript"},{"name":"Node.js"},{"name":"docker"},{"name":"devops"},{"name":"Git"},{"name":"CSS"},{"name":"CSS3"},{"name":"Bootstrap"},{"name":"Работа в команде"},{"name":"ООП"},{"name":"Ubuntu"},{"name":"Linux"},{"name":"Управление проектами"},{"name":"typescript"},{"name":"hasura"},{"name":"nest.js"},{"name":"graphql"}],"accept_handicapped":false,"accept_kids":false,"archived":false,"response_url":null,"specializations":[{"id":"1.221","name":"Программирование, Разработка","profarea_id":"1","profarea_name":"Информационные технологии, интернет, телеком"}],"code":null,"hidden":false,"quick_responses_allowed":false,"driver_license_types":[],"accept_incomplete_resumes":false,"employer":{"id":"3891520","name":"Уника Кредит","url":"https://api.hh.ru/employers/3891520?host=hh.ru","alternate_url":"https://hh.ru/employer/3891520","logo_urls":{"240":"https://hhcdn.ru/employer-logo/3428574.png","90":"https://hhcdn.ru/employer-logo/3428573.png","original":"https://hhcdn.ru/employer-logo-original/746903.png"},"vacancies_url":"https://api.hh.ru/vacancies?employer_id=3891520&host=hh.ru","trusted":true},"published_at":"2021-06-11T12:54:03+0300","created_at":"2021-06-11T12:54:03+0300","negotiations_url":null,"suitable_resumes_url":null,"apply_alternate_url":"https://hh.ru/applicant/vacancy_response?vacancyId=44942061","has_test":false,"test":null,"alternate_url":"https://hh.ru/vacancy/44942061","working_days":[],"working_time_intervals":[],"working_time_modes":[],"accept_temporary":false}