{"id":"44953219","premium":false,"billing_type":{"id":"standard_plus","name":"Стандарт плюс"},"relations":[],"name":"Senior/Lead back-end developer (.NET Core, AWS)","insider_interview":null,"response_letter_required":false,"area":{"id":"1","name":"Москва","url":"https://api.hh.ru/areas/1?host=hh.ru"},"salary":{"from":240000,"to":null,"currency":"RUR","gross":false},"type":{"id":"open","name":"Открытая"},"address":{"city":"Москва","street":"улица Бутырский Вал","building":"10","description":null,"lat":55.778461,"lng":37.585925,"raw":"Москва, улица Бутырский Вал, 10","metro":{"station_name":"Белорусская","line_name":"Кольцевая","station_id":"5.20","line_id":"5","lat":55.775179,"lng":37.582303},"metro_stations":[{"station_name":"Белорусская","line_name":"Кольцевая","station_id":"5.20","line_id":"5","lat":55.775179,"lng":37.582303}]},"allow_messages":true,"site":{"id":"hh","name":"hh.ru"},"experience":{"id":"moreThan6","name":"Более 6 лет"},"schedule":{"id":"fullDay","name":"Полный день"},"employment":{"id":"full","name":"Полная занятость"},"department":null,"contacts":null,"description":"<p>Altium - продуктовая ИТ-компания, мы делаем софт для инженеров, помогающий проектировать печатные платы (по-простому - любую электронику) различной сложности (портативные девайсы, автомобили (в том числе беспилотные), спутники в космосе, батискафы под водой, IoT и т.д.). Делать это непросто, но очень интересно.</p> <p>Нам интересно менять подходы в индустрии и рабочие процессы большого количества людей - влияя и на текущую ситуацию (удобство, скорость разработки и производства), и на развитие технологического прогресса в будущем.</p> <p> </p> <p><strong>Что мы делаем прямо сейчас?</strong></p> <p>Около года назад мы запустили новый продукт - облачный сервис <strong>Altium 365</strong> на базе AWS, позволяющий нескольким пользователям совместно и одновременно проектировать модель платы в вебе (по функционалу - похоже на Google Docs, но у наших пользователей модели &quot;тяжелые&quot; - по нескольку Гб). Фактически, это аналог гитхаба - только для инженеров в микроэлектронике и с отображением 3D-моделей в вебе. Команды пользователей территориально распределенные, поэтому мы используем мульти-тенантную архитектуру.</p> <p>План - осуществить “технологическую революцию” - с одной стороны, мы развиваем облачные решения (раньше всё в индустрии было под десктоп), а с другой - стараемся разрабатывать инженерный софт с интуитивно понятным интерфейсом (как у современных смартфонов, инструкцию читать нет необходимости).</p> <p>Сейчас Altium 365 - это стартап внутри устоявшейся, стабильной компании. В мае 2020 он был выпущен в прод, и клиенты по всему миру делятся позитивным фидбеком от его использования. В команде, типично для стартапов, достаточно быстрые процессы и согласования, при этом есть бренд и стабильность головной компании, поэтому легче развиваться.</p> <p>Ищем эксперта в .net разработке на Senior/Lead роль (в формате &quot;играющего тренера - и команду развивать, и самому код писать).</p> <p> </p> <p><strong>Что уже есть:</strong></p> <p>— Сильная команда разработки (проектом занимается ~100 человек)</p> <p>— Запущенный около года назад продукт, которым уже пользуется ~10 тысяч пользователей по всему миру</p> <p> </p> <p><strong>Что предстоит делать:</strong></p> <p>— развивать новый продукт вместе с командой (стек - .<strong>net core, AWS, мульти-тенантная архитектура и распределенные хайлоад системы</strong>)</p> <p>— расширять экспертизу команды (мы любим делиться знаниями/экспертизой и развиваться вместе)</p> <p>— делать мир лучше :)</p> <p> </p> <p><strong>Ожидания от кандидата:</strong></p> <p>— Вы делали сложные распределенные проекты на .net стеке, в идеале - с использованием cloud-решений (у нас Amazon)</p> <p>— Вы работали в кросс-функциональных продуктовых командах, знаете, как они устроены</p> <p>— Не боитесь разбираться в сложных бизнес-процессах</p> <p>— Знаете как упростить решение или отказаться от его части, для экономии скорости разработки и внедрения</p> <p>— У вас есть успешные завершенные проекты (в идеале, где что-то серьезное удалось сделать “с нуля“)</p> <p>— В идеале - английский на разговорном уровне (поможет в общении с иностранными коллегами и пользователями)</p> <p> </p> <p><strong>Что мы предлагаем:</strong></p> <p>— задачи в продукте, отличающимся от большинства продуктов на рынке (микс - сложный инженерный софт, микроэлектроника, облачные сервисы)</p> <p>— удаленную работу на ближайшее время, дальше можно остаться на удаленке или работать из офиса (в России есть 2 офиса - в Москве и Санкт-Петербурге).</p> <p>— хороший уровень заработной платы (обсуждаем индивидуально) с привязкой к курсу $, а также медицинскую страховку, корп английский, оплату питания и обучение (книжки, курсы, конференции)</p>","branded_description":null,"vacancy_constructor_template":null,"key_skills":[{"name":".net core"},{"name":"aws"},{"name":"microservices"},{"name":"multi-tenant"}],"accept_handicapped":false,"accept_kids":false,"archived":false,"response_url":null,"specializations":[{"id":"1.221","name":"Программирование, Разработка","profarea_id":"1","profarea_name":"Информационные технологии, интернет, телеком"}],"code":null,"hidden":false,"quick_responses_allowed":false,"driver_license_types":[],"accept_incomplete_resumes":false,"employer":{"id":"1773942","name":"Представительство компании Altium Europe GMBH","url":"https://api.hh.ru/employers/1773942?host=hh.ru","alternate_url":"https://hh.ru/employer/1773942","logo_urls":{"original":"https://hhcdn.ru/employer-logo-original/252790.jpg","240":"https://hhcdn.ru/employer-logo/1453794.jpeg","90":"https://hhcdn.ru/employer-logo/1453793.jpeg"},"vacancies_url":"https://api.hh.ru/vacancies?employer_id=1773942&host=hh.ru","trusted":true},"published_at":"2021-06-11T16:41:56+0300","created_at":"2021-06-11T16:41:56+0300","negotiations_url":null,"suitable_resumes_url":null,"apply_alternate_url":"https://hh.ru/applicant/vacancy_response?vacancyId=44953219","has_test":false,"test":null,"alternate_url":"https://hh.ru/vacancy/44953219","working_days":[],"working_time_intervals":[],"working_time_modes":[],"accept_temporary":false}