{"id":"44990394","premium":false,"billing_type":{"id":"standard_plus","name":"Стандарт плюс"},"relations":[],"name":"Senior Backend Developer","insider_interview":null,"response_letter_required":false,"area":{"id":"1","name":"Москва","url":"https://api.hh.ru/areas/1?host=hh.ru"},"salary":{"from":2500,"to":4000,"currency":"UAH","gross":false},"type":{"id":"open","name":"Открытая"},"address":null,"allow_messages":true,"site":{"id":"hh","name":"hh.ru"},"experience":{"id":"between3And6","name":"От 3 до 6 лет"},"schedule":{"id":"remote","name":"Удаленная работа"},"employment":{"id":"full","name":"Полная занятость"},"department":null,"contacts":null,"description":"<p><strong>Teknika</strong> - растущая IT компания с офисами в США и Украине. Мы сотрудничаем с различными клиентами и проектами так что у нас всегда есть интересная работа.</p> <p>Мы высоко ценим доброе отношение к сотрудникам и знаем, что люди работают лучше всего, когда они получают удовольствие от своей работы и вдохновляются своими проектами. Это наша культура!</p> <p>Как небольшая, но быстрорастущая компания, у нас есть много возможностей для наших сотрудников!</p> <p>Сейчас мы в поиске разработчика Senior Backend-разработчика, который присоединится к нашей команде.</p> <p><strong>Требования: </strong></p> <ul> <li> <p>Высокий уровень понимания методологий проектирования REST API с использованием .Net Core 3.x (C #);</p> </li> </ul> <ul> <li> <p>Хорошее понимание дизайна реляционных баз данных;</p> </li> <li> <p>Умение моделировать базы данных и разрабатывать таблицы, процедуры хранения, вид, триггеры и другие объекты базы данных;</p> </li> <li> <p>Опыт работы с реляционными базами данных, такими как MS SQL Server, MySQL или PostgreSQL, и нереляционными базами данных, такими как MongoDB или Cassandra;</p> </li> <li> <p>Большой опыт работы с инструментом контроля версий Git;</p> </li> <li> <p>Умение решать проблемы и работать самостоятельно;</p> </li> </ul> <ul> <li> <p>Умение вести базовое общение, связанное с проектом, на английском языке.</p> </li> </ul> <p><strong>Будет плюсом: </strong></p> <ul> <li> <p>Опыт построения процессов ETL; TDD / BDD опыт;</p> </li> <li> <p>Опыт работы с микросервисами;</p> </li> <li> <p>Опыт построения масштабируемых систем с облачной инфраструктурой.</p> </li> </ul> <p><strong>Обязанности: </strong></p> <ul> <li> <p>Работа с командой разработчиков по методологиям Agile/Scrum;</p> </li> <li> <p>Регулярное планирование спринтов и проведение демо встречи с клиентом;</p> </li> <li> <p>Разработка модульного кода соответствующего руководству по стилю и разумным принципам проектирования при создании приложений.</p> </li> </ul> <p><strong>Мы предлагаем: </strong></p> <ul> <li> <p>Индивидуальный подход к сотрудникам - нам действительно важно понять ваши личные интересы, мечты и построить долгосрочные взаимовыгодные рабочие отношения;</p> </li> <li> <p>Полная, долгосрочная занятость;</p> </li> <li> <p>Американский менеджмент;</p> </li> <li> <p>Стать частью построения и роста корпоративной культуры;</p> </li> <li> <p>Помощь руководства на любом этапе работы;</p> </li> </ul> <ul> <li> <p>Дружный коллектив;</p> </li> <li> <p>Современный офис у метро “Тараса Шевченко” на Подоле;</p> </li> <li> <p>Гибкий график работы (офис + удаленно);</p> </li> <li> <p>Оплачиваемое время обучения;</p> </li> <li> <p>Оплачиваемый больничный и отпуск;</p> </li> </ul> <ul> <li> <p>Компенсация договорная, исходя из опыта.</p> </li> </ul> <p> </p> <p>Уважаемые кандидаты, просим отправлять резюме на английском языке.</p>","branded_description":null,"vacancy_constructor_template":null,"key_skills":[{"name":"PostgreSQL"},{"name":"MongoDB"},{"name":"Git"},{"name":"Scrum"},{"name":"MS SQL Server"},{"name":"Корпоративная этика"}],"accept_handicapped":false,"accept_kids":false,"archived":false,"response_url":null,"specializations":[{"id":"1.221","name":"Программирование, Разработка","profarea_id":"1","profarea_name":"Информационные технологии, интернет, телеком"}],"code":null,"hidden":false,"quick_responses_allowed":false,"driver_license_types":[],"accept_incomplete_resumes":false,"employer":{"id":"4422301","name":"TEKNIKA","url":"https://api.hh.ru/employers/4422301?host=hh.ru","alternate_url":"https://hh.ru/employer/4422301","logo_urls":{"90":"https://hhcdn.ru/employer-logo/3778519.png","240":"https://hhcdn.ru/employer-logo/3778520.png","original":"https://hhcdn.ru/employer-logo-original/834409.png"},"vacancies_url":"https://api.hh.ru/vacancies?employer_id=4422301&host=hh.ru","trusted":true},"published_at":"2021-06-12T16:35:47+0300","created_at":"2021-06-12T16:35:47+0300","negotiations_url":null,"suitable_resumes_url":null,"apply_alternate_url":"https://hh.ru/applicant/vacancy_response?vacancyId=44990394","has_test":false,"test":null,"alternate_url":"https://hh.ru/vacancy/44990394","working_days":[],"working_time_intervals":[],"working_time_modes":[],"accept_temporary":false}