{"id":"45086728","premium":false,"billing_type":{"id":"standard_plus","name":"Стандарт плюс"},"relations":[],"name":"Middle / Senior Разработчик Back-End Java / BigData","insider_interview":null,"response_letter_required":false,"area":{"id":"1","name":"Москва","url":"https://api.hh.ru/areas/1?host=hh.ru"},"salary":{"from":200000,"to":350000,"currency":"RUR","gross":true},"type":{"id":"open","name":"Открытая"},"address":{"city":"Москва","street":"Щербаковская улица","building":"53","description":null,"lat":55.783899,"lng":37.738045,"raw":"Москва, Щербаковская улица, 53","metro":{"station_name":"Партизанская","line_name":"Арбатско-Покровская","station_id":"3.105","line_id":"3","lat":55.788401,"lng":37.74882},"metro_stations":[{"station_name":"Партизанская","line_name":"Арбатско-Покровская","station_id":"3.105","line_id":"3","lat":55.788401,"lng":37.74882}]},"allow_messages":true,"site":{"id":"hh","name":"hh.ru"},"experience":{"id":"between3And6","name":"От 3 до 6 лет"},"schedule":{"id":"fullDay","name":"Полный день"},"employment":{"id":"full","name":"Полная занятость"},"department":null,"contacts":null,"description":"<p><strong>Компания</strong></p> <p>Kameleoon (ООО «КАМЕЛЕОН») разработчик программной веб платформы по А/В тестированию и динамическим персонализациям. Благодаря широко используемым инновационным технологиям, мы сопровождаем интернет-компании в оптимизации коэффициента конверсии сайтов и улучшении пользовательского опыта их клиентов.</p> <p>Kameleoon является лидером в своей профессиональной отрасли во Франции. Головной офис находится в Париже со штатом работников более 50 человек. Мы работаем с такими крупными клиентами как Auchan, Toyota, Unity и др.</p> <p>В Москве мы открылись в 2014г. и уже завоевали доверие таких компаний как Decathlon, Askona, Renault … Нашей амбицией является разработка лучшего программного обеспечения по оптимизации на мировом рынке. Для ее реализации мы ищем разработчика Back End Java, чтобы создавать и поддерживать новые функциональные модули и новые продукты.</p> <p> </p> <p><strong>Причины, по которым нас выбирают кандидаты : </strong></p> <ul> <li> <p>Kameleoon – международная компания, в которой у Вас будет прекрасная возможность получить значимый профессиональный опыт.</p> </li> <li> <p>Быстрый карьерный рост, если ваши результаты соответствуют нашим ожиданиям, возможность занятия руководящей должности.</p> </li> <li> <p>Интересные технические задачи гарантированы: мы постоянно сталкиваемся с настоящими проблемами front и back высокой сложности.</p> </li> <li> <p>Мотивирующая и стабильная зарплата, 100% «белая».</p> </li> <li> <p>Стимулирующая и дружественная рабочая атмосфера : некогда будет скучать!</p> </li> </ul> <p>Мы ищем специалистов с высокой мотивацией, трудолюбивых, готовых принимать активное участие в развитии нашей дочерней компании в России. Если Вы любите и хорошо знаете разработку веб-приложений, frameworks типа Spring / Hibernate не являются секретом для Вас, кодирование - это Ваше призвание; Вы автономны и способны быстро понять (научиться) – присоединяйтесь к нам!</p> <p> </p> <p><strong>Ваша миссия</strong></p> <p>Под руководством технического директора (CTO), вы будете работать над развитием наших новых программных решений на back-end part (Java / JEE / Spring / Hibernate / Vert.X / Docker).</p> <p> </p> <p>А именно :</p> <p>- Разработка модели данных: SQL (MySQL) and NoSQL (Clickhouse/Cassandra) databases;</p> <p>- Разработка контроллеров и сервисов back-end;</p> <p>- Разработка APIs (REST) и SDKs;</p> <p>- Разработка и улучшение кода Java JEE;</p> <p>- В дальнейшем, возможность руководства командой разработчиков.</p> <p> </p> <p><strong>Ваш профиль</strong></p> <p>Высшее техническое образование, у вас высокая производительность и вы знакомы с client-server model. Вы знакомы с гибкой методологией разработки (agile development methodology). Вы имеете либо значительный опыт разработки Web Java JEE, либо способность к быстрому обучению и большой потенциал. Для этой должности, мы заинтересованы либо в амбициозном начинающем специалисте, либо в опытном специалисте с определенными требованиями к работодателю, которые будут рассматриваться в зависимости от вашего профиля.</p> <p> </p> <p>Вы будете работать в нашей R &amp; D команде, высокого уровня, работающей не только с базовым веб-разработками в PHP. Проблемы над которыми мы работаем являются сложными, и мы стараемся постоянно использовать самые лучшие инструменты и методологии (MVC, IoC, TDD, SCRUMM, непрерывная интеграция...). Ваша работа будет иметь важное и непосредственное влияние на развитие наших технологий.</p> <p> </p> <p>Наконец, вы разделяете наши ценности, в том числе обязательства перед нашими клиентами, а также стремление к совершенству.</p> <p> </p> <p>У Вас есть особые качества / следующие навыки:</p> <p> </p> <p>- Автономия, но способность работать в &quot;команде&quot;</p> <p>- Способность к быстрому узучению нового</p> <p>- Желание участвовать в развитии компании</p> <p>- Глубокие знания технологий Java &amp; JEE и ORM (Object Relational Mapping)</p> <p>- Знания фреймворков back-end Java (Hibernate, Spring) было бы большим плюсом</p> <p>- Желательно иметь знания в области масштабирования и параллелизма систем (Vert.X)</p> <p>- Data Mining, Machine Learning (Deep Learning, Neural Networks, Bayesian Statistics, MCMC) будет плюсом</p> <p>- Хорошее знание английского и/или французского языка также будет плюсом</p>","branded_description":null,"vacancy_constructor_template":null,"key_skills":[{"name":"Java"},{"name":"Spring Framework"},{"name":"Grails"},{"name":"Hibernate ORM"},{"name":"Vert.X"},{"name":"Java EE"},{"name":"Clickhouse"},{"name":"REST"},{"name":"Web Application Development"},{"name":"Docker"},{"name":"Kubernetes"}],"accept_handicapped":false,"accept_kids":false,"archived":false,"response_url":null,"specializations":[{"id":"1.221","name":"Программирование, Разработка","profarea_id":"1","profarea_name":"Информационные технологии, интернет, телеком"},{"id":"1.82","name":"Инженер","profarea_id":"1","profarea_name":"Информационные технологии, интернет, телеком"},{"id":"1.9","name":"Web инженер","profarea_id":"1","profarea_name":"Информационные технологии, интернет, телеком"},{"id":"1.89","name":"Интернет","profarea_id":"1","profarea_name":"Информационные технологии, интернет, телеком"}],"code":null,"hidden":false,"quick_responses_allowed":false,"driver_license_types":[],"accept_incomplete_resumes":false,"employer":{"id":"1705546","name":"Kameleoon","url":"https://api.hh.ru/employers/1705546?host=hh.ru","alternate_url":"https://hh.ru/employer/1705546","logo_urls":null,"vacancies_url":"https://api.hh.ru/vacancies?employer_id=1705546&host=hh.ru","trusted":true},"published_at":"2021-06-12T17:55:25+0300","created_at":"2021-06-12T17:55:25+0300","negotiations_url":null,"suitable_resumes_url":null,"apply_alternate_url":"https://hh.ru/applicant/vacancy_response?vacancyId=45086728","has_test":false,"test":null,"alternate_url":"https://hh.ru/vacancy/45086728","working_days":[],"working_time_intervals":[],"working_time_modes":[],"accept_temporary":true}