{"id":"45103563","premium":false,"billing_type":{"id":"standard","name":"Стандарт"},"relations":[],"name":"Senior backend developer (PHP)","insider_interview":null,"response_letter_required":false,"area":{"id":"1","name":"Москва","url":"https://api.hh.ru/areas/1?host=hh.ru"},"salary":{"from":200000,"to":null,"currency":"RUR","gross":false},"type":{"id":"open","name":"Открытая"},"address":null,"allow_messages":true,"site":{"id":"hh","name":"hh.ru"},"experience":{"id":"between3And6","name":"От 3 до 6 лет"},"schedule":{"id":"remote","name":"Удаленная работа"},"employment":{"id":"full","name":"Полная занятость"},"department":null,"contacts":null,"description":"<p>В поисках Senior Backend разработчика в компанию, основной продукт которой - логистика online. На рынке с 2016 года. Система обеспечивает полностью весь цикл грузоперевозок (весь документооборот, отчетность, оптимизация маршрутов, мониторинг транспорта), интегрирована с мобильным приложением. Сейчас в системе зарегистрированы более 50 000 клиентов..</p> <p>Сейчас расширяется штат в связи с разработкой новых частей платформы: мобильное приложение, проект топливной программы с партнерами и сервис для владельцев автопарков.</p> <p>Стек: Backend - PHP7+ (сейчас 7.3) , Laravel, Symfony, RabbitMQ. GraphQL.<br />DB - MySQL, PostgreSQL, Redis, фронт написан на Vue.js</p> <p><strong>Задачи:</strong></p> <ul> <li>Разработка нового функционала для новых частей платформы, участие в создании архитектуры;</li> <li>Лидировать одну из команд разработки (3 человека);</li> <li>Участие в разработке систем мониторинга, аналитики и т.д.;</li> <li>Поддержка back-end проектов;</li> </ul> <p>Сейчас в команде: Product Manager (1), Project Manager (2), Backend (4), Frontend (2), Android разработчик (1), тестировщик (1) и DevOps (1).</p> <p>Работают по Kanban.</p> <p><strong>Что хотели бы видеть в профиле:</strong></p> <ul> <li> <p>Знание php7+;</p> </li> <li> <p>Опыт с Go или Java (Spring) от 2х лет (подходит и некоммерческий опыт);</p> </li> <li> <p>Опыт работы с ElasticSearch;</p> </li> <li> <p>Опыт написания/поддержки микросервисов;</p> </li> <li> <p>Опыт работы с Symfony или Laravel более 1 года</p> </li> <li> <p>Опыт проектирования архитектуры приложения или его модулей.</p> </li> </ul> <p><strong>Что предлагаем:</strong></p> <ul> <li>Оформление по ТК, 100% белая зарплата;</li> <li>Комфортный рабочий график;</li> <li>Возможна удаленная работа;</li> <li>Предоставляют ноутбук, удобное рабочее место, сервис Телемедицины, скидки на занятия английским языком;</li> <li>ДМС после 6 месяцев работы;</li> <li>Офис в 5 минутах от м.Новокузнецкая/Третьяковская (или удаленка);</li> </ul>","branded_description":null,"vacancy_constructor_template":null,"key_skills":[],"accept_handicapped":false,"accept_kids":false,"archived":false,"response_url":null,"specializations":[{"id":"1.221","name":"Программирование, Разработка","profarea_id":"1","profarea_name":"Информационные технологии, интернет, телеком"}],"code":null,"hidden":false,"quick_responses_allowed":false,"driver_license_types":[],"accept_incomplete_resumes":false,"employer":{"id":"1111058","name":"Hi, Rockits!","url":"https://api.hh.ru/employers/1111058?host=hh.ru","alternate_url":"https://hh.ru/employer/1111058","logo_urls":{"original":"https://hhcdn.ru/employer-logo-original/857842.jpg","90":"https://hhcdn.ru/employer-logo/3872243.jpeg","240":"https://hhcdn.ru/employer-logo/3872244.jpeg"},"vacancies_url":"https://api.hh.ru/vacancies?employer_id=1111058&host=hh.ru","trusted":true},"published_at":"2021-06-02T09:51:48+0300","created_at":"2021-06-02T09:51:48+0300","negotiations_url":null,"suitable_resumes_url":null,"apply_alternate_url":"https://hh.ru/applicant/vacancy_response?vacancyId=45103563","has_test":false,"test":null,"alternate_url":"https://hh.ru/vacancy/45103563","working_days":[],"working_time_intervals":[],"working_time_modes":[],"accept_temporary":false}