{"id":"45116234","premium":false,"billing_type":{"id":"standard","name":"Стандарт"},"relations":[],"name":"Senior backend developer","insider_interview":null,"response_letter_required":false,"area":{"id":"1","name":"Москва","url":"https://api.hh.ru/areas/1?host=hh.ru"},"salary":{"from":3000,"to":6000,"currency":"USD","gross":false},"type":{"id":"open","name":"Открытая"},"address":null,"allow_messages":true,"site":{"id":"hh","name":"hh.ru"},"experience":{"id":"between3And6","name":"От 3 до 6 лет"},"schedule":{"id":"remote","name":"Удаленная работа"},"employment":{"id":"full","name":"Полная занятость"},"department":null,"contacts":null,"description":"<p><strong>NeuraLegion</strong> - израильская компания https://www.neuralegion.com/ - разработка платформы для тестирования приложений на основе искусственного интеллекта приглашает на полную удаленную занятость</p> <p><em><strong>senior backend developer.</strong></em></p> <p>Requirements:</p> <p>• minimum 5 years experience in back end/full stack development<br />• Proficiency in ES and TypeScript<br />• Strong work experience with Node.js and its frameworks like Express.js, Koa.js, etc.<br />• High level of experience in data storage technologies like PostgreSQL, MongoDB and Elastic search<br />• Experience with authentication methods like Kerberos, SSO, Active Directory or similar<br />• Strong knowledge of OOP and design and architecture patterns such as DDD, Event Sourcing and CQRS<br />• Experience with Unit and e2e testing, the understanding difference between BDD and TDD • Experience with Docker, k8s and configuration management tools.<br />• Experience with Angular.</p> <p>So, candidate should know:<br /><strong>Fundamental:<br />1. SOLID<br />2. Design Patterns (GoF)</strong></p> <p><strong>Node.js:<br />1. Event loop<br />2. Micro- and macro-tasks<br />3. Streams</strong></p> <p><strong>Architecture:<br />1. Domain-Driven design (DDD)<br />2. Event-driven architecture (EDA)<br />3. Microservice architecture</strong></p> <p><em>Желательно, но не обязательно:<br />• Continuous delivery and other DevOps practices<br />• Performance analysis and optimization techniques<br />• Client-side development<br />• Cloud computing (AWS, GCP, Azure, etc)</em></p> <p><strong>Условия:</strong></p> <ul> <li><em>полная удаленная занятость, график по мск,</em></li> <li><em>оплата отпуска, праздничных дней</em>, <em>т.п.</em></li> <li>о<em>плата 3500 - 6000$ - по результатам собеседования.</em></li> </ul>","branded_description":null,"vacancy_constructor_template":null,"key_skills":[{"name":"PostgreSQL"},{"name":"Node.js"},{"name":"Design Patterns"},{"name":"SOLID"},{"name":"TypeScript"},{"name":"OOP"},{"name":"Docker"},{"name":"DDD"},{"name":"EDA"},{"name":"AngularJS"}],"accept_handicapped":false,"accept_kids":false,"archived":false,"response_url":null,"specializations":[{"id":"1.221","name":"Программирование, Разработка","profarea_id":"1","profarea_name":"Информационные технологии, интернет, телеком"},{"id":"1.400","name":"Оптимизация сайта (SEO)","profarea_id":"1","profarea_name":"Информационные технологии, интернет, телеком"},{"id":"1.117","name":"Тестирование","profarea_id":"1","profarea_name":"Информационные технологии, интернет, телеком"},{"id":"1.9","name":"Web инженер","profarea_id":"1","profarea_name":"Информационные технологии, интернет, телеком"},{"id":"1.10","name":"Web мастер","profarea_id":"1","profarea_name":"Информационные технологии, интернет, телеком"}],"code":null,"hidden":false,"quick_responses_allowed":false,"driver_license_types":[],"accept_incomplete_resumes":false,"employer":{"id":"3371066","name":"Курило Наталья","url":"https://api.hh.ru/employers/3371066?host=hh.ru","alternate_url":"https://hh.ru/employer/3371066","logo_urls":{"original":"https://hhcdn.ru/employer-logo-original/652679.jpg","90":"https://hhcdn.ru/employer-logo/3051864.jpeg","240":"https://hhcdn.ru/employer-logo/3051865.jpeg"},"vacancies_url":"https://api.hh.ru/vacancies?employer_id=3371066&host=hh.ru","trusted":false},"published_at":"2021-06-01T15:15:52+0300","created_at":"2021-06-01T15:15:52+0300","negotiations_url":null,"suitable_resumes_url":null,"apply_alternate_url":"https://hh.ru/applicant/vacancy_response?vacancyId=45116234","has_test":false,"test":null,"alternate_url":"https://hh.ru/vacancy/45116234","working_days":[],"working_time_intervals":[],"working_time_modes":[],"accept_temporary":false}