{"id":"45116224","premium":false,"billing_type":{"id":"standard","name":"Стандарт"},"relations":[],"name":"Senior Backend Developer","insider_interview":null,"response_letter_required":false,"area":{"id":"1","name":"Москва","url":"https://api.hh.ru/areas/1?host=hh.ru"},"salary":null,"type":{"id":"open","name":"Открытая"},"address":null,"allow_messages":true,"site":{"id":"hh","name":"hh.ru"},"experience":{"id":"between3And6","name":"От 3 до 6 лет"},"schedule":{"id":"remote","name":"Удаленная работа"},"employment":{"id":"full","name":"Полная занятость"},"department":null,"contacts":null,"description":"<p>В CIDA мы хорошо умеем детально вникать в бизнес и выстраивать процессы и нам нужна техническая экспертиза соответствующего уровня. Для растущего проекта в EdTech ищем сильного Python разработчика, который готов принимать технические решения и сделать первый шаг в сторону карьеры Team lead’а.</p> <p><strong>Чем предстоит заниматься:</strong></p> <ul> <li>Принимать технические и архитектурные решения</li> <li>Тесно работать с product owner’ом и frontend team lead’ом в обсуждении технических решений, постановке задач и планировании спринтов</li> <li>Организовывать работу команды</li> <li>Делать code review</li> <li>Непосредственно работать с кодом</li> </ul> <p><strong>Требования:</strong></p> <ul> <li>4+ лет опыт разработки Python</li> <li>2+ года опыт разработки Backend/RESTful API</li> <li>2+ опыт работы с AWS Serverless (microservices, lambda functions, etc)</li> <li>опыт работы с SQLAlchemy</li> <li>опыт работы с Relational databases (MySQL, Postgres, etc)</li> <li>опыт написания Unit/Integration тестов</li> <li>Знание GitHub (GiHub actions, pull requests, etc)</li> <li>Английский язык на разговорном уровне</li> </ul> <p><strong>На что мы обращаем внимание:</strong></p> <ul> <li>Ответственность</li> <li>Организованность</li> <li>Внимание к деталям</li> </ul> <p><strong>Что мы предлагаем: </strong></p> <ul> <li>Высокий уровень оплаты (по результатам технического интервью)</li> <li>Удаленная работа</li> <li>Гибкий график</li> <li>Оплачиваемый отпуск 1 месяц</li> </ul>","branded_description":null,"vacancy_constructor_template":null,"key_skills":[{"name":"Python"},{"name":"MySQL"},{"name":"PostgreSQL"},{"name":"Git"},{"name":"Английский язык"}],"accept_handicapped":false,"accept_kids":false,"archived":false,"response_url":null,"specializations":[{"id":"1.221","name":"Программирование, Разработка","profarea_id":"1","profarea_name":"Информационные технологии, интернет, телеком"}],"code":null,"hidden":false,"quick_responses_allowed":false,"driver_license_types":[],"accept_incomplete_resumes":false,"employer":{"id":"5325585","name":"Creative IT & Development","url":"https://api.hh.ru/employers/5325585?host=hh.ru","alternate_url":"https://hh.ru/employer/5325585","logo_urls":null,"vacancies_url":"https://api.hh.ru/vacancies?employer_id=5325585&host=hh.ru","trusted":false},"published_at":"2021-06-01T15:15:38+0300","created_at":"2021-06-01T15:15:38+0300","negotiations_url":null,"suitable_resumes_url":null,"apply_alternate_url":"https://hh.ru/applicant/vacancy_response?vacancyId=45116224","has_test":false,"test":null,"alternate_url":"https://hh.ru/vacancy/45116224","working_days":[],"working_time_intervals":[],"working_time_modes":[],"accept_temporary":false}