{"id":"45142637","premium":false,"billing_type":{"id":"standard_plus","name":"Стандарт плюс"},"relations":[],"name":"Senior PHP back-end developer (Symfony)","insider_interview":null,"response_letter_required":false,"area":{"id":"1","name":"Москва","url":"https://api.hh.ru/areas/1?host=hh.ru"},"salary":{"from":150000,"to":300000,"currency":"RUR","gross":false},"type":{"id":"open","name":"Открытая"},"address":null,"allow_messages":true,"site":{"id":"hh","name":"hh.ru"},"experience":{"id":"between3And6","name":"От 3 до 6 лет"},"schedule":{"id":"remote","name":"Удаленная работа"},"employment":{"id":"full","name":"Полная занятость"},"department":null,"contacts":null,"description":"<p>Мы ищем в команду PHP-разработчика Senior уровня, который так же как и мы любит свою работу, нацелен на развитие и открыт для новых знаний и идей. Мы разрабатываем мобильные и веб приложения для топовых стартапов в США и Европе.</p> <p><strong>Обязанности:</strong></p> <ul> <li>Back-end разработка крупных бекендов для мобильных приложений, веб проектов, личных кабинетов, маркетплейсов, BI&amp;ERP систем и т.д.</li> </ul> <p><strong>Требования:</strong></p> <ul> <li>PHP7+, OOP, design patterns;</li> <li>HTML, CSS, JS (клиентский, jQuery);</li> <li>MySQL, Mongo, Redis.</li> <li>Опыт работы с <strong>Symfony framework</strong> более 2 лет. Дополнительный опыт с другими PHP-фреймворками (Yii2, Laravel) будет вашим плюсом;</li> <li>Умение работать в команде, разбираться в стороннем коде и документации;</li> <li>Опыт в крупных проектах;</li> <li>Опыт разработки back-end и REST API, применение swagger;</li> <li>Умения писать тесты, опыт работы с Codeception</li> <li>Умение работать с системами контроля версий (Git).</li> </ul> <p><strong>Дополнительно вашим большим преимуществом будет:</strong></p> <ul> <li>Английский на уровне intermediate и выше;</li> <li>Опыт управления командой;</li> <li>Знание другого языка программирования (Node.js, TypeScript, Python, Java, C++);</li> <li>Опыт с computer vision, machine learning;</li> <li>Знакомство с популярными javascript-фреймворками;</li> <li>Знание принципов работы с *nix, Apache/Nginx, протокола HTTP;</li> <li>Опыт DevOps, AWS, Kubernetes.</li> </ul> <p><strong>Бонусы:</strong></p> <ul> <li>Заработная плата: оклад + бонусы;</li> <li>Профессиональный рост;</li> <li>Работа удаленно;</li> <li>Возможность переезда в офис в Калифорнию;</li> <li>5-ти дневная рабочая неделя. Рабочий день: 9:00-18:00 (гибкий график может обсуждаться);</li> <li>Работа над крутыми стартапами из силиконовой долины;</li> </ul> <p><strong>Дополнительно:</strong></p> <ul> <li>При отклике на вакансию просим прислать ваше полное резюме, топ 3 проектов в которых принимали участие и указывать зарплатные ожидания.</li> </ul>","branded_description":null,"vacancy_constructor_template":null,"key_skills":[{"name":"JavaScript"},{"name":"Git"},{"name":"MySQL"},{"name":"Python"},{"name":"MongoDB"},{"name":"Symfony"},{"name":"PHP7"},{"name":"HTML"},{"name":"CSS"},{"name":"Redis"},{"name":"Laravel"},{"name":"Yii2"}],"accept_handicapped":true,"accept_kids":false,"archived":false,"response_url":null,"specializations":[{"id":"1.221","name":"Программирование, Разработка","profarea_id":"1","profarea_name":"Информационные технологии, интернет, телеком"}],"code":null,"hidden":false,"quick_responses_allowed":false,"driver_license_types":[],"accept_incomplete_resumes":false,"employer":{"id":"5149230","name":"Diffco","url":"https://api.hh.ru/employers/5149230?host=hh.ru","alternate_url":"https://hh.ru/employer/5149230","logo_urls":{"original":"https://hhcdn.ru/employer-logo-original/810526.png","240":"https://hhcdn.ru/employer-logo/3682992.png","90":"https://hhcdn.ru/employer-logo/3682991.png"},"vacancies_url":"https://api.hh.ru/vacancies?employer_id=5149230&host=hh.ru","trusted":true},"published_at":"2021-06-11T11:54:09+0300","created_at":"2021-06-11T11:54:09+0300","negotiations_url":null,"suitable_resumes_url":null,"apply_alternate_url":"https://hh.ru/applicant/vacancy_response?vacancyId=45142637","has_test":false,"test":null,"alternate_url":"https://hh.ru/vacancy/45142637","working_days":[],"working_time_intervals":[],"working_time_modes":[],"accept_temporary":false}