{"id":"45167620","premium":false,"billing_type":{"id":"standard_plus","name":"Стандарт плюс"},"relations":[],"name":"Backend-laravel разработчик middle+, senior","insider_interview":null,"response_letter_required":false,"area":{"id":"1","name":"Москва","url":"https://api.hh.ru/areas/1?host=hh.ru"},"salary":{"from":200000,"to":240000,"currency":"RUR","gross":false},"type":{"id":"open","name":"Открытая"},"address":null,"allow_messages":true,"site":{"id":"hh","name":"hh.ru"},"experience":{"id":"between3And6","name":"От 3 до 6 лет"},"schedule":{"id":"remote","name":"Удаленная работа"},"employment":{"id":"full","name":"Полная занятость"},"department":null,"contacts":null,"description":"<strong>Обязанности:</strong> <ul> <li>доработка существующего API</li> <li>оптимизация существующего кода</li> <li>разработка нового API</li> <li>написание back-end части</li> <li>интеграция различных сторонних сервисов и API</li> <li> <p>Писать фронтенд не потребуется, но будет лучше, если вы понимаете как это работает.</p> <p>Будет плюсом знание Vue.js, Amazon S3, docker, CI</p> </li> </ul> <strong>Требования:</strong> <ul> <li> <p>Умение работать в команде, есть опыт удаленной работы</p> </li> <li> <p>Можете разбираться в чужом коде.</p> </li> <li> <p>Хорошие знания PHP, ООП, SOLID, TDD,</p> </li> <li> <p>Архитектурный подход к построению приложения, сервисы.</p> </li> <li> <p>Базовое знание паттернов проектирования, веб-сокеты, очереди.</p> </li> <li> <p>Умеете писать юнит тесты (обязательно)</p> </li> <li> <p>Писать документацию к API</p> </li> <li> <p>Опыт написания SPA-приложений, знание gitflow</p> </li> <li> <p>Опыт разработки от 3-ех лет на PHP и 1 года на Laravel</p> <p> </p> </li> </ul> <strong>Условия:</strong> <ul> <li>Удаленная работа из любой точки мира</li> <li>Общение «на ты» и свободу от бюрократии</li> <li>Фидбеки от топ специалистов крупнейших компаний (Google, Mail.ru Group, Яндекс, HeadHunter и др.)</li> <li>Даем опционы ключевым сотрудникам</li> <li>Возможность продвигать свои идеи и влиять на проект</li> <li>Развитие как специалиста решая сложные задачи (мало верстки, много сложных низкоуровневых вещей)</li> </ul>","branded_description":null,"vacancy_constructor_template":null,"key_skills":[{"name":"ООП"},{"name":"PHP"},{"name":"API"},{"name":"Solid Edge"},{"name":"TDD"},{"name":"Laravel"},{"name":"C#"},{"name":"Vue.js"},{"name":"amazone S3"}],"accept_handicapped":false,"accept_kids":false,"archived":false,"response_url":null,"specializations":[{"id":"1.221","name":"Программирование, Разработка","profarea_id":"1","profarea_name":"Информационные технологии, интернет, телеком"}],"code":null,"hidden":false,"quick_responses_allowed":false,"driver_license_types":[],"accept_incomplete_resumes":false,"employer":{"id":"4422515","name":"Мелетон","url":"https://api.hh.ru/employers/4422515?host=hh.ru","alternate_url":"https://hh.ru/employer/4422515","logo_urls":{"original":"https://hhcdn.ru/employer-logo-original/703448.jpg","90":"https://hhcdn.ru/employer-logo/3254908.jpeg","240":"https://hhcdn.ru/employer-logo/3254909.jpeg"},"vacancies_url":"https://api.hh.ru/vacancies?employer_id=4422515&host=hh.ru","trusted":true},"published_at":"2021-06-12T08:03:14+0300","created_at":"2021-06-12T08:03:14+0300","negotiations_url":null,"suitable_resumes_url":null,"apply_alternate_url":"https://hh.ru/applicant/vacancy_response?vacancyId=45167620","has_test":false,"test":null,"alternate_url":"https://hh.ru/vacancy/45167620","working_days":[],"working_time_intervals":[],"working_time_modes":[],"accept_temporary":true}