{"id":"45199029","premium":false,"billing_type":{"id":"standard","name":"Стандарт"},"relations":[],"name":"Senior Backend (Node.js) developer","insider_interview":null,"response_letter_required":false,"area":{"id":"1","name":"Москва","url":"https://api.hh.ru/areas/1?host=hh.ru"},"salary":{"from":270000,"to":410000,"currency":"RUR","gross":false},"type":{"id":"open","name":"Открытая"},"address":{"city":null,"street":null,"building":null,"description":null,"lat":null,"lng":null,"raw":null,"metro":{"station_name":"Белорусская","line_name":"Замоскворецкая","station_id":"2.19","line_id":"2","lat":55.777439,"lng":37.582107},"metro_stations":[{"station_name":"Белорусская","line_name":"Замоскворецкая","station_id":"2.19","line_id":"2","lat":55.777439,"lng":37.582107},{"station_name":"Белорусская","line_name":"Кольцевая","station_id":"5.20","line_id":"5","lat":55.775179,"lng":37.582303},{"station_name":"Белорусская","line_name":"МЦД - 1","station_id":"131.700","line_id":"131","lat":55.775179,"lng":37.582303}]},"allow_messages":true,"site":{"id":"hh","name":"hh.ru"},"experience":{"id":"between3And6","name":"От 3 до 6 лет"},"schedule":{"id":"remote","name":"Удаленная работа"},"employment":{"id":"full","name":"Полная занятость"},"department":null,"contacts":null,"description":"<p><strong>Osome</strong> - это сервис, который делает предпринимателей эффективнее, освобождая время для самого важного.</p> <p>Мы помогаем предпринимателям решать рутинные задачи типа регистрации компаний, бухгалтерии и сдачи отчётности. Мы стартовали два с половиной года назад. Сейчас обслуживаем клиентов в Сингапуре, Великобритании, Гонконге, в планах и другие рынки. Свыше 10% всех новых компаний в Сингапуре регистрируются через наш сервис.</p> <p>В нашей команде порядка 200 человек (из них ~40 разработчиков) в пяти странах.</p> <p><strong>Обязанности:</strong></p> <ul> <li>Разработка новых сервисов для бухгалтерии в рамках одной из скрам-команд, реализация банковских и иных интеграций.</li> <li>Оптимизация приложения и внедрение лучших практик в кодовую базу</li> </ul> <strong>Требования:</strong> <ul> <li>Не менее 4 лет опыта работы в коммерческих проектах</li> <li>Опыт работы с бекэндом на Node.js или с другим асинхронным языком программирования, понимание принципов асинхронности</li> <li>Хорошие знания PostgreSQL</li> <li>Базовые знания Linux</li> </ul> <p><strong>Будет плюсом:</strong></p> <ul> <li>Хорошее знание SQL</li> <li>Опыт проектирования схем баз данных</li> <li>Опыт написания тестов (еще лучше — работа в BDD-парадигме)</li> <li>Знание принципов работы с типизированными языками (мы пишем на TypeScript)</li> <li>Глубокие знания Javascript и Node.js</li> <li>Опыт работы с Sequelize</li> <li>Опыт работы с AWS сервисами (EC2, Elastic Beanstalk, S3, Lambda, VPC, IAM) и Serverless-парадигмой</li> <li>Опыт построения CI/CD</li> </ul> <strong>Условия:</strong> <ul> <li>Можно работать как в нашем офисе на станции Белорусская, так и удаленно.</li> <li>Отсутствие “корпората” и строгой иерархии в компании: никакого прямого начальника над тобой, работа по agile-принципам, отсутствие бюрократии</li> <li>Зарплата в долларах</li> <li>Одна из самых сильных команд разработки в России</li> <li>Гибкий график (сами распределяете свое время)</li> </ul> <p> </p> <p><strong>Стэк:</strong> Node.js, AWS, Serverless, Sequelize, TypeScript</p>","branded_description":null,"vacancy_constructor_template":null,"key_skills":[{"name":"JavaScript"},{"name":"Node.js"},{"name":"PostgreSQL"},{"name":"SQL"},{"name":"TypeScript"},{"name":"AWS"}],"accept_handicapped":false,"accept_kids":false,"archived":false,"response_url":null,"specializations":[{"id":"1.221","name":"Программирование, Разработка","profarea_id":"1","profarea_name":"Информационные технологии, интернет, телеком"},{"id":"1.474","name":"Стартапы","profarea_id":"1","profarea_name":"Информационные технологии, интернет, телеком"}],"code":null,"hidden":false,"quick_responses_allowed":false,"driver_license_types":[],"accept_incomplete_resumes":false,"employer":{"id":"3395428","name":"Osome","url":"https://api.hh.ru/employers/3395428?host=hh.ru","alternate_url":"https://hh.ru/employer/3395428","logo_urls":{"original":"https://hhcdn.ru/employer-logo-original/670636.png","240":"https://hhcdn.ru/employer-logo/3123677.png","90":"https://hhcdn.ru/employer-logo/3123676.png"},"vacancies_url":"https://api.hh.ru/vacancies?employer_id=3395428&host=hh.ru","trusted":true},"published_at":"2021-06-03T23:03:47+0300","created_at":"2021-06-03T23:03:47+0300","negotiations_url":null,"suitable_resumes_url":null,"apply_alternate_url":"https://hh.ru/applicant/vacancy_response?vacancyId=45199029","has_test":false,"test":null,"alternate_url":"https://hh.ru/vacancy/45199029","working_days":[],"working_time_intervals":[],"working_time_modes":[],"accept_temporary":false}