{"id":"45215299","premium":false,"billing_type":{"id":"standard","name":"Стандарт"},"relations":[],"name":"Middle/Senior Java Backend (Spring) разработчик","insider_interview":null,"response_letter_required":false,"area":{"id":"1","name":"Москва","url":"https://api.hh.ru/areas/1?host=hh.ru"},"salary":{"from":180000,"to":null,"currency":"RUR","gross":false},"type":{"id":"open","name":"Открытая"},"address":null,"allow_messages":true,"site":{"id":"hh","name":"hh.ru"},"experience":{"id":"between1And3","name":"От 1 года до 3 лет"},"schedule":{"id":"remote","name":"Удаленная работа"},"employment":{"id":"full","name":"Полная занятость"},"department":null,"contacts":null,"description":"<strong>Обязанности:</strong> <ul> <li>Разработка новых компонент, рефакторинг существующего кода, исправление ошибок backend приложений;</li> <li>Ревью кода других разработчиков;</li> <li> <p>Взаимодействие с аналитиками, тестировщиками, backend-разработчиками, frontend-разработчиками.</p> </li> </ul> <strong>Требования:</strong> <ul> <li>законченное высшее техническое образование;</li> <li>опыт работы с Java — от 2-х лет;</li> <li>опыт промышленной разработки на Java Spring от одного года;</li> <li>отличное знание Java Core;</li> <li>опыт работы с реляционными СУБД;</li> <li>опыт работы с Git в команде от 1 года;</li> <li>английский язык на уровне чтения профессиональной литературы.</li> </ul> <strong>Мы предлагаем:</strong> <ul> <li> <p>работа в стабильно развивающейся компании – резиденте инновационного центра &quot;Сколково&quot;;</p> </li> <li> <p>удаленную работу из любой точки мира, где есть доступ в Интернет;</p> </li> <li>5-ти дневная рабочая неделя;</li> <li>размер заработной платы по итогам собеседования.</li> </ul>","branded_description":null,"vacancy_constructor_template":null,"key_skills":[{"name":"Java"},{"name":"Git"},{"name":"Spring"},{"name":"Spring Framework"},{"name":"PostgreSQL"}],"accept_handicapped":false,"accept_kids":false,"archived":false,"response_url":null,"specializations":[{"id":"1.221","name":"Программирование, Разработка","profarea_id":"1","profarea_name":"Информационные технологии, интернет, телеком"},{"id":"1.246","name":"Развитие бизнеса","profarea_id":"1","profarea_name":"Информационные технологии, интернет, телеком"},{"id":"1.359","name":"Электронная коммерция","profarea_id":"1","profarea_name":"Информационные технологии, интернет, телеком"}],"code":null,"hidden":false,"quick_responses_allowed":false,"driver_license_types":[],"accept_incomplete_resumes":false,"employer":{"id":"2829768","name":"Септагон","url":"https://api.hh.ru/employers/2829768?host=hh.ru","alternate_url":"https://hh.ru/employer/2829768","logo_urls":{"240":"https://hhcdn.ru/employer-logo/2938653.png","90":"https://hhcdn.ru/employer-logo/2938652.png","original":"https://hhcdn.ru/employer-logo-original/624375.png"},"vacancies_url":"https://api.hh.ru/vacancies?employer_id=2829768&host=hh.ru","trusted":true},"published_at":"2021-06-04T12:54:59+0300","created_at":"2021-06-04T12:54:59+0300","negotiations_url":null,"suitable_resumes_url":null,"apply_alternate_url":"https://hh.ru/applicant/vacancy_response?vacancyId=45215299","has_test":false,"test":null,"alternate_url":"https://hh.ru/vacancy/45215299","working_days":[],"working_time_intervals":[],"working_time_modes":[],"accept_temporary":false}