{"id":"45221112","premium":false,"billing_type":{"id":"standard_plus","name":"Стандарт плюс"},"relations":[],"name":"Senior .NET backend разработчик","insider_interview":null,"response_letter_required":false,"area":{"id":"1","name":"Москва","url":"https://api.hh.ru/areas/1?host=hh.ru"},"salary":{"from":null,"to":200000,"currency":"RUR","gross":false},"type":{"id":"open","name":"Открытая"},"address":{"city":"Москва","street":"Тверская улица","building":"28к2","description":null,"lat":55.769428,"lng":37.598959,"raw":"Москва, Тверская улица, 28к2","metro":{"station_name":"Маяковская","line_name":"Замоскворецкая","station_id":"2.80","line_id":"2","lat":55.769808,"lng":37.596192},"metro_stations":[{"station_name":"Маяковская","line_name":"Замоскворецкая","station_id":"2.80","line_id":"2","lat":55.769808,"lng":37.596192}]},"allow_messages":true,"site":{"id":"hh","name":"hh.ru"},"experience":{"id":"between3And6","name":"От 3 до 6 лет"},"schedule":{"id":"fullDay","name":"Полный день"},"employment":{"id":"full","name":"Полная занятость"},"department":null,"contacts":null,"description":"<p><strong>Адаперио - компания разработчик комплексного решения для покупателей автомобилей с пробегом. Наш сервис онлайн проверки используются на рынке с 2014 года и уже кардинально изменил поведение покупателей и продавцов. </strong></p> <p><strong>Миссия компании - сделать покупку автомобиля с пробегом цивилизованной и честной. </strong></p> <p><strong>За время нашей работы мы успели поработать или продолжаем сотрудничать с такими компаниями как Яндекс, Дром, Mail.ru, страховыми компаниями и банками из TOP-20 - мы не ноунейм стартап и хорошо известны на автомобильном рынке России.</strong></p> <p><strong>Мы ищем уверенного в своих силах сеньора, который войдет в команду разработки совершенно нового продукта, основанного на анализе Big Data (подробнее на собеседовании). Придется очень много и быстро писать сервисов &quot;с нуля&quot; для реальных пользователей.</strong></p> <p><strong>Мы не &quot;закрываем вакансию&quot;, мы ищем хороших и умных людей. Приходите, как минимум побеседовать будет интересно.</strong></p> <p><strong>Требования:</strong></p> <ul> <li>ASP.NET Core</li> <li>PostgreSql</li> <li>ООП (GoF) (Не то, чтобы придется писать фасады на фабриках, завернутые в адаптеры декораторов, этот пункт больше про понимание структуры и организации кода. Тут и про CQRS можно поговорить, про Rx, DDD и вот это вот все)</li> <li>EF.Core</li> <li>Системное мышление</li> <li>Умение при необходимости разбираться в чужом коде без фразы &quot;все это надо переписать полностью&quot;</li> </ul> <p>Мы создаем крутой продукт, поэтому ищем коллегу, который стремится поучаствовать в создании чего-то по-настоящему полезного и востребованного, и которому важно видеть, как его код меняет жизни сотен тысяч людей &quot;здесь и сейчас&quot; а не в далеком и сомнительном будущем.</p> <p><strong>Будет плюсом:</strong></p> <ul> <li>Linux (базовые команды)</li> <li>RabbitMQ (общее понимание работы с брокерами)</li> <li>Redis</li> </ul> <p><strong>Условия:</strong></p> <ul> <li>Официальное трудоустройство</li> <li>Офис в центре</li> <li>Тестового задания дома не будет, но на собеседовании мы немного порефакторим и поговорим о коде обязательно (если есть, что показать на гитхабе - будем рады)</li> <li>Печеньки/фрукты/свежесваренный кофе</li> <li>Ежедневный турнир по дартсу с определением победителя по итогам месяца (вот это на самом деле одна из самых приятных вещей, ради которых стоит ходить в офис)</li> <li>Конференции типа DotNext, HolyJs за счет компании</li> <li>Гибкий график</li> <li>Rider/Resharper на выбор или все вместе</li> <li>Очень большая доля самостоятельности и ответственности</li> <li>Ну и в целом мы готовы разговаривать и многое обсуждать, если ты нам сильно понравишься</li> </ul>","branded_description":null,"vacancy_constructor_template":null,"key_skills":[{"name":"C#"},{"name":"ООП"},{"name":"Unit Testing"},{"name":"PostgreSQL"},{"name":"ASP.NET"},{"name":"asp.net core"},{"name":"SOLID"}],"accept_handicapped":false,"accept_kids":false,"archived":false,"response_url":null,"specializations":[{"id":"1.221","name":"Программирование, Разработка","profarea_id":"1","profarea_name":"Информационные технологии, интернет, телеком"},{"id":"1.82","name":"Инженер","profarea_id":"1","profarea_name":"Информационные технологии, интернет, телеком"},{"id":"1.9","name":"Web инженер","profarea_id":"1","profarea_name":"Информационные технологии, интернет, телеком"},{"id":"1.89","name":"Интернет","profarea_id":"1","profarea_name":"Информационные технологии, интернет, телеком"},{"id":"1.474","name":"Стартапы","profarea_id":"1","profarea_name":"Информационные технологии, интернет, телеком"}],"code":null,"hidden":false,"quick_responses_allowed":false,"driver_license_types":[],"accept_incomplete_resumes":false,"employer":{"id":"2845847","name":"Адаперио","url":"https://api.hh.ru/employers/2845847?host=hh.ru","alternate_url":"https://hh.ru/employer/2845847","logo_urls":{"90":"https://hhcdn.ru/employer-logo/2132878.png","original":"https://hhcdn.ru/employer-logo-original/422701.png","240":"https://hhcdn.ru/employer-logo/2132879.png"},"vacancies_url":"https://api.hh.ru/vacancies?employer_id=2845847&host=hh.ru","trusted":true},"published_at":"2021-06-13T15:05:59+0300","created_at":"2021-06-13T15:05:59+0300","negotiations_url":null,"suitable_resumes_url":null,"apply_alternate_url":"https://hh.ru/applicant/vacancy_response?vacancyId=45221112","has_test":false,"test":null,"alternate_url":"https://hh.ru/vacancy/45221112","working_days":[],"working_time_intervals":[],"working_time_modes":[],"accept_temporary":false}