{"id":"45230428","premium":false,"billing_type":{"id":"standard","name":"Стандарт"},"relations":[],"name":"Senior Java Developer (Back-End) in Cloud / Tooling Team","insider_interview":null,"response_letter_required":false,"area":{"id":"1","name":"Москва","url":"https://api.hh.ru/areas/1?host=hh.ru"},"salary":null,"type":{"id":"open","name":"Открытая"},"address":null,"allow_messages":true,"site":{"id":"hh","name":"hh.ru"},"experience":{"id":"between3And6","name":"От 3 до 6 лет"},"schedule":{"id":"remote","name":"Удаленная работа"},"employment":{"id":"full","name":"Полная занятость"},"department":null,"contacts":null,"description":"<p>GridGain is a <strong>distributed platform</strong> that can help you solve <strong>scalability</strong> and <strong>performance</strong> issues in your <strong>high-load</strong> applications. It is extremely flexible and has a lot of moving parts that require proper management and monitoring. We work hard on implementing tooling for our customers to meet these requirements, and want you to become a part of this effort.</p> <p>Our Cloud / Tooling team needs a Back-End Developer with a strong background in Java and understanding of principles of distributed systems.<br /><br /><strong>Required Qualifications</strong></p> <ul> <li>3+ years of software development experience with a strong focus on application development using Java</li> <li>Experience with web technologies: Spring Boot / Spring Security / Spring Web MVC / Jetty</li> <li>Experience with basic frameworks for unit testing (JUnit/TestNG)</li> <li>Experience with databases</li> </ul> <p><br /><strong>Nice to have</strong></p> <ul> <li>Previous experience building medium to large-scale, mission critical, highly available production systems</li> <li>Expertise in integration and E2E testing</li> <li>English at Intermediate or higher level</li> <li>Experience with <strong>Apache Ignite</strong> / GridGain</li> <li>Experience with Docker or Kubernetes</li> <li>Knowledge of internal architecture of any DB</li> </ul> <p><br /><strong>Responsibilities</strong></p> <p>Develop a backend for management and monitoring tools for <strong>GridGain In-Memory Platform</strong>. Interaction with both, distributed clusters and user interfaces, will be required.<br />Cover your code with tests.</p> <p><strong>What we offer</strong></p> <ul> <li>Working in a team profound engineers on a bleeding-edge, one of the technologically advanced product in the world used by companies like <strong>American Express, Microsoft, IBM, Huawei, Barclays, ING, Sberbank</strong> and more</li> <li><strong>Solving real-world problems every day </strong>— world’s largest companies will rely on your solutions to run their business, and you will always see the impact of your work</li> <li> <p>The opportunity to learn from highly professional colleagues and intensive self-development are guaranteed</p> </li> <li> <p><strong>Being a part of the open-source community</strong>: you can participate in the development and discussions, become an <strong>Apache Software Foundation committer</strong> or even try yourself as a speaker</p> </li> <li> <p>Benefits package: <strong>stock options</strong>, medical insurance, <strong>gym</strong> membership compensation, <strong>English classes</strong></p> </li> <li> <p>We encourage our engineers to <strong>speak on conferences, webinars and meetups or write blogs</strong> about Apache Ignite™ and GridGain</p> </li> <li> <p>Friendly atmosphere, team work, sport activities in the business center and corporate events. We welcome the comprehensive development, love of music and other types of arts</p> </li> <li> <p>You can join us for <strong>remote work or to work in the “A” class business centre in Saint-Petersburg</strong> near Zvenigorodskaya, Ligovskiy prospect, Vladimirskaya / Dostoevskaya metro stations<br /><br />Welcome to GridGain team!</p> </li> </ul>","branded_description":null,"vacancy_constructor_template":null,"key_skills":[{"name":"Spring Boot"},{"name":"Java"}],"accept_handicapped":true,"accept_kids":false,"archived":false,"response_url":null,"specializations":[{"id":"1.221","name":"Программирование, Разработка","profarea_id":"1","profarea_name":"Информационные технологии, интернет, телеком"},{"id":"1.474","name":"Стартапы","profarea_id":"1","profarea_name":"Информационные технологии, интернет, телеком"}],"code":null,"hidden":false,"quick_responses_allowed":false,"driver_license_types":[],"accept_incomplete_resumes":false,"employer":{"id":"234264","name":"GridGain Systems","url":"https://api.hh.ru/employers/234264?host=hh.ru","alternate_url":"https://hh.ru/employer/234264","logo_urls":{"original":"https://hhcdn.ru/employer-logo-original/242681.png","90":"https://hhcdn.ru/employer-logo/1413401.png","240":"https://hhcdn.ru/employer-logo/1413402.png"},"vacancies_url":"https://api.hh.ru/vacancies?employer_id=234264&host=hh.ru","trusted":true},"published_at":"2021-06-04T21:59:58+0300","created_at":"2021-06-04T21:59:58+0300","negotiations_url":null,"suitable_resumes_url":null,"apply_alternate_url":"https://hh.ru/applicant/vacancy_response?vacancyId=45230428","has_test":false,"test":null,"alternate_url":"https://hh.ru/vacancy/45230428","working_days":[],"working_time_intervals":[],"working_time_modes":[],"accept_temporary":false}