{"id":"45239101","premium":false,"billing_type":{"id":"standard_plus","name":"Стандарт плюс"},"relations":[],"name":"Golang Developer backend (Middle/Senior) Remote","insider_interview":null,"response_letter_required":false,"area":{"id":"1","name":"Москва","url":"https://api.hh.ru/areas/1?host=hh.ru"},"salary":{"from":2500,"to":4500,"currency":"USD","gross":false},"type":{"id":"open","name":"Открытая"},"address":null,"allow_messages":true,"site":{"id":"hh","name":"hh.ru"},"experience":{"id":"between1And3","name":"От 1 года до 3 лет"},"schedule":{"id":"remote","name":"Удаленная работа"},"employment":{"id":"full","name":"Полная занятость"},"department":null,"contacts":null,"description":"<p><strong>О нас:</strong></p> <p>Mascot Gaming - игровая студия, основанная в 2018.</p> <p>Мы - это сертифицированный и лицензированный провайдер игр для онлайн-казино, продуктами которого пользуется уже более 50 компаний по всему миру.</p> <p>Наша цель - предоставить игрокам захватывающий игровой опыт.</p> <p>Наша команда – специалисты с богатым опытом работы в гемблинг сфере: начиная от наземного оперирования казино и заканчивая кастомной разработкой игровых систем и платформ.</p> <p><strong>Что мы ждем:</strong></p> <ul> <li> <p>Уверенное владение Golang;</p> </li> <li> <p>Опыт коммерческой разработки от 2-х лет</p> </li> <li> <p>Умение выстраивать чистую и поддерживаемую архитектуру в приложении;</p> </li> <li> <p>Понимание принципов работы CI/CD;</p> </li> <li> <p>Умение работать с системами контроля версий и репозиториями (git, GitLab);</p> </li> <li> <p>Опыт работы с grpc (protobuf);</p> </li> <li> <p>Уверенное владение PostgreSQL (или любая другая реляционная СУБД);</p> </li> <li> <p>Умение работать с NoSQL-базами (redis);</p> </li> <li> <p>Опыт работы с очередями сообщений (nats, Kafka, RabbitMQ или иное);</p> </li> <li> <p>Понимание протоколов: TCP, UDP, HTTP, Websocket;</p> </li> <li> <p>Умение работать с Linux;</p> </li> <li> <p>Знаете английский язык как минимум на уровне чтения технической литературы и документации;</p> </li> </ul> <p><strong>Будет плюсом опыт с:</strong></p> <ul> <li> <p>Kubernetes</p> </li> <li> <p>Prometheus</p> </li> <li> <p>ElasticSearch</p> </li> <li> <p>Service Mesh (Istio, linkerd)</p> </li> </ul> <p><strong>Что предстоит делать:</strong></p> <ul> <li> <p>Работа в команде с обсуждением решения разных задач;</p> </li> <li> <p>Разработка и поддержка микросервисов платформы;</p> </li> <li> <p>Интеграция сторонних платформ;</p> </li> <li> <p>Работа с системой контейнеризации приложений (docker);</p> </li> <li> <p>Работа с системой оркестрации контейнеров (kubernetes);</p> </li> </ul> <p><strong>Мы с радостью предложим:</strong></p> <ul> <li> <p>Полностью <strong>удаленная </strong>работа</p> </li> <li> <p>Интересные задачи, передовые технологии</p> </li> <li> <p>Гибкий график начала рабочего дня</p> </li> <li> <p>Отсутствие бюрократии</p> </li> </ul>","branded_description":null,"vacancy_constructor_template":null,"key_skills":[{"name":"PostgreSQL"},{"name":"Redis"},{"name":"RabbitMQ"},{"name":"Git"},{"name":"HTTP"},{"name":"golang"}],"accept_handicapped":false,"accept_kids":false,"archived":false,"response_url":null,"specializations":[{"id":"1.475","name":"Игровое ПО","profarea_id":"1","profarea_name":"Информационные технологии, интернет, телеком"},{"id":"1.221","name":"Программирование, Разработка","profarea_id":"1","profarea_name":"Информационные технологии, интернет, телеком"},{"id":"1.89","name":"Интернет","profarea_id":"1","profarea_name":"Информационные технологии, интернет, телеком"}],"code":null,"hidden":false,"quick_responses_allowed":false,"driver_license_types":[],"accept_incomplete_resumes":false,"employer":{"id":"5030702","name":"Mascot Gaming","url":"https://api.hh.ru/employers/5030702?host=hh.ru","alternate_url":"https://hh.ru/employer/5030702","logo_urls":{"original":"https://hhcdn.ru/employer-logo-original/792556.png","90":"https://hhcdn.ru/employer-logo/3611111.png","240":"https://hhcdn.ru/employer-logo/3611112.png"},"vacancies_url":"https://api.hh.ru/vacancies?employer_id=5030702&host=hh.ru","trusted":true},"published_at":"2021-06-12T23:53:55+0300","created_at":"2021-06-12T23:53:55+0300","negotiations_url":null,"suitable_resumes_url":null,"apply_alternate_url":"https://hh.ru/applicant/vacancy_response?vacancyId=45239101","has_test":false,"test":null,"alternate_url":"https://hh.ru/vacancy/45239101","working_days":[],"working_time_intervals":[],"working_time_modes":[],"accept_temporary":false}