{"id":"45245345","premium":false,"billing_type":{"id":"standard","name":"Стандарт"},"relations":[],"name":"Старший разработчик Java/Groovy (back-end)","insider_interview":null,"response_letter_required":false,"area":{"id":"1","name":"Москва","url":"https://api.hh.ru/areas/1?host=hh.ru"},"salary":{"from":250000,"to":300000,"currency":"RUR","gross":false},"type":{"id":"open","name":"Открытая"},"address":{"city":"Москва","street":"Кронштадтский бульвар","building":"18","description":null,"lat":55.842605,"lng":37.499076,"raw":"Москва, Кронштадтский бульвар, 18","metro":null,"metro_stations":[]},"allow_messages":true,"site":{"id":"hh","name":"hh.ru"},"experience":{"id":"between3And6","name":"От 3 до 6 лет"},"schedule":{"id":"fullDay","name":"Полный день"},"employment":{"id":"full","name":"Полная занятость"},"department":null,"contacts":null,"description":"<p><strong>Мы - команда маркетплэйса Selvis.com </strong>развиваем собственную технологическую платформу. Проект основан компанией, чей опыт в дистрибуции и логистике превышает 25 лет. Таким образом, мы получили на старте доступ к широкому портфелю прямых контрактов с производителями и унаследовали логистические возможности материнской компании. Selvis - это не обычный стартап, основанный гиками-мечтателями, это стартап от профессионального логистического оператора. При этом мы дистанцируемся от процессов большой компании, используем только современный технологический стек, гибкие практики разработки (agile/xp) и исповедуем ценности демократии в процессах принятия решений.</p> <p>За последний год мы выросли в семь раз и готовы двигаться дальше. В отличие от гигантов отрасли, мы не можем предложить вам Play Station на рабочем месте, но готовы дать настоящую атмосферу стартапа, возможность не только выбирать задачи, но и создавать с нуля новые направления внутри проекта, расти вместе с компанией.</p> <p><strong>Требования:</strong></p> <ul> <li> <p>Высшее образование профильное (математика или физика);</p> </li> <li> <p>Опыт Java/Groovy-разработки от 3 (трех) лет;</p> </li> <li> <p>Отличные знания Java-cтека (J2SE/EE - Servlets, JPA/Hibernate);</p> </li> <li> <p>SQL (Postgres);</p> </li> <li> <p>Работа в команде.</p> </li> </ul> <p><strong>Что делать:</strong></p> <ul> <li> <p>Разработка backend.</p> </li> <li> <p>Реализация функционала связанного с обогащением данных (ETL), операторского сервиса и сервиса маркетинговой аналитики.</p> </li> </ul> <p><strong>Успешным соискателям мы готовы предложить:</strong></p> <ul> <li> <p>Работу в крупной стабильной компании (более 20 лет на рынке)</p> </li> <li> <p>Официальное трудоустройство по ТК РФ</p> </li> <li> <p>Возможность роста вместе с проектом</p> </li> <li> <p>Достойную оплату труда (уровень финансового вознаграждения обсуждается индивидуально с успешным кандидатом)</p> </li> <li> <p>Работу в уютном офисе в 10 мин. пешком от м. Водный стадион.</p> </li> <li> <p>Также рассматриваем возможность удаленной работы для успешных кандидатов в регионах.</p> </li> </ul>","branded_description":null,"vacancy_constructor_template":null,"key_skills":[],"accept_handicapped":false,"accept_kids":false,"archived":false,"response_url":null,"specializations":[{"id":"1.221","name":"Программирование, Разработка","profarea_id":"1","profarea_name":"Информационные технологии, интернет, телеком"},{"id":"1.400","name":"Оптимизация сайта (SEO)","profarea_id":"1","profarea_name":"Информационные технологии, интернет, телеком"},{"id":"1.359","name":"Электронная коммерция","profarea_id":"1","profarea_name":"Информационные технологии, интернет, телеком"},{"id":"1.9","name":"Web инженер","profarea_id":"1","profarea_name":"Информационные технологии, интернет, телеком"},{"id":"1.10","name":"Web мастер","profarea_id":"1","profarea_name":"Информационные технологии, интернет, телеком"}],"code":null,"hidden":false,"quick_responses_allowed":false,"driver_license_types":[],"accept_incomplete_resumes":false,"employer":{"id":"41","name":"ЮНЭКТ","url":"https://api.hh.ru/employers/41?host=hh.ru","alternate_url":"https://hh.ru/employer/41","logo_urls":{"240":"https://hhcdn.ru/employer-logo/381084.jpeg","90":"https://hhcdn.ru/employer-logo/308227.jpeg","original":"https://hhcdn.ru/employer-logo-original/233713.jpg"},"vacancies_url":"https://api.hh.ru/vacancies?employer_id=41&host=hh.ru","trusted":true},"published_at":"2021-06-07T09:03:46+0300","created_at":"2021-06-07T09:03:46+0300","negotiations_url":null,"suitable_resumes_url":null,"apply_alternate_url":"https://hh.ru/applicant/vacancy_response?vacancyId=45245345","has_test":false,"test":null,"alternate_url":"https://hh.ru/vacancy/45245345","working_days":[],"working_time_intervals":[],"working_time_modes":[],"accept_temporary":false}