{"id":"45248856","premium":false,"billing_type":{"id":"standard","name":"Стандарт"},"relations":[],"name":"Senior Backend разработчик (Golang)","insider_interview":null,"response_letter_required":false,"area":{"id":"1","name":"Москва","url":"https://api.hh.ru/areas/1?host=hh.ru"},"salary":{"from":220000,"to":null,"currency":"RUR","gross":false},"type":{"id":"open","name":"Открытая"},"address":{"city":"Москва","street":"Покровский бульвар","building":"8с1А","description":null,"lat":55.756878,"lng":37.646992,"raw":"Москва, Покровский бульвар, 8с1А","metro":{"station_name":"Чистые пруды","line_name":"Сокольническая","station_id":"1.143","line_id":"1","lat":55.76499,"lng":37.638293},"metro_stations":[{"station_name":"Чистые пруды","line_name":"Сокольническая","station_id":"1.143","line_id":"1","lat":55.76499,"lng":37.638293}]},"allow_messages":true,"site":{"id":"hh","name":"hh.ru"},"experience":{"id":"between3And6","name":"От 3 до 6 лет"},"schedule":{"id":"fullDay","name":"Полный день"},"employment":{"id":"full","name":"Полная занятость"},"department":null,"contacts":null,"description":"<p><strong><em>О нас</em></strong></p> <p>Мы – продуктовая команда разработки Большой Российской энциклопедии. Делаем кастомную ERP-систему со сложной бизнес-логикой и высоконагруженным front-office, а также автоматизируем деятельность редакционного комплекса (трансформация методологии редакции в сложные, но понятные процессы и объекты) и переводим в digital Главную энциклопедию в России. Наш проект также известен под названием &quot;Научно-образовательный энциклопедический портал &quot;Знания&quot;. Проект социально значимый, продолжительный и очень амбициозный.</p> <p>Основные задачи на ближайшее время:</p> <ul> <li>Создание механизмов рендеринга разнородного контента с возможностью интерактивного взаимодействия, визуальный текстовый редактор с обширной функциональностью и поддержкой большого количества языков</li> <li>Разработка механизмов в ВРМ-движке (Camunda) для оптимизации и ускорения процессов создания цифрового контента</li> <li>Разработка высоконагруженного портала, витрины данных</li> <li>Разработка системы отчетности</li> <li>Разработка системы работы с контрагентами и договорами</li> <li>Разработка системы внутреннего аудита, фиксации действий пользователей</li> </ul> <p><strong>Наш стек</strong></p> <p>Системный</p> <ol> <li>Ubuntu, Proxmox VE</li> <li>Gitlab, Gitlab CI</li> <li>Jira, Confluence</li> <li>Selenid, REST Assured, Allure</li> <li>Prometheus, Grafana</li> <li>ELK</li> <li>Bareos</li> </ol> <p>Продуктовый</p> <ol> <li>Docker, Swarm</li> <li>PostgreSQL, Clickhouse</li> <li>Elasticsearch</li> <li>Camunda</li> <li>Redis</li> <li>Consul</li> <li>NATS</li> <li>MinIO, S3</li> <li>Go (Golang), gRPC, grpc-gateway</li> <li>TypeScript, Vue.js (Vue, Vuex, Vue-Router)</li> </ol> <p><strong>Предстоящие задачи:</strong></p> <ul> <li>Проектирование, разработка, отладка и поддержка сервисов на Golang</li> <li>Написание юнит тестов</li> <li>Ревью кода</li> <li>Взаимодействие с другими участниками процесса создания продукта</li> </ul> <p><strong>Мы ожидаем от Вас:</strong></p> <ul> <li>Опыт промышленной разработки на Go от 1 года</li> <li>Опыт профилирования и отладки и покрытия тестами Go кода</li> <li>Опыт написания SQL запросов</li> <li>Знание и практический опыт работы с Git</li> <li>Знание типовых шаблонов Golang</li> <li>Уверенный пользователь *nix систем</li> <li>Понимание принципов REST</li> </ul> <p><strong>Будет плюсом:</strong></p> <ul> <li>Знание TypeScript, Vue.js</li> <li>Опыт разработки REST API под нагрузкой</li> <li>Опыт написания сервисов, понимание сервисной архитектуры</li> </ul> <p><strong>Условия</strong></p> <ul> <li>Гибкое начало рабочего дня: с 9-00 до 10-30</li> <li>Локация в офисе - Москва, Чистые пруды</li> <li>Просторный Open Space</li> <li>Оформление по ТК в соответствии с законодательством РФ</li> <li>Достойный уровень оплаты труда, &quot;белая&quot; заработная плата</li> <li>Уровень заработной платы зависит от навыков, опыта кандидата и обсуждается на интервью</li> <li>Отпуск 28 календарных дней</li> <li>Дополнительный отпуск с сохранением заработной платы продолжительностью 2 рабочих дня в случаях рождения ребенка, свадьбы.</li> </ul>","branded_description":null,"vacancy_constructor_template":null,"key_skills":[{"name":"Golang"},{"name":"gRPC"},{"name":"grpc-gateway"},{"name":"Gitlab"},{"name":"SQL"},{"name":"REST"}],"accept_handicapped":false,"accept_kids":false,"archived":false,"response_url":null,"specializations":[{"id":"1.221","name":"Программирование, Разработка","profarea_id":"1","profarea_name":"Информационные технологии, интернет, телеком"},{"id":"1.270","name":"Сетевые технологии","profarea_id":"1","profarea_name":"Информационные технологии, интернет, телеком"},{"id":"1.272","name":"Системная интеграция","profarea_id":"1","profarea_name":"Информационные технологии, интернет, телеком"}],"code":null,"hidden":false,"quick_responses_allowed":false,"driver_license_types":[],"accept_incomplete_resumes":false,"employer":{"id":"4407721","name":"АНО БРЭ","url":"https://api.hh.ru/employers/4407721?host=hh.ru","alternate_url":"https://hh.ru/employer/4407721","logo_urls":{"original":"https://hhcdn.ru/employer-logo-original/786473.PNG","240":"https://hhcdn.ru/employer-logo/3586784.png","90":"https://hhcdn.ru/employer-logo/3586783.png"},"vacancies_url":"https://api.hh.ru/vacancies?employer_id=4407721&host=hh.ru","trusted":true},"published_at":"2021-06-07T10:03:24+0300","created_at":"2021-06-07T10:03:24+0300","negotiations_url":null,"suitable_resumes_url":null,"apply_alternate_url":"https://hh.ru/applicant/vacancy_response?vacancyId=45248856","has_test":false,"test":null,"alternate_url":"https://hh.ru/vacancy/45248856","working_days":[],"working_time_intervals":[],"working_time_modes":[],"accept_temporary":false}