{"id":"45252018","premium":false,"billing_type":{"id":"standard_plus","name":"Стандарт плюс"},"relations":[],"name":"Senior Network Developer (backend)","insider_interview":null,"response_letter_required":false,"area":{"id":"1","name":"Москва","url":"https://api.hh.ru/areas/1?host=hh.ru"},"salary":{"from":200000,"to":null,"currency":"RUR","gross":false},"type":{"id":"open","name":"Открытая"},"address":{"city":"Москва","street":"Саввинская набережная","building":"23с1","description":null,"lat":55.731668,"lng":37.55955,"raw":"Москва, Саввинская набережная, 23с1","metro":{"station_name":"Киевская","line_name":"Кольцевая","station_id":"5.49","line_id":"5","lat":55.74361,"lng":37.56735},"metro_stations":[{"station_name":"Киевская","line_name":"Кольцевая","station_id":"5.49","line_id":"5","lat":55.74361,"lng":37.56735},{"station_name":"Лужники","line_name":"МЦК","station_id":"95.535","line_id":"95","lat":55.720278,"lng":37.563056},{"station_name":"Спортивная","line_name":"Сокольническая","station_id":"1.135","line_id":"1","lat":55.722388,"lng":37.562041}]},"allow_messages":true,"site":{"id":"hh","name":"hh.ru"},"experience":{"id":"moreThan6","name":"Более 6 лет"},"schedule":{"id":"remote","name":"Удаленная работа"},"employment":{"id":"full","name":"Полная занятость"},"department":null,"contacts":null,"description":"<p>Ищем Разработчика на С для поддержки и доработки интересного highload проекта, где можно прокачаться поддержке и создании hightload проекта</p> <p><strong>Мы занимаемся продажей рекламы, размещаемой на инвентаре операторов связи.</strong> Платформа QIT, разработанная в компании, объединяет инвентарь операторов, унифицирует таргетинги и визуальный вид рекламы.</p> <p><strong>Мы ожидаем, что у вас есть опыт:</strong></p> <ul> <li>Программирования на С</li> <li>Системного программирования Linux или способность ориентироваться в нужных главах книги про системное программирование;</li> <li>Написания многопоточных программ;</li> <li>Администрирования Linux</li> <li>Проектирование архитектуры распределённой системы.</li> </ul> <p><strong>Также вы работали с:</strong></p> <ul> <li>Протоколами TCP\\IP, UDP</li> <li>Lock_free алгоритмами;</li> <li>Библиотекой DPDK;</li> <li>CMake;</li> <li>zmq.</li> </ul> <p><strong>Что мы предлагаем:</strong></p> <ul> <li>Полностью <strong>белая заработная плата</strong>, соблюдение ТК РФ;</li> <li>Можно работать удаленно<strong> </strong>или в комфортном офисе в Москве на Саввинской набережной;</li> <li>Гибкое начало рабочего дня, минимум бюрократии;</li> <li>Компенсируем 50% стоимости ДМС, корпоративные скидки;</li> </ul> <p><strong>Если вам все нравится, направляйте, пожалуйста, ваши резюме.</strong></p> <p><strong>Ждем с нетерпением :)</strong></p>","branded_description":null,"vacancy_constructor_template":null,"key_skills":[{"name":"C++"},{"name":"C"},{"name":"Linux"},{"name":"TCP/IP"},{"name":"DPDK"},{"name":"Networking"},{"name":"UDP"},{"name":"Melanox"},{"name":"highload"},{"name":"plain C"},{"name":"Multithread Programming"},{"name":"Настройка сетевых подключений"},{"name":"Git"},{"name":"Удаленная работа"},{"name":"backend"}],"accept_handicapped":false,"accept_kids":false,"archived":false,"response_url":null,"specializations":[{"id":"1.221","name":"Программирование, Разработка","profarea_id":"1","profarea_name":"Информационные технологии, интернет, телеком"}],"code":null,"hidden":false,"quick_responses_allowed":false,"driver_license_types":[],"accept_incomplete_resumes":false,"employer":{"id":"4422327","name":"Quiet Media","url":"https://api.hh.ru/employers/4422327?host=hh.ru","alternate_url":"https://hh.ru/employer/4422327","logo_urls":{"original":"https://hhcdn.ru/employer-logo-original/828248.png","90":"https://hhcdn.ru/employer-logo/3753875.png","240":"https://hhcdn.ru/employer-logo/3753876.png"},"vacancies_url":"https://api.hh.ru/vacancies?employer_id=4422327&host=hh.ru","trusted":true},"published_at":"2021-06-13T10:50:00+0300","created_at":"2021-06-13T10:50:00+0300","negotiations_url":null,"suitable_resumes_url":null,"apply_alternate_url":"https://hh.ru/applicant/vacancy_response?vacancyId=45252018","has_test":false,"test":null,"alternate_url":"https://hh.ru/vacancy/45252018","working_days":[],"working_time_intervals":[],"working_time_modes":[],"accept_temporary":false}