{"id":"45258057","premium":false,"billing_type":{"id":"standard_plus","name":"Стандарт плюс"},"relations":[],"name":"Middle/Senior Backend Developer (PHP)","insider_interview":null,"response_letter_required":false,"area":{"id":"1","name":"Москва","url":"https://api.hh.ru/areas/1?host=hh.ru"},"salary":{"from":150000,"to":220000,"currency":"RUR","gross":false},"type":{"id":"open","name":"Открытая"},"address":{"city":"Москва","street":"Отрадная улица","building":"2Бс9","description":null,"lat":55.856361,"lng":37.600406,"raw":"Москва, Отрадная улица, 2Бс9","metro":{"station_name":"Отрадное","line_name":"Серпуховско-Тимирязевская","station_id":"9.97","line_id":"9","lat":55.864273,"lng":37.605066},"metro_stations":[{"station_name":"Отрадное","line_name":"Серпуховско-Тимирязевская","station_id":"9.97","line_id":"9","lat":55.864273,"lng":37.605066}]},"allow_messages":true,"site":{"id":"hh","name":"hh.ru"},"experience":{"id":"between3And6","name":"От 3 до 6 лет"},"schedule":{"id":"fullDay","name":"Полный день"},"employment":{"id":"full","name":"Полная занятость"},"department":null,"contacts":null,"description":"<p>Ищем опытного PHP Backend разработчика для работы над проектом HOQU (https://hoqu.com).</p> <p>HOQU - уникальная платформа для партнерского маркетинга с собственным трекером и пулом инструментов для партнерских сетей, вебмастеров и рекламодателей.</p> <p><strong>Обязанности:</strong></p> <ul> <li>долгосрочное участие в разработке проекта (Backend),</li> <li>написание и оптимизация сложных запросов к БД (PostgreSQL),</li> <li>подготовка архитектурных предложений, реализация новых модулей, участие в составлении ТЗ к задачам на новый функционал</li> <li>разработка интеграций с внешними сервисами,</li> <li> <p>проведение код-ревью,</p> </li> <li> <p>написание unit-тестов,</p> </li> <li> <p>оценка и ведение задач в таск-трекере.</p> </li> </ul> <p><strong>Требования:</strong></p> <ul> <li>отличные знания PHP (мы используем PHP 8),</li> <li>знание Git (commit, push, merge, rebase),</li> <li>понимание принципов ООП и паттернов проектирования и умение использовать их на практике,</li> <li>опыт работы с БД Mysql или PostgreSQL,</li> <li>базовые знания Linux,</li> <li> <p>внимательность к деталям, ответственность.</p> </li> </ul> <p><br /><strong>Дополнительными плюсами будет:</strong></p> <ul> <li>опыт работы с фрэймворком Laravel (мы используем Laravel 8),</li> <li>умение и практический опыт написания тестов (у нас тестами покрыто почти 80% проекта),</li> <li>опыт работы с Docker,</li> <li>опыт настройки CI/CD,</li> <li>понимание принципов DDD,</li> <li>знания языка GO.</li> </ul> <p> </p> <p><strong>Условия:</strong></p> <ul> <li> <p>работа в БЦ класс А+ в шаговой доступности от метро Отрадное (Технопарк &quot;Отрадное&quot;),</p> </li> <li> <p>работа в дружном, молодом коллективе с минимумом бюрократии,</p> </li> <li> <p>рабочий день 8 часов, гибкое начало рабочего дня,</p> </li> <li> <p>официальное трудоустройство,</p> </li> <li> <p>настольный теннис в офисе, а так же регулярные корпоративные мероприятия,</p> </li> <li> <p>есть возможность работать удаленно,</p> </li> <li> <p>бесплатный фитнес-зал в бизнес-центре.</p> </li> </ul>","branded_description":null,"vacancy_constructor_template":null,"key_skills":[{"name":"ООП"},{"name":"Git"},{"name":"PHP"},{"name":"PostgreSQL"},{"name":"SQL"},{"name":"Laravel"},{"name":"Golang"},{"name":"Solid"},{"name":"Docker"}],"accept_handicapped":false,"accept_kids":false,"archived":false,"response_url":null,"specializations":[{"id":"1.221","name":"Программирование, Разработка","profarea_id":"1","profarea_name":"Информационные технологии, интернет, телеком"},{"id":"1.9","name":"Web инженер","profarea_id":"1","profarea_name":"Информационные технологии, интернет, телеком"},{"id":"1.10","name":"Web мастер","profarea_id":"1","profarea_name":"Информационные технологии, интернет, телеком"}],"code":null,"hidden":false,"quick_responses_allowed":false,"driver_license_types":[],"accept_incomplete_resumes":false,"employer":{"id":"3337555","name":"A3F Group","url":"https://api.hh.ru/employers/3337555?host=hh.ru","alternate_url":"https://hh.ru/employer/3337555","logo_urls":{"90":"https://hhcdn.ru/employer-logo/2609961.png","240":"https://hhcdn.ru/employer-logo/2609962.png","original":"https://hhcdn.ru/employer-logo-original/542122.png"},"vacancies_url":"https://api.hh.ru/vacancies?employer_id=3337555&host=hh.ru","trusted":true},"published_at":"2021-06-13T12:19:48+0300","created_at":"2021-06-13T12:19:48+0300","negotiations_url":null,"suitable_resumes_url":null,"apply_alternate_url":"https://hh.ru/applicant/vacancy_response?vacancyId=45258057","has_test":false,"test":null,"alternate_url":"https://hh.ru/vacancy/45258057","working_days":[],"working_time_intervals":[],"working_time_modes":[],"accept_temporary":false}