{"id":"45267557","premium":false,"billing_type":{"id":"standard_plus","name":"Стандарт плюс"},"relations":[],"name":"Senior/middle Node.js backend developer","insider_interview":null,"response_letter_required":false,"area":{"id":"1","name":"Москва","url":"https://api.hh.ru/areas/1?host=hh.ru"},"salary":{"from":150000,"to":200000,"currency":"RUR","gross":false},"type":{"id":"open","name":"Открытая"},"address":{"city":"Москва","street":"улица Бутлерова","building":"17","description":null,"lat":55.650145,"lng":37.539626,"raw":"Москва, улица Бутлерова, 17","metro":null,"metro_stations":[]},"allow_messages":true,"site":{"id":"hh","name":"hh.ru"},"experience":{"id":"between3And6","name":"От 3 до 6 лет"},"schedule":{"id":"fullDay","name":"Полный день"},"employment":{"id":"full","name":"Полная занятость"},"department":null,"contacts":null,"description":"<p><strong>Senior/middle backend node.js</strong></p> <p>О стартапе:<br />HunterSales — сервис аналитики продаж на маркетплейсе Wildberries. Анализируем 17млн артикулов ежедневно, в базе более 2.2млрд строк данных.</p> <p>Нам требуется node.js backend developer уровня senior/middle.</p> <p><strong>Что нужно будет делать:</strong><br />— разработка ядра парсинга Wildberries, анализ 17млн товаров ежедневно;<br />— проектирование структуры БД для новых задач;<br />— работать с linux серверами, уметь обслуживать БД(mongodb, clickhouse, rabbitmq, redis).</p> <p><strong>Будет плюсом:</strong><br />— опыт работы с большими данными;<br />— навык оптимизации алгоритмов.</p> <p><strong>Условия:</strong><br />— оклад 150-200к на руки, в зависимости от уровня;<br />— комфортное рабочее место, офис в бизнес-центре класса В+.</p> <p>Собеседование можно пройти как онлайн, так и в офисе - как удобнее.</p>","branded_description":null,"vacancy_constructor_template":null,"key_skills":[{"name":"MongoDB"},{"name":"ClickHouse"},{"name":"Node.js"},{"name":"Linux"},{"name":"Git"},{"name":"RabbitMQ"},{"name":"Redis"},{"name":"koa"},{"name":"telegram bot"}],"accept_handicapped":false,"accept_kids":false,"archived":false,"response_url":null,"specializations":[{"id":"1.221","name":"Программирование, Разработка","profarea_id":"1","profarea_name":"Информационные технологии, интернет, телеком"},{"id":"1.474","name":"Стартапы","profarea_id":"1","profarea_name":"Информационные технологии, интернет, телеком"}],"code":null,"hidden":false,"quick_responses_allowed":false,"driver_license_types":[],"accept_incomplete_resumes":false,"employer":{"id":"5358337","name":"HunterSales","url":"https://api.hh.ru/employers/5358337?host=hh.ru","alternate_url":"https://hh.ru/employer/5358337","logo_urls":{"240":"https://hhcdn.ru/employer-logo/3805480.jpeg","90":"https://hhcdn.ru/employer-logo/3805479.jpeg","original":"https://hhcdn.ru/employer-logo-original/841150.jpg"},"vacancies_url":"https://api.hh.ru/vacancies?employer_id=5358337&host=hh.ru","trusted":true},"published_at":"2021-06-13T14:44:27+0300","created_at":"2021-06-13T14:44:27+0300","negotiations_url":null,"suitable_resumes_url":null,"apply_alternate_url":"https://hh.ru/applicant/vacancy_response?vacancyId=45267557","has_test":false,"test":null,"alternate_url":"https://hh.ru/vacancy/45267557","working_days":[],"working_time_intervals":[],"working_time_modes":[],"accept_temporary":true}