{"id":"45260464","premium":false,"billing_type":{"id":"standard","name":"Стандарт"},"relations":[],"name":"Middle+ / Senior Python Backend Developer","insider_interview":null,"response_letter_required":false,"area":{"id":"1","name":"Москва","url":"https://api.hh.ru/areas/1?host=hh.ru"},"salary":{"from":null,"to":200000,"currency":"RUR","gross":false},"type":{"id":"open","name":"Открытая"},"address":null,"allow_messages":true,"site":{"id":"hh","name":"hh.ru"},"experience":{"id":"between3And6","name":"От 3 до 6 лет"},"schedule":{"id":"remote","name":"Удаленная работа"},"employment":{"id":"full","name":"Полная занятость"},"department":null,"contacts":null,"description":"<p>Привет!</p> <p>Ты хорошо знаешь Python и Django? Любишь налаживать взаимодействия между фронтом и бэком? Мечтаешь делать действительно полезный сервис, который помогает бизнесу, и хочешь оставить ценный вклад в продукте?</p> <p>Тогда <strong>ты нужен</strong> в компанию Genplace, занимающуюся разработкой по-настоящему удобной онлайн-бухгалтерии. С нашим сервисом уже работают Тинькофф, Промсвязьбанк и Газпромбанк. Чтобы расти дальше, мы ищем самостоятельного и ответственного Backend-разработчика.</p> <p><strong>Чем тебе предстоит заниматься?</strong></p> <ol> <li> <p>Разрабатывать новый функционал в существующих сервисах;</p> </li> <li> <p>Рефакторить код;</p> </li> <li> <p>Разрабатывать новые сервисы и фичи;</p> </li> <li> <p>Создавать API;</p> </li> <li> <p>Оптимизировать производительность;</p> </li> <li> <p>Обсуждать и формировать технические решения по архитектуре продукта.</p> </li> </ol> <p><strong>Если ты</strong></p> <ol> <li> <p>Работал с такими технологиями: Python 3, Django, PostgreSQL, Redis, Docker, Nginx;</p> </li> <li> <p>Хорошо знаешь Python 3+;</p> </li> <li> <p>Понимаешь архитектуру современного бэкенда;</p> </li> <li> <p>Умеешь работать с очередями Celery, RabbitMQ, Redis;</p> </li> <li> <p>Используешь Git (куда без этого);</p> </li> <li> <p>Хорошо знаешь базовые linux команды</p> </li> </ol> <p><em>Давай поговорим!</em></p> <p><strong>А если у тебя есть</strong></p> <ol> <li> <p>Неплохая алгоритмическая подготовка;</p> </li> <li> <p>Готовность и желание иногда потрогать фронт (на уровне написания кривой странички для внутреннего пользования);</p> </li> <li> <p>Опыт с Django-rest-framework (DRF)</p> </li> </ol> <p><em>То тебе точно к нам!</em></p> <p><strong>Что же мы можем предложить?</strong></p> <ol> <li> <p>Официальное трудоустройство и полностью белую заработную плату;</p> </li> <li> <p>Возможность работать удаленно - или же в уютном коворкинге под боком у команды, на твое усмотрение;</p> </li> <li> <p>Возможность роста до технического лида или project-менеджера</p> </li> </ol> <p><em>Чувствуешь отклик где-то внутри? Хочешь попробовать? Откликайся на вакансию! Буду рада пообщаться с тобой!</em></p>","branded_description":null,"vacancy_constructor_template":null,"key_skills":[{"name":"Python"},{"name":"Git"},{"name":"Django Framework"},{"name":"PostgreSQL"},{"name":"Linux"}],"accept_handicapped":false,"accept_kids":false,"archived":false,"response_url":null,"specializations":[{"id":"1.221","name":"Программирование, Разработка","profarea_id":"1","profarea_name":"Информационные технологии, интернет, телеком"}],"code":null,"hidden":false,"quick_responses_allowed":false,"driver_license_types":[],"accept_incomplete_resumes":false,"employer":{"id":"4132939","name":"Смирнова Ксения Андреевна","url":"https://api.hh.ru/employers/4132939?host=hh.ru","alternate_url":"https://hh.ru/employer/4132939","logo_urls":null,"vacancies_url":"https://api.hh.ru/vacancies?employer_id=4132939&host=hh.ru","trusted":false},"published_at":"2021-06-07T12:54:39+0300","created_at":"2021-06-07T12:54:39+0300","negotiations_url":null,"suitable_resumes_url":null,"apply_alternate_url":"https://hh.ru/applicant/vacancy_response?vacancyId=45260464","has_test":false,"test":null,"alternate_url":"https://hh.ru/vacancy/45260464","working_days":[],"working_time_intervals":[],"working_time_modes":[],"accept_temporary":false}