{"id":"45278374","premium":false,"billing_type":{"id":"standard_plus","name":"Стандарт плюс"},"relations":[],"name":"Senior Backend разработчик (Ruby on Rails)","insider_interview":null,"response_letter_required":false,"area":{"id":"1","name":"Москва","url":"https://api.hh.ru/areas/1?host=hh.ru"},"salary":{"from":200000,"to":340000,"currency":"RUR","gross":false},"type":{"id":"open","name":"Открытая"},"address":null,"allow_messages":true,"site":{"id":"hh","name":"hh.ru"},"experience":{"id":"between3And6","name":"От 3 до 6 лет"},"schedule":{"id":"remote","name":"Удаленная работа"},"employment":{"id":"full","name":"Полная занятость"},"department":null,"contacts":null,"description":"<p>Друзья, привет.</p> <p>Нам в команду веб-разработчиков Hoodies нужен сильный Fullstack разработчик на зарубежный проект.<br /><br /><strong>Кто мы ‍</strong></p> <p>Hoodies — небольшая распределенная команда, сейчас нас 37 специалистов: backend, frontend, devops, мобильная разработка и дизайнеры.</p> <p>Мы верим в work-life balance. Мы верим, что работа должна приносить удовольствие и не должна ограничивать возможности. Мы верим, что любые границы можно преодолеть, особенно границы своего города.<br />Если тебе интересны зарубежные длительные проекты, то у нас появилась новая опция.</p> <p><strong>Проект</strong></p> <p>Американский стартап, планирует открытие технологичных ветклиник в США. Мы будем разрабатывать внутренний сервис клиники и приложение для клиентов, которое выведет взаимодействие врача и хозяина на новый упрощенный и более эффективный уровень. В команде сейчас СТО и техлид, ищем backend и frontend. По технологиям это Rails 6, по фронту склоняемся к TypeScript/React/Apollo.</p> <p><strong>Кто ты ‍</strong><br />Профи. Умеешь планировать, попадать в дедлайны, общаться с клиентами без менеджера. Твоя работа — наше вдохновение. А также:</p> <ul> <li>Хорошо знаешь Ruby и Ruby on Rails;</li> <li>Умеешь строить эффективные запросы на Postgres;</li> <li>Пишешь тесты;</li> <li>Хорошо разговариваешь на английском языке;</li> <li>Имеешь опыт разработки и оптимизации на Rails как монолитных приложений, так и мобильных API.</li> <li>Имеешь опыт с TypeScript/React/Apollo.</li> </ul> <p>Будет плюсом:</p> <ul> <li>Знакомство с другими фреймворками на Ruby;</li> <li>Знание любых других языков программирования;</li> <li>Умение использовать Docker в среде разработки.</li> </ul> <p><strong>Бонусы</strong></p> <ul> <li>Удаленная работа и свободный график делают возможными работу из любого места в любое время.</li> <li>Мы не навязываем и не ограничиваем методологии, инструменты, используемые на проектах - вы можете предлагать и внедрять подходы, которые всегда хотели.</li> <li>Ну и, соответственно, возможность использования последних технологий на проектах.</li> <li>Ты можете влиять на процессы не только внутри проектов, но и компании. Мы прислушиваемся к мнению каждого внутри нашей команды.</li> <li>Мы поддерживаем обучение и саморазвитие - помогаем с оплатой курсов, книг, лекций, конференций.</li> </ul> <p><strong>Если ты хочешь стать участником интересного зарубежного проекта, работая в небольшой уютной команде без бюрократии — пиши, выпьем кофе по Zoom :) </strong></p>","branded_description":null,"vacancy_constructor_template":null,"key_skills":[{"name":"Ruby"},{"name":"Ruby On Rails"},{"name":"PostgreSQL"}],"accept_handicapped":false,"accept_kids":false,"archived":false,"response_url":null,"specializations":[{"id":"1.221","name":"Программирование, Разработка","profarea_id":"1","profarea_name":"Информационные технологии, интернет, телеком"}],"code":null,"hidden":false,"quick_responses_allowed":false,"driver_license_types":[],"accept_incomplete_resumes":false,"employer":{"id":"2824279","name":"Hoodies","url":"https://api.hh.ru/employers/2824279?host=hh.ru","alternate_url":"https://hh.ru/employer/2824279","logo_urls":{"original":"https://hhcdn.ru/employer-logo-original/660639.png","240":"https://hhcdn.ru/employer-logo/3083689.png","90":"https://hhcdn.ru/employer-logo/3083688.png"},"vacancies_url":"https://api.hh.ru/vacancies?employer_id=2824279&host=hh.ru","trusted":true},"published_at":"2021-06-13T18:01:52+0300","created_at":"2021-06-13T18:01:52+0300","negotiations_url":null,"suitable_resumes_url":null,"apply_alternate_url":"https://hh.ru/applicant/vacancy_response?vacancyId=45278374","has_test":false,"test":null,"alternate_url":"https://hh.ru/vacancy/45278374","working_days":[],"working_time_intervals":[],"working_time_modes":[],"accept_temporary":false}