{"id":"45271208","premium":false,"billing_type":{"id":"standard_plus","name":"Стандарт плюс"},"relations":[],"name":"Senior back-end разработчик (PHP, Laravel)","insider_interview":null,"response_letter_required":false,"area":{"id":"1","name":"Москва","url":"https://api.hh.ru/areas/1?host=hh.ru"},"salary":{"from":180000,"to":240000,"currency":"RUR","gross":false},"type":{"id":"open","name":"Открытая"},"address":{"city":"Москва","street":"Западный административный округ, Можайский район, Инновационный центр Сколково","building":null,"description":null,"lat":55.693662,"lng":37.349749,"raw":"Москва, Западный административный округ, Можайский район, Инновационный центр Сколково","metro":null,"metro_stations":[]},"allow_messages":true,"site":{"id":"hh","name":"hh.ru"},"experience":{"id":"between3And6","name":"От 3 до 6 лет"},"schedule":{"id":"remote","name":"Удаленная работа"},"employment":{"id":"full","name":"Полная занятость"},"department":null,"contacts":null,"description":"<p>Rush Analytics — это облачное решение, которое помогает автоматизировать рутинные процессы SEO и PPC специалистам, а также предоставляет глубокую аналитику видимости сайтов в поиске Яндекса и Google и широкие возможности для анализа конкурентов. В числе клиентов компании — крупные бренды и корпорации по всему миру (М.видео, Media Markt, ABBY, ИНТЕРФАКС, YouDo, Odji и другие).</p> <p>Ищем опытного Senior back-end для долгосрочного сотрудничества с полной занятостью для работы над сервисом Rush Analytics.</p> <p>Как мы работаем: задачи - Jjra, код - Bitbucket, документация - Confluence</p> <p>Технологический стек, с которым предстоит работать: PHP8, Laravel, Docker</p> <p><strong>Требуемый опыт работы: 6+ года</strong></p> <p><strong>Кого мы хотели бы видеть в команде:</strong></p> <ul> <li> <p>Наличие завершенных, работающих проектов</p> </li> <li> <p>Опыт работы с Laravel веб-проектами 3+.</p> </li> <li> <p>Английский язык на уровне Pre-Intermediate, если выше - отлично!</p> </li> <li> <p>Работа с системой контроля версий — GitHub, Bitbucket etc</p> </li> <li> <p>Желание развиваться и изучать новые технологии и обучать им других</p> </li> <li> <p>Опыт REST API/Swagger</p> </li> <li> <p>Опыт работы с веб парсингом</p> </li> <li> <p>Опыт разработки архитектуры крупных систем</p> </li> <li> <p>Опыт проведения Code review</p> </li> <li> <p>Опыт написания Unit тестов</p> </li> <li> <p>Умение подбирать технологии под новые фичи</p> </li> </ul> <p><strong>Будет хорошо если ты:</strong></p> <ul> <li> <p>Имеешь опыт работы с C# / Go</p> </li> <li> <p>Имеешь опыт работы с Docker</p> </li> </ul> <p><strong>Условия:</strong></p> <ul> <li> <p>График 5/2 с 10:00 до 19:00, гибкий подход к началу рабочего дня (с 8 до 10 утра);</p> </li> <li> <p>Соц. гарантии по ТК: отпуск, больничные, отдых в официальные праздники и всё такое;</p> </li> <li> <p>28 дней оплачиваемого отпуска в году;</p> </li> <li> <p>Удаленный формат работы;</p> </li> <li> <p>Дружная и адекватная команда специалистов, любящих свое дело.</p> </li> </ul> <p><strong>Бонусы</strong></p> <ul> <li> <p>Профессиональное развитие - мы используем современный стэк, поддерживаем разумные инициативы по внедрению новшеств, совершенствуем архитектуру и кодовую базу.</p> </li> <li> <p>Карьерный рост.</p> </li> <li> <p>Корпоративные скидки и скидки от партнеров: Skyeng, Rush Academy.</p> </li> </ul>","branded_description":null,"vacancy_constructor_template":null,"key_skills":[{"name":"Swagger"},{"name":"PHP"},{"name":"Laravel"},{"name":"Docker"},{"name":"Git"},{"name":"API"},{"name":"C#"},{"name":"PostgreSQL"}],"accept_handicapped":false,"accept_kids":false,"archived":false,"response_url":null,"specializations":[{"id":"1.221","name":"Программирование, Разработка","profarea_id":"1","profarea_name":"Информационные технологии, интернет, телеком"}],"code":null,"hidden":false,"quick_responses_allowed":false,"driver_license_types":[],"accept_incomplete_resumes":false,"employer":{"id":"2268038","name":"Раш Эдженси","url":"https://api.hh.ru/employers/2268038?host=hh.ru","alternate_url":"https://hh.ru/employer/2268038","logo_urls":{"original":"https://hhcdn.ru/employer-logo-original/677041.png","240":"https://hhcdn.ru/employer-logo/3149297.png","90":"https://hhcdn.ru/employer-logo/3149296.png"},"vacancies_url":"https://api.hh.ru/vacancies?employer_id=2268038&host=hh.ru","trusted":true},"published_at":"2021-06-13T15:42:23+0300","created_at":"2021-06-13T15:42:23+0300","negotiations_url":null,"suitable_resumes_url":null,"apply_alternate_url":"https://hh.ru/applicant/vacancy_response?vacancyId=45271208","has_test":false,"test":null,"alternate_url":"https://hh.ru/vacancy/45271208","working_days":[],"working_time_intervals":[],"working_time_modes":[],"accept_temporary":true}