{"id":"45278645","premium":false,"billing_type":{"id":"standard_plus","name":"Стандарт плюс"},"relations":[],"name":"Senior Backend-разработчик (Python)","insider_interview":null,"response_letter_required":false,"area":{"id":"1","name":"Москва","url":"https://api.hh.ru/areas/1?host=hh.ru"},"salary":{"from":200000,"to":320000,"currency":"RUR","gross":true},"type":{"id":"open","name":"Открытая"},"address":null,"allow_messages":true,"site":{"id":"hh","name":"hh.ru"},"experience":{"id":"between3And6","name":"От 3 до 6 лет"},"schedule":{"id":"remote","name":"Удаленная работа"},"employment":{"id":"full","name":"Полная занятость"},"department":null,"contacts":null,"description":"<p>Друзья, привет.</p> <p>Нам в команду Hoodies нужен senior Python разработчик на зарубежный проект.</p> <p><strong>Кто мы ‍</strong></p> <p>Hoodies — небольшая распределенная команда, сейчас нас 39 специалистов: backend, frontend, devops, мобильная разработка и дизайнеры.</p> <p>Мы верим в work-life balance. Мы верим, что работа должна приносить удовольствие. Мы верим, что географические границы и место, где ты живешь, не должны отделить тебя от работы мечты.</p> <p>Если тебе интересны зарубежные длительные проекты, то у нас появилась новая опция.</p> <p><strong>Проект:</strong></p> <p>Законодательные нормы в Америке отличаются в разных штатах и даже в отдельных графствах внутри одного штата, что создает трудности в работе госструктур. Есть потребность в едином решении для ведения дел и планировании ресурсов, и мы создаем такой сервис. Это гибкий настраиваемый продукт, легко адаптируемый под местную специфику, упрощает жизнь граждан и делает процессы коммуникации с администрацией проще. Мы ищем разработчика в команду для разработки компонентов бекенде.</p> <p><strong>Необходимые навыки:</strong></p> <ul> <li>Python</li> <li>Django</li> <li>Опыт работы с SQL базами данных (PostgreSQL и др.)</li> <li>Swagger</li> <li>GraphQL, Graphene</li> <li>Организация получения обновлений: WebSocket, SRDT (logux и др.)</li> <li>Контейнеризация приложений, опыт использования Docker, docker-compose</li> <li>Администрирование computed clouds: Google App Engine, AWS и др.</li> </ul> <p>Обязателен опыт Python-разработки от трех лет. Желателен опыт enterprise разработки.</p> <p><strong>Бонусы</strong></p> <ol> <li>Удаленная работа и свободный график делают возможными работу из любого места в любое время.</li> <li>Мы не навязываем и не ограничиваем методологии, инструменты, используемые на проектах - вы можете предлагать и внедрять подходы, которые всегда хотели.</li> <li>Ну и, соответственно, возможность использования последних технологий на проектах.</li> <li>Вы можете влиять на процессы не только внутри проектов, но и компании. Мы прислушиваемся к мнению каждого внутри нашей команды.</li> <li>Мы поддерживаем обучение и саморазвитие - помогаем с оплатой курсов, книг, лекций, конференций.</li> </ol> <p><strong>Если ты хочешь стать участником интересного зарубежного проекта, работая в небольшой уютной команде без бюрократии — пиши, выпьем кофе по Zoom :) </strong></p> <p> </p>","branded_description":null,"vacancy_constructor_template":null,"key_skills":[{"name":"Django Framework"},{"name":"Английский язык"},{"name":"SQL"},{"name":"Python"}],"accept_handicapped":false,"accept_kids":false,"archived":false,"response_url":null,"specializations":[{"id":"1.221","name":"Программирование, Разработка","profarea_id":"1","profarea_name":"Информационные технологии, интернет, телеком"}],"code":null,"hidden":false,"quick_responses_allowed":false,"driver_license_types":[],"accept_incomplete_resumes":false,"employer":{"id":"2824279","name":"Hoodies","url":"https://api.hh.ru/employers/2824279?host=hh.ru","alternate_url":"https://hh.ru/employer/2824279","logo_urls":{"original":"https://hhcdn.ru/employer-logo-original/660639.png","240":"https://hhcdn.ru/employer-logo/3083689.png","90":"https://hhcdn.ru/employer-logo/3083688.png"},"vacancies_url":"https://api.hh.ru/vacancies?employer_id=2824279&host=hh.ru","trusted":true},"published_at":"2021-06-13T18:12:04+0300","created_at":"2021-06-13T18:12:04+0300","negotiations_url":null,"suitable_resumes_url":null,"apply_alternate_url":"https://hh.ru/applicant/vacancy_response?vacancyId=45278645","has_test":false,"test":null,"alternate_url":"https://hh.ru/vacancy/45278645","working_days":[],"working_time_intervals":[],"working_time_modes":[],"accept_temporary":true}