{"id":"45275700","premium":false,"billing_type":{"id":"standard","name":"Стандарт"},"relations":[],"name":"Senior Back-end Developer (C++)","insider_interview":null,"response_letter_required":false,"area":{"id":"1","name":"Москва","url":"https://api.hh.ru/areas/1?host=hh.ru"},"salary":null,"type":{"id":"open","name":"Открытая"},"address":{"city":"Москва","street":"Калининская линия","building":null,"description":null,"lat":55.75132,"lng":37.786887,"raw":"Москва, Калининская линия","metro":{"station_name":"Перово","line_name":"Калининская","station_id":"8.107","line_id":"8","lat":55.75098,"lng":37.78422},"metro_stations":[{"station_name":"Перово","line_name":"Калининская","station_id":"8.107","line_id":"8","lat":55.75098,"lng":37.78422}]},"allow_messages":true,"site":{"id":"hh","name":"hh.ru"},"experience":{"id":"between3And6","name":"От 3 до 6 лет"},"schedule":{"id":"fullDay","name":"Полный день"},"employment":{"id":"full","name":"Полная занятость"},"department":null,"contacts":null,"description":"<p>Мы, <strong>Gurtam</strong>, продуктовая IT-компания, известная во всем мире собственной системой GPS мониторинга. Сегодня нам доверяют компании из 130 стран в задачах от учета расхода топлива и оптимизации маршрутов до слежения за международными соревнованиями и контролем за тушением пожаров.</p> <p>Мы продолжаем расширять географию своего присутствия. Сегодня наши сотрудники работают из Минска (головной офис), Москвы, Каунаса, Дубая, Буэнос-Айреса и Бостона.</p> <p>Приглашаем присоединиться к команде <strong>опытного Back-end Разработчика</strong>, который внесет свой вклад в развитие облачной версии нашего продукта. Это возможность прокачаться в новой для себя тематике и нетривиальных задачах.</p> <p><strong>От нашего будущего коллеги мы ожидаем:</strong></p> <ul> <li> <p>Опыт разработки под linux.</p> </li> <li> <p>Уверенные знания C/C++11/17 и stl.</p> </li> <li> <p>Опыт работы с многопоточными приложениями.</p> </li> <li> <p>Опыт работы с высоконагруженными системами.</p> </li> <li> <p>Знание ООП, базовых алгоритмов и структур данных.</p> </li> </ul> <p><strong>Отличным бонусом будет опыт работы:</strong></p> <ul> <li> <p>На большом проекте, работа с чужим кодом.</p> </li> <li> <p>С сетевыми протоколами.</p> </li> <li> <p>В написание unit-тестов.</p> </li> <li> <p>С базами данных.</p> </li> <li> <p>С git.</p> </li> </ul> <p><strong>Мы будем рады доверить тебе следующие задачи:</strong></p> <p><strong>Реализация новых задач</strong></p> <ul> <li> <p>Уточнение тонкостей задачи у BA / PdM / TL.</p> </li> <li> <p>Проектирование структуры модуля.</p> </li> <li> <p>Написание unit-тестов.</p> </li> </ul> <p><strong>Исправление багов</strong></p> <ul> <li> <p>Выявление причин возникновения бага.</p> </li> <li> <p>Воспроизведение ситуации.</p> </li> <li> <p>Анализ логов системы.</p> </li> <li> <p>Анализ влияния на другие компоненты системы.</p> </li> </ul> <p><strong>Оптимизация текущего функционала</strong></p> <ul> <li> <p>Выявление узких мест системы.</p> </li> <li> <p>Поиск и оценка затрат/рисков новых решений.</p> </li> </ul> <p><strong>Рефакторинг</strong></p> <ul> <li> <p>Переработка кода используя современный подход.</p> </li> </ul> <p><strong>Нашему новому сотруднику мы готовы предложить:</strong></p> <ul> <li>Причастность к росту и развитию продуктовой IT-компании с мировым именем.</li> <li>Обучение продуктам и процессам компании, участие в тренингах и конференциях.</li> <li>Команда талантливых, открытых и опытных коллег, которые не только успешно реализует рабочие задачи, но и незабываемо проводят праздники и проявляют удивительную заботу друг о друге.</li> <li>Оформление согласно ТК РФ.</li> </ul> <p><strong>Gurtam – искусство видеть больше!</strong></p> <p><em>Благодарим Вас за внимание к Gurtam. Если описанные Вами в резюме навыки и умения соответствуют требованиям к вакансии и нашим ожиданиям, мы свяжемся с Вами в течение ближайших 5 рабочих дней для короткого телефонного интервью.</em></p>","branded_description":null,"vacancy_constructor_template":null,"key_skills":[{"name":"Linux"},{"name":"Организационное развитие"},{"name":"Разработка нового продукта"},{"name":"C++"},{"name":"Boost"},{"name":"STL"}],"accept_handicapped":false,"accept_kids":false,"archived":false,"response_url":null,"specializations":[{"id":"1.221","name":"Программирование, Разработка","profarea_id":"1","profarea_name":"Информационные технологии, интернет, телеком"}],"code":null,"hidden":false,"quick_responses_allowed":false,"driver_license_types":[],"accept_incomplete_resumes":false,"employer":{"id":"744104","name":"Gurtam","url":"https://api.hh.ru/employers/744104?host=hh.ru","alternate_url":"https://hh.ru/employer/744104","logo_urls":{"240":"https://hhcdn.ru/employer-logo/2247496.png","90":"https://hhcdn.ru/employer-logo/2247495.png","original":"https://hhcdn.ru/employer-logo-original/451382.png"},"vacancies_url":"https://api.hh.ru/vacancies?employer_id=744104&host=hh.ru","trusted":true},"published_at":"2021-06-07T16:56:35+0300","created_at":"2021-06-07T16:56:35+0300","negotiations_url":null,"suitable_resumes_url":null,"apply_alternate_url":"https://hh.ru/applicant/vacancy_response?vacancyId=45275700","has_test":false,"test":null,"alternate_url":"https://hh.ru/vacancy/45275700","working_days":[],"working_time_intervals":[],"working_time_modes":[],"accept_temporary":false}