{"id":"45292355","premium":false,"billing_type":{"id":"standard","name":"Стандарт"},"relations":[],"name":"Ведущий / Бэкенд разработчик (Lead / Back-end developer)","insider_interview":null,"response_letter_required":false,"area":{"id":"1","name":"Москва","url":"https://api.hh.ru/areas/1?host=hh.ru"},"salary":{"from":200000,"to":300000,"currency":"RUR","gross":false},"type":{"id":"open","name":"Открытая"},"address":{"city":"Москва","street":"Ярцевская улица","building":"19","description":null,"lat":55.738591,"lng":37.411005,"raw":"Москва, Ярцевская улица, 19","metro":{"station_name":"Молодежная","line_name":"Арбатско-Покровская","station_id":"3.84","line_id":"3","lat":55.741375,"lng":37.415627},"metro_stations":[{"station_name":"Молодежная","line_name":"Арбатско-Покровская","station_id":"3.84","line_id":"3","lat":55.741375,"lng":37.415627}]},"allow_messages":true,"site":{"id":"hh","name":"hh.ru"},"experience":{"id":"between1And3","name":"От 1 года до 3 лет"},"schedule":{"id":"fullDay","name":"Полный день"},"employment":{"id":"full","name":"Полная занятость"},"department":null,"contacts":null,"description":"<p><strong>Media Instinct Group </strong>приглашает на работу высококвалифицированных специалистов, которые заинтересованы в интересных и нестандартных задачах, профессиональном росте и дружном коллективе.</p> <p>Сейчас мы приглашаем кандидатов на позицию <strong>Бекэнд разработчика или Ведущего Бекэнд разработчика.</strong></p> <p><strong>О проекте: </strong>Проектирование и разработка приложений в области digital рекламы. В разрабатываемую инфраструктуру входят системы: DSP (Demand-Side Platforms), SSP (Supply-side platform), DMP (Data Managment Platform). Данный стек систем позволяет осуществлять показ таргетированной рекламы в автоматическом режиме на миллионные аудитории пользователей. Основной особенностью системы можно выделить высокую производительность обработки запросов и высокую вычислительную нагруженность, что влечет за собой множество задач по проектированию архитектуры приложений, баз данных и задач вычислительной и алгоритмической оптимизации.</p> <p><strong>Технологии и процессы:</strong><br />Back: С# 8.0, .NET Core, PostgreSQL, Redis, ClickHouse, Hangfire, Docker, TFS, Git<br />Front: Redux, ReactJS</p> <p><strong>Задачи:</strong><br />- Разработка веб-сервисов и служб под платформу Linux<br />- Проектирование высокопроизводительных и высоконагруженных приложений на .NET Core<br />- Проектирование баз данных<br />- Проектирование масштабируемых систем<br />- Оптимизация производительности систем</p> <p><strong>Ожидания:</strong><br />- ООП, DDD, IoC, DI<br />- Юнит и интеграционное тестирование, рефакторинг<br />- Понимание принципов построения микро-сервисной архитектуры<br />- Хэштаблицы и другие структуры данных<br />- Понимание async/await, многопоточной обработки данных<br />- Опыт работы с SQL и NoSQL базами данных;<br />- Желательно: распределенная архитектура (Фаулер, Эванс, Рихтер)<br />- Желательно: оптимизация SQL, планы запросов, дедлоки, уровни изоляции<br />- Желательно: опыт разработки в рекламном бизнесе</p> <p><strong>Условия:</strong></p> <ul> <li>Гибкое посещение офиса</li> <li>Уровень дохода обсуждается в индивидуальном порядке с каждым кандидатом</li> <li>Социальный пакет (профессиональное обучение, ДМС, включая стоматологическое обслуживание, фрукты/чай/кофе в офисе ежедневно)</li> <li>Бесплатный английский язык с первого дня работы</li> <li>Корпоративная скидка 30% на фитнес в сети World Class</li> <li>Молодой коллектив профессиональных коллег</li> <li>Оформление согласно ТК РФ</li> </ul>","branded_description":null,"vacancy_constructor_template":null,"key_skills":[{"name":"C#"},{"name":"PostgreSQL"},{"name":"Git"},{"name":"Redis"},{"name":".NET Framework"}],"accept_handicapped":false,"accept_kids":false,"archived":false,"response_url":null,"specializations":[{"id":"1.221","name":"Программирование, Разработка","profarea_id":"1","profarea_name":"Информационные технологии, интернет, телеком"},{"id":"1.89","name":"Интернет","profarea_id":"1","profarea_name":"Информационные технологии, интернет, телеком"}],"code":null,"hidden":false,"quick_responses_allowed":false,"driver_license_types":[],"accept_incomplete_resumes":false,"employer":{"id":"86262","name":"Media Instinct Group","url":"https://api.hh.ru/employers/86262?host=hh.ru","alternate_url":"https://hh.ru/employer/86262","logo_urls":{"original":"https://hhcdn.ru/employer-logo-original/212738.png","90":"https://hhcdn.ru/employer-logo/1041098.png","240":"https://hhcdn.ru/employer-logo/1041099.png"},"vacancies_url":"https://api.hh.ru/vacancies?employer_id=86262&host=hh.ru","trusted":true},"published_at":"2021-06-08T10:34:06+0300","created_at":"2021-06-08T10:34:06+0300","negotiations_url":null,"suitable_resumes_url":null,"apply_alternate_url":"https://hh.ru/applicant/vacancy_response?vacancyId=45292355","has_test":false,"test":null,"alternate_url":"https://hh.ru/vacancy/45292355","working_days":[],"working_time_intervals":[],"working_time_modes":[],"accept_temporary":false}