{"id":"45328021","premium":false,"billing_type":{"id":"standard_plus","name":"Стандарт плюс"},"relations":[],"name":"Senior Backend Developer (Node.js)","insider_interview":null,"response_letter_required":false,"area":{"id":"1","name":"Москва","url":"https://api.hh.ru/areas/1?host=hh.ru"},"salary":{"from":240000,"to":null,"currency":"RUR","gross":false},"type":{"id":"open","name":"Открытая"},"address":{"city":"Краснодар","street":"улица Селезнёва","building":"89","description":null,"lat":45.027362,"lng":39.027882,"raw":"Краснодар, улица Селезнёва, 89","metro":null,"metro_stations":[]},"allow_messages":true,"site":{"id":"hh","name":"hh.ru"},"experience":{"id":"moreThan6","name":"Более 6 лет"},"schedule":{"id":"flexible","name":"Гибкий график"},"employment":{"id":"full","name":"Полная занятость"},"department":null,"contacts":null,"description":"<p><strong>Компания RipeCode занимается разработкой web-сервисов и мобильных приложений как на территории РФ, так и за рубежом. Качество – основной показатель и главный принцип нашей работы. В связи с увеличением проектов, ищем квалифицированных профессионалов своего дела, которые открыты к новым интересным нестандартным задачам.</strong></p> <p>В настоящий момент ищем <strong>Senior Backend Developer (Node.js) </strong>на успешно развивающийся стартап, который позволяет общаться и проводить операции с криптовалютой.</p> <p><strong>С нами у Вас будет возможность:</strong></p> <ul> <li> <p>Участвовать в интересном стартапе и решать нестандартные сложные задачи</p> </li> <li> <p>Постоянно прокачивать свои soft and hard skills</p> </li> <li> <p>Расти по карьерной лестнице, повышая не только свой профессионализм, но и заработную плату</p> </li> </ul> <p><strong>Первоочередные задачи:</strong></p> <ul> <li> <p>Проработка архитектуры</p> </li> <li> <p>Разработка дополнительных фичей мессенджера</p> </li> <li> <p>Расширение функционала связанного с криптой</p> </li> <li> <p>Ревью и менторинг младших коллег</p> </li> <li> <p>В будущем переезд со стека Google на k8s</p> </li> </ul> <p><strong>Что мы ожидаем от Вас:</strong></p> <ul> <li> <p>Более 5 лет опыта в Backend-разработке</p> </li> <li> <p>Опыт работы с TypeScript, NestJS, Redis, RabbitMQ, Postgresql, Kubernetes</p> </li> <li> <p>Желателен опыт работы с криптовалютами</p> </li> </ul> <p><strong>Что мы предлагаем:</strong></p> <ul> <li> <p>Официальную конкурентную заработную плату</p> </li> <li> <p>Гибкий график работы (с возможностью работать в офисе или дома)</p> </li> <li> <p>Невероятно дружная команда и приятная рабочая атмосфера</p> </li> </ul> <ul> </ul>","branded_description":null,"vacancy_constructor_template":null,"key_skills":[{"name":"NestJS"},{"name":"Node.js"},{"name":"TypeScript"}],"accept_handicapped":false,"accept_kids":false,"archived":false,"response_url":null,"specializations":[{"id":"1.221","name":"Программирование, Разработка","profarea_id":"1","profarea_name":"Информационные технологии, интернет, телеком"},{"id":"1.474","name":"Стартапы","profarea_id":"1","profarea_name":"Информационные технологии, интернет, телеком"}],"code":null,"hidden":false,"quick_responses_allowed":false,"driver_license_types":[],"accept_incomplete_resumes":false,"employer":{"id":"5023557","name":"RipeCode","url":"https://api.hh.ru/employers/5023557?host=hh.ru","alternate_url":"https://hh.ru/employer/5023557","logo_urls":{"original":"https://hhcdn.ru/employer-logo-original/791511.png","90":"https://hhcdn.ru/employer-logo/3606931.png","240":"https://hhcdn.ru/employer-logo/3606932.png"},"vacancies_url":"https://api.hh.ru/vacancies?employer_id=5023557&host=hh.ru","trusted":true},"published_at":"2021-06-12T09:59:48+0300","created_at":"2021-06-12T09:59:48+0300","negotiations_url":null,"suitable_resumes_url":null,"apply_alternate_url":"https://hh.ru/applicant/vacancy_response?vacancyId=45328021","has_test":false,"test":null,"alternate_url":"https://hh.ru/vacancy/45328021","working_days":[],"working_time_intervals":[],"working_time_modes":[],"accept_temporary":false}