{"id":"45320978","premium":false,"billing_type":{"id":"standard","name":"Стандарт"},"relations":[],"name":"Senior Backend Developer - Java","insider_interview":null,"response_letter_required":false,"area":{"id":"1","name":"Москва","url":"https://api.hh.ru/areas/1?host=hh.ru"},"salary":{"from":200000,"to":300000,"currency":"RUR","gross":false},"type":{"id":"open","name":"Открытая"},"address":{"city":"Москва","street":"Беговая улица","building":"6А","description":null,"lat":55.776198,"lng":37.556649,"raw":"Москва, Беговая улица, 6А","metro":{"station_name":"Беговая","line_name":"Таганско-Краснопресненская","station_id":"7.18","line_id":"7","lat":55.773505,"lng":37.545518},"metro_stations":[{"station_name":"Беговая","line_name":"Таганско-Краснопресненская","station_id":"7.18","line_id":"7","lat":55.773505,"lng":37.545518},{"station_name":"Беговая","line_name":"МЦД - 1","station_id":"131.701","line_id":"131","lat":55.773505,"lng":37.545518}]},"allow_messages":true,"site":{"id":"hh","name":"hh.ru"},"experience":{"id":"between3And6","name":"От 3 до 6 лет"},"schedule":{"id":"fullDay","name":"Полный день"},"employment":{"id":"full","name":"Полная занятость"},"department":null,"contacts":null,"description":"<p>Ищем Senior <strong>Java Developer </strong>для:</p> <ul> <li>проектирования и реализации масштабируемых, отказоустойчивых систем обработки больших потоков данных на базе микросервисной архитектуры;</li> <li>создания сложных систем для решения задач логистики, анализа и прогнозирования различных бизнес-процессов мониторинга, маршрутизации и диспетчеризации грузового и пассажирского транспорта;</li> <li>использования множества современных инструментов для поддержки инфраструктуры информационных систем.</li> </ul> <p><strong>О компании:</strong></p> <ul> <li>Компания <strong>Адвантум</strong> более 20 лет занимается разработкой программного обеспечения. Большая часть наших проектов – высоконагруженные системы мониторинга и управления различными транспортными средствами, диспетчеризация, планирование и оптимизация перевозок.</li> <li>Мы работаем с заказчиками различного уровня, среди которых крупные логистические компании, и известные ритейлеры, и исполнительные органы власти.</li> <li>Мы храним и анализируем более 5 миллиардов показаний датчиков и 1 миллиард координат в месяц<strong>. </strong>Наши системы работают с более чем 30 000 транспортных средств и с тысячами пользователей в день.</li> </ul> <p><strong>Почему Адвантум - правильная компания для разработчиков:</strong></p> <ul> <li>Мы делаем по-настоящему крутые ИТ-продукты, которые активно используются нашими клиентами – крупными корпорациями, лидерами в отрасли. Разрабатывать востребованный продукт – прекрасно.</li> <li>Компании уже 20 лет, и мы всегда работаем с самыми современными технологиями и практиками, все продукты из текущей линейки не старше трех лет, безжалостный рефакторинг дорого обходится в затратах, но позволяет поддерживать софт на должном уровне.</li> <li>Мы сами определяем и разрабатываем архитектуру наших систем, затачивая ее под высокие нагрузки – десятки тысяч транспортных средств он-лайн, сложная аналитика, тысячи одновременно работающих пользователей. Это интересно, но довольно ответственно.</li> <li>В Адвантум нет корпоративных ужасов – отчетность проста, проектные команды гибкие и всегда можно сменить что-то, что не устраивает – проект, кабинет, режим работы и проч.</li> <li>Мы работаем и в офисе, и на удаленке, миксовать тоже можно.</li> <li>В компании действует простой принцип: если проявлять инициативу, писать качественный код, брать ответственность за результат своей работы – можно забирать себе наиболее сложные и интересные задачи и/или довольно быстро стать тимлидом. Любое конструктивное движение не останется незамеченным, и, естественно, найдет отражение в зарплате.</li> <li>Адвантум – ответственный работодатель, мы совершенно белые и прозрачные, при этом мы умеем договариваться, поэтому и клиенты, и сотрудники работают с нами по много лет, гораздо дольше, чем в среднем по отрасли.</li> </ul> <p><strong>Мы используем: </strong></p> <ul> <li>Java 1.8, 11</li> <li>Postgresql, stored procedures</li> <li>Redis</li> <li>Rabbitmq</li> <li>Hibernate, 2nd level cache, envers</li> <li>Модули Spring Boot: jdbc, data, web, data-rest, test, security, cache, actuator, admin</li> <li>Модули Spring Cloud: config, eureka, feign client, stream, sleuth, ribbon, zuul</li> <li>Junit</li> <li>Swagger</li> <li>Mockito</li> <li>Flyway</li> <li>Slf4j, Logback</li> <li>Graphhopper, Jsprit</li> <li>Lombok</li> <li>Mapstruct</li> <li>Vavr</li> <li>Guava, Apache commons</li> <li>Geotools</li> <li>Netty, Javalution</li> <li>Caffeine</li> <li>Git, git submodules</li> <li>Maven, Gradle, Jib</li> <li>Gitlab CI, Jenkins</li> <li>Docker, Docker compose, Kaniko</li> <li>Micrometer, ELK, Prometheus, Kibana, Zipkin</li> <li>Nginx</li> </ul> <p><strong>Об условиях работы:</strong></p> <ul> <li>задачи и проекты, над которыми интересно работать;</li> <li>достойный уровень заработной платы, обсуждается по результатам собеседования и в дальнейшем напрямую зависит от Ваших результатов;</li> <li>полное соблюдение ТК РФ - отпуск, официальная заработная плата;</li> <li>минимум рабочих совещаний и бюрократии, отсутствие дресс-кода;</li> <li>комфортный светлый офис в 3-5 минутах пешком от метро Беговая;</li> <li>пятидневная рабочая неделя, гибкое начало и окончание рабочего дня, возможность работы удаленно.</li> </ul>","branded_description":null,"vacancy_constructor_template":null,"key_skills":[],"accept_handicapped":false,"accept_kids":false,"archived":false,"response_url":null,"specializations":[{"id":"1.221","name":"Программирование, Разработка","profarea_id":"1","profarea_name":"Информационные технологии, интернет, телеком"}],"code":null,"hidden":false,"quick_responses_allowed":false,"driver_license_types":[],"accept_incomplete_resumes":false,"employer":{"id":"12499","name":"Адвантум","url":"https://api.hh.ru/employers/12499?host=hh.ru","alternate_url":"https://hh.ru/employer/12499","logo_urls":{"original":"https://hhcdn.ru/employer-logo-original/443575.jpg","90":"https://hhcdn.ru/employer-logo/2216267.jpeg","240":"https://hhcdn.ru/employer-logo/2216268.jpeg"},"vacancies_url":"https://api.hh.ru/vacancies?employer_id=12499&host=hh.ru","trusted":true},"published_at":"2021-06-09T01:04:17+0300","created_at":"2021-06-09T01:04:17+0300","negotiations_url":null,"suitable_resumes_url":null,"apply_alternate_url":"https://hh.ru/applicant/vacancy_response?vacancyId=45320978","has_test":false,"test":null,"alternate_url":"https://hh.ru/vacancy/45320978","working_days":[],"working_time_intervals":[],"working_time_modes":[],"accept_temporary":false}