{"id":"45338093","premium":false,"billing_type":{"id":"standard","name":"Стандарт"},"relations":[],"name":"Middle / Senior Back-end разработчик C# / .NET","insider_interview":null,"response_letter_required":false,"area":{"id":"1","name":"Москва","url":"https://api.hh.ru/areas/1?host=hh.ru"},"salary":{"from":null,"to":200000,"currency":"RUR","gross":true},"type":{"id":"open","name":"Открытая"},"address":{"city":"Москва","street":"Пресненская набережная","building":"12","description":null,"lat":55.749511,"lng":37.537083,"raw":"Москва, Пресненская набережная, 12","metro":{"station_name":"Деловой центр","line_name":"Большая кольцевая линия","station_id":"97.603","line_id":"97","lat":55.7491,"lng":37.5395},"metro_stations":[{"station_name":"Деловой центр","line_name":"Большая кольцевая линия","station_id":"97.603","line_id":"97","lat":55.7491,"lng":37.5395},{"station_name":"Деловой центр","line_name":"Солнцевская","station_id":"133.468","line_id":"133","lat":55.7491,"lng":37.5395},{"station_name":"Международная","line_name":"Филевская","station_id":"4.179","line_id":"4","lat":55.748324,"lng":37.533282}]},"allow_messages":true,"site":{"id":"hh","name":"hh.ru"},"experience":{"id":"between3And6","name":"От 3 до 6 лет"},"schedule":{"id":"remote","name":"Удаленная работа"},"employment":{"id":"full","name":"Полная занятость"},"department":null,"contacts":null,"description":"<p>Доктис - успешная компания на пересечении информационных технологий и медицины. У нас есть свои мобильные приложения, искусственный интеллект, веб-сервисы, CRM, медицинские устройства и еще много чего интересного. Мы быстро растем, поэтому в нашу команду нужно больше талантливых специалистов, чтобы строить грамотную экосистему продуктов.</p> <p><strong>Обязанности:</strong></p> <ul> <li> <p>Программирование бизнес логики</p> </li> <li> <p>Оценка трудозатрат по задачам</p> </li> <li> <p>Помощь в определении требований</p> </li> <li> <p>Создание новых и поддержка старых API</p> </li> <li> <p>Интеграции, написание адаптеров и т.д.</p> </li> <li> <p>Рефакторинг существующего кода</p> </li> </ul> <strong>Требования:</strong> <ul> <li> <p>Уверенное знание C# (Linq, многопоточность)</p> </li> <li> <p>Понимание принципов построение API</p> </li> <li> <p>Хорошие знания в области реляционных и не реляционных бд</p> </li> <li> <p>Опыт работы с Git</p> </li> <li> <p>Опыт работы с .NetCore</p> </li> </ul> <strong>Условия:</strong> <ul> <li>Оформление по ТК РФ, белая зарплата</li> <li>Возможность удаленной работы</li> <li>Работа в одной из сильнейших команд по цифровизации медицины в России</li> <li>Теплые отношения в коллективе ;)</li> <li>Скидки на обучение в SkyEng</li> </ul>","branded_description":null,"vacancy_constructor_template":null,"key_skills":[{"name":"ASP.NET"},{"name":"Git"},{"name":"LINQ"},{"name":"C#"},{"name":"NoSQL"},{"name":"PostgreSQL"},{"name":"MongoDB"}],"accept_handicapped":false,"accept_kids":false,"archived":false,"response_url":null,"specializations":[{"id":"1.221","name":"Программирование, Разработка","profarea_id":"1","profarea_name":"Информационные технологии, интернет, телеком"}],"code":null,"hidden":false,"quick_responses_allowed":false,"driver_license_types":[],"accept_incomplete_resumes":false,"employer":{"id":"3086591","name":"Диджитал медикэл оперейшнс","url":"https://api.hh.ru/employers/3086591?host=hh.ru","alternate_url":"https://hh.ru/employer/3086591","logo_urls":{"90":"https://hhcdn.ru/employer-logo/2837767.jpeg","240":"https://hhcdn.ru/employer-logo/2837768.jpeg","original":"https://hhcdn.ru/employer-logo-original/599128.jpg"},"vacancies_url":"https://api.hh.ru/vacancies?employer_id=3086591&host=hh.ru","trusted":true},"published_at":"2021-06-09T12:48:31+0300","created_at":"2021-06-09T12:48:31+0300","negotiations_url":null,"suitable_resumes_url":null,"apply_alternate_url":"https://hh.ru/applicant/vacancy_response?vacancyId=45338093","has_test":false,"test":null,"alternate_url":"https://hh.ru/vacancy/45338093","working_days":[],"working_time_intervals":[],"working_time_modes":[],"accept_temporary":false}