{"id":"45343792","premium":false,"billing_type":{"id":"standard","name":"Стандарт"},"relations":[],"name":"Lead Backend NodeJS Developer (CityDrive)","insider_interview":null,"response_letter_required":false,"area":{"id":"1","name":"Москва","url":"https://api.hh.ru/areas/1?host=hh.ru"},"salary":null,"type":{"id":"open","name":"Открытая"},"address":null,"allow_messages":true,"site":{"id":"hh","name":"hh.ru"},"experience":{"id":"between1And3","name":"От 1 года до 3 лет"},"schedule":{"id":"remote","name":"Удаленная работа"},"employment":{"id":"full","name":"Полная занятость"},"department":null,"contacts":null,"description":"<p>В рамках объединенной платформы O2O (Mail.Ru, Ситимобил и Ситидрайв) мы развиваем сервисы городской мобильности.</p> <p><strong>Ситидрайв</strong> (ex YouDrive) является не просто сервисом краткосрочной аренды автомобилей, а платформой транспортных услуг. Компания также развивает шеринг такси Ситидрайв Business и маркетплейс Ситидрайв Pool, который позволяет запустить свой каршеринг.</p> <p>С 2015 года вырос не только наш автопарк, мы запустились в четырех городах и продолжаем искать новые точки роста.</p> <p>Мы рады новым единомышленникам и всегда прислушиваемся к каждому члену команды. Мы верим, что благодаря слаженной работе рождаются новые решения и проекты, поэтому мы готовы постоянно тестировать интересные идеи.</p> <p>Мы ищем <strong>руководителя backend разработки</strong> в нашу команду для работы над проектами:<br /><strong>1. Ситидрайв Каршеринг</strong> — быстрая аренда автомобиля на короткий срок<br /><strong>2. Бэкоффис Каршеринга</strong> — телеметрия и автоматизация</p> <p><strong>Чем предстоит заниматься:</strong></p> <ul> <li>Руководством и развитием одного из основных направлений Ситидрайв</li> <li>Технологическим развитием выделенного направления</li> <li>Развитием и технологических и коммуникационных процессов в команде</li> <li>Оценкой и контролем соблюдения сроков для задач команды</li> </ul> <p><strong>Мы ждем от тебя:</strong></p> <ul> <li>Опыт работы с реляционными базами данных, хорошее знание SQL</li> <li>Опыт работы с NoSQL</li> <li>Опыт работы с отложенными событиями и брокерами очередей</li> <li>Опыт работы в распределенной команде</li> <li>Любовь к тому, что ты делаешь</li> <li>Уважение, помощь и инициативность в работе со своей командой</li> <li>Желание вносить вклад в развитие компании</li> </ul> <p><strong>Будет плюсом:</strong></p> <ul> <li>Опыт руководства командой от 3х человек</li> <li>Знание PostgeSQL, как он работает внутри, как можно оптимизировать запросы</li> <li>Опыт работы с MongoDB и Redis</li> <li>Опыт разработки проектов под существенную нагрузку</li> <li>Опыт написания тестов (Mocha / Jest)</li> <li>Опыт работы с Angular (1.4+) / React</li> </ul> <p><strong>Мы предлагаем:</strong></p> <ul> <li> <p>Официальное оформление по ТК и белая зарплата</p> </li> <li> <p>ДМС с первого рабочего дня</p> </li> <li> <p>Полностью удаленный формат работы</p> </li> <li> <p>Гибкое начало рабочего дня</p> </li> <li> <p>Возможность работы в главном офисе (Москва, м. Сокол)</p> </li> <li> <p>Работа в команде профессионалов</p> </li> <li> <p>Корпоративная скидка на сервис каршеринга</p> </li> </ul>","branded_description":null,"vacancy_constructor_template":null,"key_skills":[{"name":"Мобильность"},{"name":"MongoDB"},{"name":"Node.js"},{"name":"PostgreSQL"}],"accept_handicapped":false,"accept_kids":false,"archived":false,"response_url":null,"specializations":[{"id":"1.221","name":"Программирование, Разработка","profarea_id":"1","profarea_name":"Информационные технологии, интернет, телеком"},{"id":"1.82","name":"Инженер","profarea_id":"1","profarea_name":"Информационные технологии, интернет, телеком"},{"id":"1.246","name":"Развитие бизнеса","profarea_id":"1","profarea_name":"Информационные технологии, интернет, телеком"}],"code":null,"hidden":false,"quick_responses_allowed":false,"driver_license_types":[],"accept_incomplete_resumes":false,"employer":{"id":"188712","name":"Ситимобил","url":"https://api.hh.ru/employers/188712?host=hh.ru","alternate_url":"https://hh.ru/employer/188712","logo_urls":{"240":"https://hhcdn.ru/employer-logo/3803708.png","90":"https://hhcdn.ru/employer-logo/3803707.png","original":"https://hhcdn.ru/employer-logo-original/840707.png"},"vacancies_url":"https://api.hh.ru/vacancies?employer_id=188712&host=hh.ru","trusted":true},"published_at":"2021-06-09T14:33:32+0300","created_at":"2021-06-09T14:33:32+0300","negotiations_url":null,"suitable_resumes_url":null,"apply_alternate_url":"https://hh.ru/applicant/vacancy_response?vacancyId=45343792","has_test":false,"test":null,"alternate_url":"https://hh.ru/vacancy/45343792","working_days":[],"working_time_intervals":[],"working_time_modes":[],"accept_temporary":false}