{"id":"45352071","premium":false,"billing_type":{"id":"standard_plus","name":"Стандарт плюс"},"relations":[],"name":"Middle/Senior Full-Stack developer (React + any backend)","insider_interview":null,"response_letter_required":false,"area":{"id":"1","name":"Москва","url":"https://api.hh.ru/areas/1?host=hh.ru"},"salary":{"from":2000,"to":3500,"currency":"USD","gross":false},"type":{"id":"open","name":"Открытая"},"address":null,"allow_messages":true,"site":{"id":"hh","name":"hh.ru"},"experience":{"id":"between3And6","name":"От 3 до 6 лет"},"schedule":{"id":"remote","name":"Удаленная работа"},"employment":{"id":"full","name":"Полная занятость"},"department":null,"contacts":null,"description":"<p>Мы ищем Middle/Senior .NET/React разработчика в стартап, выходящий на рынок США.</p> <p>Изначальный срок проекта 2-3 месяца, потом возможно как продление, так и закрытие проекта.<br />В случае успешного продления, у вас есть возможность стать тим лидом команды и значительно влиять на развитие приложения в будущем.</p> <p><strong>Какие задачи предстоят?</strong></p> <ul> <li>написание приложения с нуля, разработка архитектуры для web-based tool;</li> <li>работа с командой разработчиков и основателями проекта;</li> <li>применение новейших интерфейсных технологий с упором на разработку на React;</li> <li>делать приложение удобней, приятней, быстрее в использовании;</li> </ul> <p><strong>Какой опыт и навыки необходимы?</strong></p> <ul> <li>от 4х лет опыта работы с любым backend языком программирования;</li> <li>опыт разработки кросс-браузерных приложений и адаптации под мобильные устройства;</li> <li>от 3х лет работы с React, Typescript и JavaScript (ES6+);</li> <li>умение вникать в задачи и самостоятельно находить решения;</li> </ul> <p><strong>Что мы предлагаем?</strong></p> <ul> <li>Удаленную работу и гибкий график без трекинга активности</li> </ul>","branded_description":null,"vacancy_constructor_template":null,"key_skills":[{"name":"React"},{"name":"TypeScript"},{"name":"frontend"},{"name":"Backend"},{"name":"Сообразительность"}],"accept_handicapped":false,"accept_kids":false,"archived":false,"response_url":null,"specializations":[{"id":"1.221","name":"Программирование, Разработка","profarea_id":"1","profarea_name":"Информационные технологии, интернет, телеком"}],"code":null,"hidden":false,"quick_responses_allowed":false,"driver_license_types":[],"accept_incomplete_resumes":false,"employer":{"id":"3519219","name":"Software Consulting Solutions","url":"https://api.hh.ru/employers/3519219?host=hh.ru","alternate_url":"https://hh.ru/employer/3519219","logo_urls":{"original":"https://hhcdn.ru/employer-logo-original/644548.jpg","90":"https://hhcdn.ru/employer-logo/3019344.jpeg","240":"https://hhcdn.ru/employer-logo/3019345.jpeg"},"vacancies_url":"https://api.hh.ru/vacancies?employer_id=3519219&host=hh.ru","trusted":true},"published_at":"2021-06-12T17:47:40+0300","created_at":"2021-06-12T17:47:40+0300","negotiations_url":null,"suitable_resumes_url":null,"apply_alternate_url":"https://hh.ru/applicant/vacancy_response?vacancyId=45352071","has_test":false,"test":null,"alternate_url":"https://hh.ru/vacancy/45352071","working_days":[],"working_time_intervals":[],"working_time_modes":[{"id":"start_after_sixteen","name":"Можно начинать работать после 16:00"}],"accept_temporary":true}