{"id":"45369089","premium":false,"billing_type":{"id":"standard_plus","name":"Стандарт плюс"},"relations":[],"name":"Backend- разработчик Middle+/Senior (онлайн обучение и клуб для инвесторов)","insider_interview":null,"response_letter_required":false,"area":{"id":"1","name":"Москва","url":"https://api.hh.ru/areas/1?host=hh.ru"},"salary":{"from":150000,"to":200000,"currency":"RUR","gross":false},"type":{"id":"open","name":"Открытая"},"address":null,"allow_messages":true,"site":{"id":"hh","name":"hh.ru"},"experience":{"id":"between3And6","name":"От 3 до 6 лет"},"schedule":{"id":"remote","name":"Удаленная работа"},"employment":{"id":"full","name":"Полная занятость"},"department":null,"contacts":null,"description":"<p><strong>InvestFuture</strong> – крупное digital - media с суммарной аудиторией более 3 млн. человек в год.</p> <p>В середине апреля мы запустили</p> <p>новое направление - <strong>IF клуб</strong>, который состоит из образовательной платформы и сообщества.</p> <p>Мы создаем продукт, который поможет инвесторам найти новый круг общения и учим, как инвестировать разумно.</p> <p>До текущего момента проект разрабатывала команда на аутсорсе, но мы проверили базовые гипотезы на MVP и готовы активно развивать продукт.</p> <p>Сейчас мы наняли первых людей в inhouse-команду и готовы расширяться дальше, и ищем Python-бэкендера, который будет помогать делать платформу более совершенной.</p> <p>Наша core-команда имеет очень обширную экспертизу, поработала в стартапах и крупных компаниях как с legacy, так и с модным стеком, и нам точно будет, чему друг у друга поучиться!</p> <p>В этом месяце мы стали победителями в номинации «Лучшая разработка Хакатона»</p> <p><strong>Наш целевой стек:</strong></p> <ul> <li>Backend – пока что REST с монолитом (хотя в душе обожаем GraphQL и SOA/микросервисы, и будем стремиться в эту сторону), Python 3.9 + DRF + typing, Postgres, Redis, в ближайшее время будет ELK, в планах использовать S3 Object Storage и прочие крутые возможности AWS-like (используем Yandex.Cloud) облака (лямбды, управляемые сервисы), есть интеграции с MailGun и Tinkoff Payment</li> <li>Frontend – JS (переходим на TS)+ React/Redux</li> <li>DevOps – развертываемся в управляемом K8s, используем GitLab + GitLab CI, контролируем качество с помощью SonarQube, конфигурацию облака описываем в Terraform + cloud-init, не забываем про алерты, мониторинги</li> </ul> <p><strong>Что вам предстоит:</strong></p> <ul> <li>Расширять текущее API новыми методами, реализовывать необходимую фронтендерам и не только (в будущем появится и команда мобильной разработки, в этот момент примем решение о переходе на GraphQL) функциональность, работать с базами, брокерами сообщений, кэшами, object storage и прочими интересными штуками</li> <li>Принимать активное участие в переезде платформы с Django (от аутсорс-команды) на DRF, покрытие существующего кода статической типизацией</li> <li>Участвовать в принятии архитектурных решений, выделять и реализовывать микросервисы</li> <li>Покрывать критичные части кода тестами</li> <li>Получать от всего этого удовольствие :)</li> </ul> <p><strong>Что мы от вас ожидаем:</strong></p> <ul> <li>Знание и опыт написания Backend-сервисов на Python + DRF (или Django/Flask) от 2 лет</li> <li>Умение писать чистый и понятный код (знакомство с тестами и статической типизацией желательно)</li> <li>Понимание принципов проектирования REST, работы с WebSocket</li> <li>Умение применять асинхронность и многопоточность, понимание основных алгоритмов и структур данных</li> <li>Понимание принципов работы с SQL БД (Postgres) напрямую и через ORM, noSQL как плюс</li> <li>Понимание принципов работы кэшей (Redis), брокеров сообщений (Kafka/RabbitMQ)</li> <li>Опыт работы с Git (используем GitLab)</li> <li>Как плюс: навыки проектирования и разработки микросервисов</li> <li>Как плюс: навыки развертывания сервисов с применением средств контейнеризация и оркестрации (Docker, Kubernetes)</li> <li>Как плюс: понимание принципов работы с облачными платформами (AWS/GCP/Azure)</li> </ul> <p><strong>Что мы предлагаем</strong>:</p> <ul> <li>Крутой продукт на стыке инвестиций и образования</li> <li>Сильную техническую команду, у которой есть, чему научиться (мы стремимся к тому, чтобы писать код было максимально приятно)</li> <li>Мы готовы много времени уделяем развитию и росту сотрудников</li> <li>Карьерный рост и амбициозные задачи (мы активно растем и готовимся к запуску новых продуктов)</li> <li>Возможность влиять на любую часть продукта (приветствуем погружение во Frontend- и DevOps-задачи, любим InnerSource) и на продукт в целом (все архитектурные решения принимаются совместно продуктовой командой)</li> <li>Удаленка и гибкий график (но есть и уютный офис в центре в СПБ, где можно собраться и покодить/попроектировать), шаговая доступность от метро Петроградская</li> <li>Комфортная и дружелюбная атмосфера в командах</li> <li>Доход по результатам собеседования (оклад + премии)</li> </ul> <p> </p>","branded_description":null,"vacancy_constructor_template":null,"key_skills":[{"name":"Bloomberg"},{"name":"Инвестиции"},{"name":"Pl/Python"},{"name":"Django Framework"},{"name":"JS"},{"name":"React"},{"name":"Redux"},{"name":"REST"},{"name":"API"},{"name":"PostgreSQL"},{"name":"Backend-разработчик"},{"name":"Python 3.9"},{"name":"DRF"},{"name":"Django/Flask"},{"name":"проектирования REST"},{"name":"WebSocket"},{"name":"SQL БД"},{"name":"ELK"}],"accept_handicapped":false,"accept_kids":false,"archived":false,"response_url":null,"specializations":[{"id":"1.221","name":"Программирование, Разработка","profarea_id":"1","profarea_name":"Информационные технологии, интернет, телеком"},{"id":"1.246","name":"Развитие бизнеса","profarea_id":"1","profarea_name":"Информационные технологии, интернет, телеком"}],"code":null,"hidden":false,"quick_responses_allowed":false,"driver_license_types":[],"accept_incomplete_resumes":false,"employer":{"id":"5137862","name":"InvestFuture","url":"https://api.hh.ru/employers/5137862?host=hh.ru","alternate_url":"https://hh.ru/employer/5137862","logo_urls":{"original":"https://hhcdn.ru/employer-logo-original/806052.jpg","90":"https://hhcdn.ru/employer-logo/3665095.jpeg","240":"https://hhcdn.ru/employer-logo/3665096.jpeg"},"vacancies_url":"https://api.hh.ru/vacancies?employer_id=5137862&host=hh.ru","trusted":true},"published_at":"2021-06-13T11:50:11+0300","created_at":"2021-06-13T11:50:11+0300","negotiations_url":null,"suitable_resumes_url":null,"apply_alternate_url":"https://hh.ru/applicant/vacancy_response?vacancyId=45369089","has_test":false,"test":null,"alternate_url":"https://hh.ru/vacancy/45369089","working_days":[],"working_time_intervals":[],"working_time_modes":[],"accept_temporary":false}