{"id":"45365819","premium":false,"billing_type":{"id":"standard","name":"Стандарт"},"relations":[],"name":"Главный инженер (Backend-разработчик)","insider_interview":null,"response_letter_required":false,"area":{"id":"1","name":"Москва","url":"https://api.hh.ru/areas/1?host=hh.ru"},"salary":null,"type":{"id":"open","name":"Открытая"},"address":null,"allow_messages":true,"site":{"id":"hh","name":"hh.ru"},"experience":{"id":"between1And3","name":"От 1 года до 3 лет"},"schedule":{"id":"fullDay","name":"Полный день"},"employment":{"id":"full","name":"Полная занятость"},"department":{"id":"3529-3529-prof","name":"Сбер для экспертов"},"contacts":null,"description":"<p><strong>Обязанности:</strong></p> <p> </p> <p>- Проведение внедрений релизов АС;</p> <p>- Проведение анализа влияния изменений на эксплуатационные характеристики АС;</p> <p>- Определение технологических ограничений для проведения внедрения;</p> <p>- Организация и проведение установки дистрибутивного комплекта релиза АС на стенды для проведения тестирования, ПСИ ;</p> <p>- Проведение оценки необходимости проведения нагрузочного тестирования (НТ), определение цели НТ, принятие результатов НТ;</p> <p>- Выполнение Запросов на обслуживание, Задач, Регламентных работ;</p> <p>- Решение инцидентов АС ;</p> <p>- Анализ изменений АС на предмет необходимости изменения элементов мониторинга;</p> <p>- Осуществление обработки событий мониторинга;</p> <p>- Проведение разработки и актуализации планов управления мощностями;</p> <p>- Выявление рисков/проблем в работе АС и организация мероприятий по их устранению/минимизации/принятию;</p> <p>- Подготовка, настройка и эксплуатационное сопровождение сред и полигонов тестирования и ПСИ;</p> <p>- Поддержка стендов ХотФикс, Пром;</p> <p>- Экспертиза внедрения практик DevOps на этапах CDL, CDP в командах;</p> <p>- Постановка АС на мониторинг;</p> <p>- Формирование эксплуатационных требований.</p> <p> </p> <p><strong>Требования:</strong></p> <p> </p> <p>∙ Разработка и написание сборщиков данных на python;</p> <p>∙ Опыт работы с базами данных, отличное знание SQL, разработка хранимых процедуры (БД MSSQL/PostgreSQL);</p> <p>∙ Умение писать эффективные запросы к MSSQL/PostgreSQL;</p> <p>∙ Знание git.</p> <p> </p> <p> </p> <p> </p> <p> </p> <p><strong>Мы предлагаем:</strong></p> <p> </p> <ul> <li>Условия работы: 5-дневный график работы , отсутствие строгого дресс-кода;</li> <li>Уровень заработной платы, который зависит от ваших технических знаний и навыков, состоит из оклада и годового премирования;</li> <li>Заботу о здоровье: корпоративную программу ДМС (включает стоматологию, обследования, лечение заболеваний и т.д.), бесплатный тренажерный зал, страхование жизни, посещение корпоративного санатория в Крыму одному или с семьей;</li> <li>Знания: индивидуальный план обучения с учебными курсами и поездками на конференции за счет работодателя, а еще у Вас будет возможность попробовать себя в роли спикера или ментора;</li> <li>Корпоративные мероприятия: Новый год, командные выезды, участие в интеллектуальных играх. Еще мы помним о Ваших детях и дарим подарки на новый год;</li> <li>Особые условия для сотрудников: льготные условия кредитования, специальные курсы обмена валюты, дисконт-программы от партнеров банка;</li> <li>Если вам нравится идея превратить крупнейший банк России в передовую сервисную экосистему, будем рады увидеть вас в команде.</li> </ul>","branded_description":null,"vacancy_constructor_template":null,"key_skills":[],"accept_handicapped":false,"accept_kids":false,"archived":false,"response_url":null,"specializations":[{"id":"1.395","name":"Банковское ПО","profarea_id":"1","profarea_name":"Информационные технологии, интернет, телеком"},{"id":"1.221","name":"Программирование, Разработка","profarea_id":"1","profarea_name":"Информационные технологии, интернет, телеком"},{"id":"1.82","name":"Инженер","profarea_id":"1","profarea_name":"Информационные технологии, интернет, телеком"},{"id":"1.327","name":"Управление проектами","profarea_id":"1","profarea_name":"Информационные технологии, интернет, телеком"}],"code":null,"hidden":false,"quick_responses_allowed":false,"driver_license_types":[],"accept_incomplete_resumes":false,"employer":{"id":"3529","name":"Сбербанк","url":"https://api.hh.ru/employers/3529?host=hh.ru","alternate_url":"https://hh.ru/employer/3529","logo_urls":{"original":"https://hhcdn.ru/employer-logo-original/853994.jpg","240":"https://hhcdn.ru/employer-logo/3856852.jpeg","90":"https://hhcdn.ru/employer-logo/3856851.jpeg"},"vacancies_url":"https://api.hh.ru/vacancies?employer_id=3529&host=hh.ru","trusted":true},"published_at":"2021-06-10T10:46:25+0300","created_at":"2021-06-10T10:46:25+0300","negotiations_url":null,"suitable_resumes_url":null,"apply_alternate_url":"https://hh.ru/applicant/vacancy_response?vacancyId=45365819","has_test":false,"test":null,"alternate_url":"https://hh.ru/vacancy/45365819","working_days":[],"working_time_intervals":[],"working_time_modes":[],"accept_temporary":false}