{"id":"45372638","premium":false,"billing_type":{"id":"standard","name":"Стандарт"},"relations":[],"name":"Middle/Senior Go Back-end Developer","insider_interview":null,"response_letter_required":false,"area":{"id":"1","name":"Москва","url":"https://api.hh.ru/areas/1?host=hh.ru"},"salary":null,"type":{"id":"open","name":"Открытая"},"address":{"city":"Москва","street":"улица Авиаконструктора Микояна","building":"12","description":null,"lat":55.792589,"lng":37.527588,"raw":"Москва, улица Авиаконструктора Микояна, 12","metro":{"station_name":"Аэропорт","line_name":"Замоскворецкая","station_id":"2.12","line_id":"2","lat":55.800441,"lng":37.530477},"metro_stations":[{"station_name":"Аэропорт","line_name":"Замоскворецкая","station_id":"2.12","line_id":"2","lat":55.800441,"lng":37.530477},{"station_name":"ЦСКА","line_name":"Большая кольцевая линия","station_id":"97.600","line_id":"97","lat":55.78643,"lng":37.53502}]},"allow_messages":true,"site":{"id":"hh","name":"hh.ru"},"experience":{"id":"between3And6","name":"От 3 до 6 лет"},"schedule":{"id":"fullDay","name":"Полный день"},"employment":{"id":"full","name":"Полная занятость"},"department":null,"contacts":null,"description":"<p><strong>Мы - команда, развивающая уникальное высоко-нагруженное масштабируемое решение состоящее из 30+ микро- и макро-сервисов.</strong></p> <p><strong>С чем мы работаем:</strong></p> <ul> <li>Postgres, Mongo, ClickHouse;</li> <li>Redis, Rabbit, Kafka;</li> <li>GRPC/Protobuf, REST, интеграции с внешними сервисами;</li> <li>TensorFlow и Google Colab;</li> <li>Kubernetes, Docker, CI/CD, ELK, Prometeus, Grafana;</li> <li>Git, Linux;</li> <li>Jira &amp; Confluence;</li> </ul> <p><strong>Что мы ожидаем от Вас:</strong></p> <ul> <li>Вы хорошо знаете конкурентное программирование на Golang;</li> <li>Вы дружите с математикой и алгоритмами (математические алгоритмы поиска оптимальных путей по графу, ML);</li> <li>Вы хорошо знаете SQL, работали с различными реляционными и нереляционными БД (Postgres, Mongo, ClickHouse, Cassandra и др.);</li> <li>Вам свойственны такие качества как: ответственность, инициативность, легкость в общении, командность;</li> <li>Вы любите осваивать новое и готовы быстро обучиться незнакомым технологиям и навыкам.</li> </ul> <strong>Что мы предлагаем:</strong> <ul> <li>Работа в современной, стабильной компании;</li> <li>Оформление по ТК РФ (отпуск 28 календарных дней, оплачиваемый б/л);</li> <li>Испытательный срок - 3 месяца;</li> <li>Социальный пакет: ДМС (после прохождения испытательного срока, включает стоматологию);</li> <li>График работы: пятидневка, гибкое начало рабочего дня: 9.00-11.00; <strong>возможен смешанный формат работы (несколько дней в неделю в офисе, несколько - удаленно) или полностью удаленный;</strong></li> <li>Современный, комфортный офис (с кабинетной рассадкой) в бизнес-центре Линкор (м.&quot;Аэропорт&quot;, 5 минут на корпоративном шаттле или пешком 7-10 минут от м. &quot;ЦСКА&quot;);</li> <li>Оборудованная мини-кухня, кофе-машина, приготавливающая супер-вкусный эспрессо, американо и капучино;</li> <li>Профессиональный, дружный, молодой коллектив;</li> <li>Перспективы профессионального и карьерного роста, работа над нетривиальными задачами.</li> </ul>","branded_description":null,"vacancy_constructor_template":null,"key_skills":[{"name":"Работа в команде"},{"name":"Математический анализ"},{"name":"Golang"},{"name":"PostgreSQL"},{"name":"MongoDB"},{"name":"Redis"},{"name":"Rabbit"},{"name":"Kafka"},{"name":"ClickHouse"},{"name":"GC"},{"name":"GRPC"},{"name":"Protobuf"},{"name":"REST"}],"accept_handicapped":false,"accept_kids":false,"archived":false,"response_url":null,"specializations":[{"id":"1.221","name":"Программирование, Разработка","profarea_id":"1","profarea_name":"Информационные технологии, интернет, телеком"}],"code":null,"hidden":false,"quick_responses_allowed":false,"driver_license_types":[],"accept_incomplete_resumes":false,"employer":{"id":"2309244","name":"ОНЭЛИЯ","url":"https://api.hh.ru/employers/2309244?host=hh.ru","alternate_url":"https://hh.ru/employer/2309244","logo_urls":{"original":"https://hhcdn.ru/employer-logo-original/777469.png","240":"https://hhcdn.ru/employer-logo/3550768.png","90":"https://hhcdn.ru/employer-logo/3550767.png"},"vacancies_url":"https://api.hh.ru/vacancies?employer_id=2309244&host=hh.ru","trusted":true},"published_at":"2021-06-10T13:03:38+0300","created_at":"2021-06-10T13:03:38+0300","negotiations_url":null,"suitable_resumes_url":null,"apply_alternate_url":"https://hh.ru/applicant/vacancy_response?vacancyId=45372638","has_test":false,"test":null,"alternate_url":"https://hh.ru/vacancy/45372638","working_days":[],"working_time_intervals":[],"working_time_modes":[],"accept_temporary":false}