{"id":"45386213","premium":false,"billing_type":{"id":"standard","name":"Стандарт"},"relations":[],"name":"Middle/Senior back-end .Net developer (C#)","insider_interview":null,"response_letter_required":false,"area":{"id":"1","name":"Москва","url":"https://api.hh.ru/areas/1?host=hh.ru"},"salary":null,"type":{"id":"open","name":"Открытая"},"address":{"city":"Москва","street":"улица Авиаконструктора Микояна","building":"12","description":null,"lat":55.792589,"lng":37.527588,"raw":"Москва, улица Авиаконструктора Микояна, 12","metro":{"station_name":"Аэропорт","line_name":"Замоскворецкая","station_id":"2.12","line_id":"2","lat":55.800441,"lng":37.530477},"metro_stations":[{"station_name":"Аэропорт","line_name":"Замоскворецкая","station_id":"2.12","line_id":"2","lat":55.800441,"lng":37.530477},{"station_name":"ЦСКА","line_name":"Большая кольцевая линия","station_id":"97.600","line_id":"97","lat":55.78643,"lng":37.53502}]},"allow_messages":true,"site":{"id":"hh","name":"hh.ru"},"experience":{"id":"between3And6","name":"От 3 до 6 лет"},"schedule":{"id":"fullDay","name":"Полный день"},"employment":{"id":"full","name":"Полная занятость"},"department":null,"contacts":null,"description":"<p><em><strong>Мы: команда профессионалов, разрабатывающих крупнейшую и самую удобную для пассажиров систему по онлайн-бронированию билетов на поездки разными видами транспорта (мультимодальные перевозки) </strong></em></p> <p><strong>Основные задачи:</strong></p> <ul> <li>Участие в разработке GDS (Global Distribution System) нового поколения на глобальный рынок;</li> <li>Разработка веб-сервисов и их интеграция, проведение code review;</li> <li>Тестирование, написание модульных тестов;</li> <li>Работа по гибким методологиям.</li> </ul> <strong>Требования к опыту:</strong> <ul> <li>Веб-разработка не менее 3-х лет;</li> <li>Отличные знания C#, .Net Core, .Net Framework 4.6, REST;</li> <li>Знание SQL;</li> <li>Понимание принципов TDD, владение инструментами Unit-тестирования;</li> <li>Знание принципов ООП, шаблонов проектирования, SOLID;</li> <li>Опыт использования систем контроля версий (Git и др.);</li> </ul> <p><strong>Приветствуются:</strong></p> <ul> <li>Знание и опыт работы с Web API, Entity Framework;</li> <li>Опыт работы в команде по методологии Agile;</li> <li>Опыт работы с PostgreSQL;</li> </ul> <strong>Что мы предлагаем:</strong> <ul> <li>Работа в современной, стабильной компании;</li> <li>Оформление по ТК РФ (отпуск 28 календарных дней, оплачиваемый б/л);</li> <li>Испытательный срок - 3 месяца;</li> <li>Социальный пакет: ДМС (после прохождения испытательного срока, включает стоматологию);</li> <li>График работы: пятидневка, гибкое начало рабочего дня: 9.00-11.00;</li> <li><strong>Возможность работать в режиме на выбор офис/удаленно/гибрид;</strong></li> <li>Современный, комфортный офис (с кабинетной рассадкой) в бизнес-центре Линкор (м.&quot;Аэропорт&quot;, 5 минут на корпоративном шаттле или пешком 7-10 минут от м. &quot;ЦСКА&quot;);</li> <li>Оборудованная мини-кухня, свежие фрукты, супер-вкусный эспрессо, американо и капучино;</li> <li>Своя спортивная команда по волейболу;</li> <li>Профессиональный, дружный, молодой коллектив;</li> <li>Перспективы профессионального и карьерного роста, работа над нетривиальными задачами.</li> </ul>","branded_description":null,"vacancy_constructor_template":null,"key_skills":[{"name":"С#"},{"name":"SQL"},{"name":"Веб-программирование"},{"name":"ООП"},{"name":"Git"},{"name":"Web api"},{"name":"MS SQL"},{"name":"Unit Testing"},{"name":"code review"},{"name":".Net Core"},{"name":".Net"},{"name":"PostgreSQL"}],"accept_handicapped":false,"accept_kids":false,"archived":false,"response_url":null,"specializations":[{"id":"1.221","name":"Программирование, Разработка","profarea_id":"1","profarea_name":"Информационные технологии, интернет, телеком"},{"id":"1.272","name":"Системная интеграция","profarea_id":"1","profarea_name":"Информационные технологии, интернет, телеком"},{"id":"1.82","name":"Инженер","profarea_id":"1","profarea_name":"Информационные технологии, интернет, телеком"},{"id":"1.117","name":"Тестирование","profarea_id":"1","profarea_name":"Информационные технологии, интернет, телеком"},{"id":"1.9","name":"Web инженер","profarea_id":"1","profarea_name":"Информационные технологии, интернет, телеком"},{"id":"1.89","name":"Интернет","profarea_id":"1","profarea_name":"Информационные технологии, интернет, телеком"}],"code":null,"hidden":false,"quick_responses_allowed":false,"driver_license_types":[],"accept_incomplete_resumes":false,"employer":{"id":"2309244","name":"ОНЭЛИЯ","url":"https://api.hh.ru/employers/2309244?host=hh.ru","alternate_url":"https://hh.ru/employer/2309244","logo_urls":{"original":"https://hhcdn.ru/employer-logo-original/777469.png","240":"https://hhcdn.ru/employer-logo/3550768.png","90":"https://hhcdn.ru/employer-logo/3550767.png"},"vacancies_url":"https://api.hh.ru/vacancies?employer_id=2309244&host=hh.ru","trusted":true},"published_at":"2021-06-10T19:17:51+0300","created_at":"2021-06-10T19:17:51+0300","negotiations_url":null,"suitable_resumes_url":null,"apply_alternate_url":"https://hh.ru/applicant/vacancy_response?vacancyId=45386213","has_test":false,"test":null,"alternate_url":"https://hh.ru/vacancy/45386213","working_days":[],"working_time_intervals":[],"working_time_modes":[],"accept_temporary":false}