{"id":"45418318","premium":false,"billing_type":{"id":"standard_plus","name":"Стандарт плюс"},"relations":[],"name":"Senior Back-end Разработчик","insider_interview":null,"response_letter_required":false,"area":{"id":"1","name":"Москва","url":"https://api.hh.ru/areas/1?host=hh.ru"},"salary":{"from":180000,"to":null,"currency":"RUR","gross":false},"type":{"id":"open","name":"Открытая"},"address":{"city":"Москва","street":"Беговая улица","building":"1А","description":null,"lat":55.775692,"lng":37.550881,"raw":"Москва, Беговая улица, 1А","metro":{"station_name":"Беговая","line_name":"Таганско-Краснопресненская","station_id":"7.18","line_id":"7","lat":55.773505,"lng":37.545518},"metro_stations":[{"station_name":"Беговая","line_name":"Таганско-Краснопресненская","station_id":"7.18","line_id":"7","lat":55.773505,"lng":37.545518},{"station_name":"Беговая","line_name":"МЦД - 1","station_id":"131.701","line_id":"131","lat":55.773505,"lng":37.545518},{"station_name":"Улица 1905 года","line_name":"Таганско-Краснопресненская","station_id":"7.146","line_id":"7","lat":55.763944,"lng":37.562271}]},"allow_messages":true,"site":{"id":"hh","name":"hh.ru"},"experience":{"id":"between3And6","name":"От 3 до 6 лет"},"schedule":{"id":"remote","name":"Удаленная работа"},"employment":{"id":"full","name":"Полная занятость"},"department":null,"contacts":null,"description":"<strong>Обязанности:</strong> <ul> <li>Разрабатывать бизнес и системные сервисы с использованием Node.js, TypeScript, PostgreSQL, TypeORM, Koa.</li> <li>Проектировать, писать и документировать API для межсервисного взаимодействия.</li> <li>Собирать и запускать проекты с использованием Docker.</li> <li>Интегрировать проект с системами клиентов.</li> </ul> <strong>Требования:</strong> <ul> <li>Опыт разработки на JavaScript и TypeScript больше 2х лет.</li> <li>Уверенное владение любым из языков программирования: Java/Kotlin/Scala/Go/C++/Python</li> <li>Опыт коммерческой разработки на Node.js.</li> <li>Глубокое знание классических алгоритмов и структур данных.</li> <li>Навыки работы с OpenApi, gRPC.</li> <li>Знать JavaScript, Type Script, ES6, Node.js, PostgreSQL, Koa, Docker, Redis.</li> <li>Уметь работать с git, в том числе с сабмодулями.</li> <li>Опыт работы в Linux/Unix.</li> <li>Приветствуется знание Angular8+/React, RabbitMQ, ClickHouse, Electron.</li> <li>Умение работать быстро, с вниманием к деталям, открыто коммуницировать и предлагать решения. Ответственность и следование таймингу проектов.</li> <li>Понимание принципов работы по Agile, Scrum и Kanban.</li> <li>Английский язык – чтение технической литературы, уровень от B1 и выше</li> </ul> <p><strong>Будет плюсом</strong><strong>:</strong></p> <ul> <li>опыт работы с CI системами (Jenkins/Teamcity/Travis)</li> <li>опыт работы с базами данных (MongoDB/Cassandra)</li> <li>опыт работы с распределенными in-memory KV базами данных (Redis/Ignite/Etcd/Zookeper)</li> <li>опыт работы с data engineering (kafka/spark/airflow/oozie)</li> </ul> <p><strong>О продукте:</strong></p> <p>Конфигуратор новых автомобилей (комплектации, цены, опции, пакеты, взаимодействия между ними) для сайтов и внутренних систем клиентов (API). С возможностью онлайн заказа автомобиля у дилера и автоматическим сравнением цен на автомобили со скидками с официальными ценами производителей.</p> <p><strong>Условия:</strong></p> <ul> <li>Гибкие подходы к разработке.</li> <li>Интересная и ответственная работа в проектах ведущего российского агентства аналитики автомобильного рынка.</li> <li>Возможность развиваться и влиять на развитие продукта.</li> <li>Кросс-функциональное подчинение IT-директору и лидеру проекта.</li> <li>Зарплата от 180 000 рублей после вычета налогов (на руки).</li> <li>Удаленный режим работы. График работы 5/2, с гибким началом рабочего дня с 08.30 до 11.00.</li> <li>Условия оформления – как ИП или самозанятый.</li> </ul>","branded_description":null,"vacancy_constructor_template":null,"key_skills":[{"name":"PostgreSQL"},{"name":"Node.js"},{"name":"TypeScript"},{"name":"TypeORM"},{"name":"Koa"},{"name":"Английский язык – чтение технической литературы, уровень от B1 и выше"}],"accept_handicapped":true,"accept_kids":false,"archived":false,"response_url":null,"specializations":[{"id":"1.221","name":"Программирование, Разработка","profarea_id":"1","profarea_name":"Информационные технологии, интернет, телеком"},{"id":"1.295","name":"Телекоммуникации","profarea_id":"1","profarea_name":"Информационные технологии, интернет, телеком"}],"code":null,"hidden":false,"quick_responses_allowed":false,"driver_license_types":[],"accept_incomplete_resumes":false,"employer":{"id":"4977721","name":"Автостат Медиа","url":"https://api.hh.ru/employers/4977721?host=hh.ru","alternate_url":"https://hh.ru/employer/4977721","logo_urls":{"original":"https://hhcdn.ru/employer-logo-original/785307.png","240":"https://hhcdn.ru/employer-logo/3582120.png","90":"https://hhcdn.ru/employer-logo/3582119.png"},"vacancies_url":"https://api.hh.ru/vacancies?employer_id=4977721&host=hh.ru","trusted":true},"published_at":"2021-06-12T09:22:17+0300","created_at":"2021-06-12T09:22:17+0300","negotiations_url":null,"suitable_resumes_url":null,"apply_alternate_url":"https://hh.ru/applicant/vacancy_response?vacancyId=45418318","has_test":false,"test":null,"alternate_url":"https://hh.ru/vacancy/45418318","working_days":[],"working_time_intervals":[],"working_time_modes":[],"accept_temporary":false}