{"id":"45413192","premium":false,"billing_type":{"id":"standard","name":"Стандарт"},"relations":[],"name":"Tech lead команды разработчиков (backend dev, Python)","insider_interview":null,"response_letter_required":false,"area":{"id":"1","name":"Москва","url":"https://api.hh.ru/areas/1?host=hh.ru"},"salary":null,"type":{"id":"open","name":"Открытая"},"address":null,"allow_messages":true,"site":{"id":"hh","name":"hh.ru"},"experience":{"id":"between3And6","name":"От 3 до 6 лет"},"schedule":{"id":"fullDay","name":"Полный день"},"employment":{"id":"full","name":"Полная занятость"},"department":null,"contacts":null,"description":"<p><strong>Tech lead</strong> <strong>команды разработчиков (backend dev, Python)</strong></p> <p>В крупную телекоммуникационную компанию</p> <p>Ищем технического руководителя в команду для реализации проектов внутренней цифровизации. Мы создаем цифровое рабочее место сотрудника Компании, включающее разработку собственных сервисов (WEB, Mobile) и удобные интерфейсы для работы с enterprise системами.</p> <p><strong>Задачи:</strong></p> <ul> <li>Возглавить команду backend разработки проекта</li> <li>Разработка архитектуры продукта</li> <li>Разработка интеграций с корпоративными системами (например, с OpenText, Success Factors)</li> <li>Проектирование и разработка API приложений/ключевых технологических и прикладных микросервисов</li> <li>Организация процесса разработки</li> <li>Проведение code-review</li> <li>Распределение задач в Jira между участниками команды</li> </ul> <p><strong>Требования:</strong></p> <ul> <li>Опыт работы на позиции лида от 1 года</li> <li>Опыт разработки на Python от 4 лет</li> <li>Опыт разработки архитектурных решений</li> <li>Опыт интеграции с другими системами</li> <li>Опыт написания технической документации</li> <li>Понимание процессов CI/CD: Gitlab, Jenkins, k8s, Docker</li> <li>Умение транслировать задачи бизнеса на уровень технологических решений</li> <li>Знание и опыт применения методологий разработки (Scrum, Agile)</li> <li>Лидерские качества, ответственность, коммуникабельность</li> </ul> <p><strong>Преимуществом будет:</strong></p> <ul> <li>У Вас есть стремление превосходить ожидания, быть лучшим, привносить новое</li> <li>Вы хотите непрерывно развиваться</li> <li>Вы можете самостоятельно сформулировать задачу</li> <li>Вам нравится искать простые и изящные решение сложных задач</li> <li>Вы не избегаете расширения границ своей ответственности</li> </ul> <p><strong>Условия:</strong></p> <ul> <li>Гибридный график (офис/удаленка - 2/3 или 3/2) или удаленка.</li> <li>Полностью белая конкурентная заработная плата.</li> <li>ДМС со стоматологией.</li> <li>Оплата мобильной связи и домашнего интернета.</li> <li>Компенсация спорта.</li> <li>Внешнее обучение в России и за рубежом за счет компании (New Prolab, BigData Team, GeekBrains и др.).</li> <li>Возможности для профессионального развития и карьерного роста.</li> </ul>","branded_description":null,"vacancy_constructor_template":null,"key_skills":[],"accept_handicapped":false,"accept_kids":false,"archived":false,"response_url":null,"specializations":[{"id":"1.221","name":"Программирование, Разработка","profarea_id":"1","profarea_name":"Информационные технологии, интернет, телеком"}],"code":null,"hidden":false,"quick_responses_allowed":false,"driver_license_types":[],"accept_incomplete_resumes":false,"employer":{"id":"21653","name":"Зест-персонал","url":"https://api.hh.ru/employers/21653?host=hh.ru","alternate_url":"https://hh.ru/employer/21653","logo_urls":{"original":"https://hhcdn.ru/employer-logo-original/803848.jpg","90":"https://hhcdn.ru/employer-logo/3656279.jpeg","240":"https://hhcdn.ru/employer-logo/3656280.jpeg"},"vacancies_url":"https://api.hh.ru/vacancies?employer_id=21653&host=hh.ru","trusted":true},"published_at":"2021-06-11T16:42:39+0300","created_at":"2021-06-11T16:42:39+0300","negotiations_url":null,"suitable_resumes_url":null,"apply_alternate_url":"https://hh.ru/applicant/vacancy_response?vacancyId=45413192","has_test":false,"test":null,"alternate_url":"https://hh.ru/vacancy/45413192","working_days":[],"working_time_intervals":[],"working_time_modes":[],"accept_temporary":false}