{"id":"45424696","premium":false,"billing_type":{"id":"standard_plus","name":"Стандарт плюс"},"relations":[],"name":"Senior Backend programmer C#","insider_interview":null,"response_letter_required":false,"area":{"id":"1","name":"Москва","url":"https://api.hh.ru/areas/1?host=hh.ru"},"salary":{"from":null,"to":300000,"currency":"RUR","gross":true},"type":{"id":"open","name":"Открытая"},"address":{"city":"Москва","street":"Минская улица","building":"2Гк1","description":null,"lat":55.718035,"lng":37.502857,"raw":"Москва, Минская улица, 2Гк1","metro":{"station_name":"Минская","line_name":"Солнцевская","station_id":"133.555","line_id":"133","lat":55.7232,"lng":37.5038},"metro_stations":[{"station_name":"Минская","line_name":"Солнцевская","station_id":"133.555","line_id":"133","lat":55.7232,"lng":37.5038}]},"allow_messages":true,"site":{"id":"hh","name":"hh.ru"},"experience":{"id":"between3And6","name":"От 3 до 6 лет"},"schedule":{"id":"flexible","name":"Гибкий график"},"employment":{"id":"full","name":"Полная занятость"},"department":null,"contacts":null,"description":"<p>Компания Овермайнд приглашает опытного серверного разработчика для разработки нового игрового проекта.</p> <p><strong>Обязанности:</strong></p> <ul> <li> <p>оптимизация клиент-серверного взаимодействия;</p> </li> <li>разработка нового игрового функционала;</li> <li>проектирование и разработка серверных решений для высоких нагрузок</li> </ul> <p><strong>Требования:</strong></p> <ul> <li> <p>опыт работы в игровой индустрии</p> </li> <li> <p>опыт разработки игровых серверов или сервисов</p> </li> <li> <p>хороший алгоритмический и математический базис;</p> </li> <li>увлеченность играми</li> <li>понимание работы различных платформ</li> <li> <p>навыки проектирования серверных приложений</p> </li> <li> <p>Опыт работы Docker</p> </li> <li> <p>Опыт работы с Redis, MongoDb, RabbitMQ</p> </li> </ul> <strong>Условия:</strong> <ul> <li> <p>Комфортный офис в 8 минутах пешком от м. Минская</p> </li> <li> <p>Команда профессионалов с многолетним опытом в крупных игровых компаниях.</p> </li> <li> <p>Чай-кофе-фрукты-радости.</p> </li> <li> <p>Умеренно гибкий график и адекватное руководство</p> </li> <li>Рассматриваем кандидатов, готовых к релокации в Москву</li> </ul>","branded_description":null,"vacancy_constructor_template":null,"key_skills":[{"name":"Математический анализ"},{"name":"Пользователь ПК"},{"name":"Серверное программирование"},{"name":"Разработка компьютерных Игр"},{"name":"Грамотная речь"},{"name":"C#"},{"name":"Docker"},{"name":"Redis"},{"name":"MongoDB"},{"name":"RabbitMQ"}],"accept_handicapped":false,"accept_kids":false,"archived":false,"response_url":null,"specializations":[{"id":"1.475","name":"Игровое ПО","profarea_id":"1","profarea_name":"Информационные технологии, интернет, телеком"},{"id":"1.221","name":"Программирование, Разработка","profarea_id":"1","profarea_name":"Информационные технологии, интернет, телеком"}],"code":null,"hidden":false,"quick_responses_allowed":false,"driver_license_types":[],"accept_incomplete_resumes":false,"employer":{"id":"3178836","name":"Овермайнд","url":"https://api.hh.ru/employers/3178836?host=hh.ru","alternate_url":"https://hh.ru/employer/3178836","logo_urls":{"original":"https://hhcdn.ru/employer-logo-original/610733.png","240":"https://hhcdn.ru/employer-logo/2884085.png","90":"https://hhcdn.ru/employer-logo/2884084.png"},"vacancies_url":"https://api.hh.ru/vacancies?employer_id=3178836&host=hh.ru","trusted":true},"published_at":"2021-06-13T21:22:20+0300","created_at":"2021-06-13T21:22:20+0300","negotiations_url":null,"suitable_resumes_url":null,"apply_alternate_url":"https://hh.ru/applicant/vacancy_response?vacancyId=45424696","has_test":false,"test":null,"alternate_url":"https://hh.ru/vacancy/45424696","working_days":[],"working_time_intervals":[],"working_time_modes":[],"accept_temporary":false}