{"items": [{"id": "43360314", "premium": false, "name": "Senior Backend Developer (PL/PLUS)", "department": null, "has_test": false, "response_letter_required": false, "area": {"id": "1", "name": "Москва", "url": "https://api.hh.ru/areas/1"}, "salary": null, "type": {"id": "open", "name": "Открытая"}, "address": null, "response_url": null, "sort_point_distance": null, "published_at": "2021-05-28T14:58:00+0300", "created_at": "2021-05-28T14:58:00+0300", "archived": false, "apply_alternate_url": "https://hh.ru/applicant/vacancy_response?vacancyId=43360314", "insider_interview": null, "url": "https://api.hh.ru/vacancies/43360314?host=hh.ru", "alternate_url": "https://hh.ru/vacancy/43360314", "relations": [], "employer": {"id": "4649269", "name": "Иннотех, Группа компаний", "url": "https://api.hh.ru/employers/4649269", "alternate_url": "https://hh.ru/employer/4649269", "logo_urls": {"90": "https://hhcdn.ru/employer-logo/3621227.png", "240": "https://hhcdn.ru/employer-logo/3621228.png", "original": "https://hhcdn.ru/employer-logo-original/795085.png"}, "vacancies_url": "https://api.hh.ru/vacancies?employer_id=4649269", "trusted": true}, "snippet": {"requirement": "Глубокое знание pl+, Oracle pl/sql. Знание основных процессов разработки программного обеспечения. Глубокое знание продукта «Депозиты». Опыт работы от 3...", "responsibility": "Адаптация кода под новый технологический стэк. Курирование других команд, участвующих в процессе разработки. Выстраивание процессов автоматизации CI/CID. "}, "contacts": null, "schedule": {"id": "fullDay", "name": "Полный день"}, "working_days": [], "working_time_intervals": [], "working_time_modes": [], "accept_temporary": false}, {"id": "44900661", "premium": false, "name": "Middle / Senior Python Backend Developer (Remote)", "department": null, "has_test": false, "response_letter_required": false, "area": {"id": "1", "name": "Москва", "url": "https://api.hh.ru/areas/1"}, "salary": {"from": 170000, "to": 250000, "currency": "RUR", "gross": false}, "type": {"id": "open", "name": "Открытая"}, "address": null, "response_url": null, "sort_point_distance": null, "published_at": "2021-05-26T11:46:55+0300", "created_at": "2021-05-26T11:46:55+0300", "archived": false, "apply_alternate_url": "https://hh.ru/applicant/vacancy_response?vacancyId=44900661", "insider_interview": null, "url": "https://api.hh.ru/vacancies/44900661?host=hh.ru", "alternate_url": "https://hh.ru/vacancy/44900661", "relations": [], "employer": {"id": "2771061", "name": "Данильченко Иван Сергеевич", "url": "https://api.hh.ru/employers/2771061", "alternate_url": "https://hh.ru/employer/2771061", "logo_urls": {"original": "https://hhcdn.ru/employer-logo-original/818246.jpg", "240": "https://hhcdn.ru/employer-logo/3713872.jpeg", "90": "https://hhcdn.ru/employer-logo/3713871.jpeg"}, "vacancies_url": "https://api.hh.ru/vacancies?employer_id=2771061", "trusted": false}, "snippet": {"requirement": "В компании есть культура: code review, code refactoring. Соответственно, нужно быть готовым показывать свой код старшим коллегам и уметь отвечать...", "responsibility": "Структура нашей компании в плане разработки: За каждым проектом закреплена своя команда, в который входит несколько backend специалистов, отдельно frontend..."}, "contacts": null, "schedule": {"id": "remote", "name": "Удаленная работа"}, "working_days": [], "working_time_intervals": [], "working_time_modes": [], "accept_temporary": false}, {"id": "39648376", "premium": false, "name": "Backend Senior Python Developer", "department": {"id": "2155808-2155808-uma", "name": "UMA.Tech"}, "has_test": false, "response_letter_required": false, "area": {"id": "1", "name": "Москва", "url": "https://api.hh.ru/areas/1"}, "salary": null, "type": {"id": "open", "name": "Открытая"}, "address": null, "response_url": null, "sort_point_distance": null, "published_at": "2021-05-31T12:36:21+0300", "created_at": "2021-05-31T12:36:21+0300", "archived": false, "apply_alternate_url": "https://hh.ru/applicant/vacancy_response?vacancyId=39648376", "insider_interview": null, "url": "https://api.hh.ru/vacancies/39648376?host=hh.ru", "alternate_url": "https://hh.ru/vacancy/39648376", "relations": [], "employer": {"id": "2155808", "name": "Газпром-медиа Развлекательное телевидение (ГПМ РТВ)", "url": "https://api.hh.ru/employers/2155808", "alternate_url": "https://hh.ru/employer/2155808", "logo_urls": {"original": "https://hhcdn.ru/employer-logo-original/510125.png", "90": "https://hhcdn.ru/employer-logo/2482253.png", "240": "https://hhcdn.ru/employer-logo/2482254.png"}, "vacancies_url": "https://api.hh.ru/vacancies?employer_id=2155808", "trusted": true}, "snippet": {"requirement": "От 5 лет опыта профессиональной разработки ПО на Python (Django, Flask, Pyramid и т.п.). Опыт работы с Golang. ", "responsibility": "Быстрое создание прототипов и итерационное развитие продуктов на основе аналитики, тестирования гипотез и интеграции с лучшими сервисами и командами. "}, "contacts": null, "schedule": {"id": "remote", "name": "Удаленная работа"}, "working_days": [], "working_time_intervals": [], "working_time_modes": [], "accept_temporary": false}, {"id": "43359166", "premium": false, "name": "Senior Backend Developer (Java)", "department": null, "has_test": false, "response_letter_required": false, "area": {"id": "1", "name": "Москва", "url": "https://api.hh.ru/areas/1"}, "salary": null, "type": {"id": "open", "name": "Открытая"}, "address": null, "response_url": null, "sort_point_distance": null, "published_at": "2021-05-28T14:57:32+0300", "created_at": "2021-05-28T14:57:32+0300", "archived": false, "apply_alternate_url": "https://hh.ru/applicant/vacancy_response?vacancyId=43359166", "insider_interview": null, "url": "https://api.hh.ru/vacancies/43359166?host=hh.ru", "alternate_url": "https://hh.ru/vacancy/43359166", "relations": [], "employer": {"id": "4649269", "name": "Иннотех, Группа компаний", "url": "https://api.hh.ru/employers/4649269", "alternate_url": "https://hh.ru/employer/4649269", "logo_urls": {"90": "https://hhcdn.ru/employer-logo/3621227.png", "240": "https://hhcdn.ru/employer-logo/3621228.png", "original": "https://hhcdn.ru/employer-logo-original/795085.png"}, "vacancies_url": "https://api.hh.ru/vacancies?employer_id=4649269", "trusted": true}, "snippet": {"requirement": "Spring boot 2. Hibernate. Kafka. Postgres. React v16+. TypeScript. TeamCity. Helm. Ansible. Высшее образование/технические. Знание базовых алгоритмов. ", "responsibility": "Сервис маршрутизации запросов - поможет в банке строить greenfield и минимизировать последствия аварий при внедрении и во время работы банковских сервисов. "}, "contacts": null, "schedule": {"id": "fullDay", "name": "Полный день"}, "working_days": [], "working_time_intervals": [], "working_time_modes": [], "accept_temporary": false}, {"id": "45230428", "premium": false, "name": "Senior Java Developer (Back-End) in Cloud / Tooling Team", "department": null, "has_test": false, "response_letter_required": false, "area": {"id": "1", "name": "Москва", "url": "https://api.hh.ru/areas/1"}, "salary": null, "type": {"id": "open", "name": "Открытая"}, "address": null, "response_url": null, "sort_point_distance": null, "published_at": "2021-06-04T21:59:58+0300", "created_at": "2021-06-04T21:59:58+0300", "archived": false, "apply_alternate_url": "https://hh.ru/applicant/vacancy_response?vacancyId=45230428", "insider_interview": null, "url": "https://api.hh.ru/vacancies/45230428?host=hh.ru", "alternate_url": "https://hh.ru/vacancy/45230428", "relations": [], "employer": {"id": "234264", "name": "GridGain Systems", "url": "https://api.hh.ru/employers/234264", "alternate_url": "https://hh.ru/employer/234264", "logo_urls": {"original": "https://hhcdn.ru/employer-logo-original/242681.png", "90": "https://hhcdn.ru/employer-logo/1413401.png", "240": "https://hhcdn.ru/employer-logo/1413402.png"}, "vacancies_url": "https://api.hh.ru/vacancies?employer_id=234264", "trusted": true}, "snippet": {"requirement": "3+ years of software development experience with a strong focus on application development using Java. Experience with web technologies...", "responsibility": "Develop a backend for management and monitoring tools for GridGain In-Memory Platform. Interaction with both, distributed clusters and user..."}, "contacts": null, "schedule": {"id": "remote", "name": "Удаленная работа"}, "working_days": [], "working_time_intervals": [], "working_time_modes": [], "accept_temporary": false}, {"id": "44909497", "premium": false, "name": "Senior Ruby on Rails Back-end Developer", "department": null, "has_test": false, "response_letter_required": false, "area": {"id": "1", "name": "Москва", "url": "https://api.hh.ru/areas/1"}, "salary": {"from": 250000, "to": 400000, "currency": "RUR", "gross": false}, "type": {"id": "open", "name": "Открытая"}, "address": null, "response_url": null, "sort_point_distance": null, "published_at": "2021-05-26T14:25:49+0300", "created_at": "2021-05-26T14:25:49+0300", "archived": false, "apply_alternate_url": "https://hh.ru/applicant/vacancy_response?vacancyId=44909497", "insider_interview": null, "url": "https://api.hh.ru/vacancies/44909497?host=hh.ru", "alternate_url": "https://hh.ru/vacancy/44909497", "relations": [], "employer": {"id": "1740229", "name": "Город Иннополис", "url": "https://api.hh.ru/employers/1740229", "alternate_url": "https://hh.ru/employer/1740229", "logo_urls": {"90": "https://hhcdn.ru/employer-logo/3325480.jpeg", "240": "https://hhcdn.ru/employer-logo/3325481.jpeg", "original": "https://hhcdn.ru/employer-logo-original/721095.jpg"}, "vacancies_url": "https://api.hh.ru/vacancies?employer_id=1740229", "trusted": true}, "snippet": {"requirement": "Опыт разработки на Ruby on Rails от 4-х лет. Глубокие знания PostgreSQL вплоть до особенностей реализации параллельного выполнения транзакций...", "responsibility": "Разработка нового функционала продукта, которым будут пользоваться различные компании и предприниматели, в том числе разработка фундаментальных механизмов и библиотек. "}, "contacts": null, "schedule": {"id": "remote", "name": "Удаленная работа"}, "working_days": [], "working_time_intervals": [], "working_time_modes": [], "accept_temporary": false}, {"id": "44844680", "premium": false, "name": "Senior Backend Developer (Node.js / Go)", "department": null, "has_test": false, "response_letter_required": false, "area": {"id": "1", "name": "Москва", "url": "https://api.hh.ru/areas/1"}, "salary": null, "type": {"id": "open", "name": "Открытая"}, "address": null, "response_url": null, "sort_point_distance": null, "published_at": "2021-05-24T17:26:48+0300", "created_at": "2021-05-24T17:26:48+0300", "archived": false, "apply_alternate_url": "https://hh.ru/applicant/vacancy_response?vacancyId=44844680", "insider_interview": null, "url": "https://api.hh.ru/vacancies/44844680?host=hh.ru", "alternate_url": "https://hh.ru/vacancy/44844680", "relations": [], "employer": {"id": "1576236", "name": "Qlean", "url": "https://api.hh.ru/employers/1576236", "alternate_url": "https://hh.ru/employer/1576236", "logo_urls": {"90": "https://hhcdn.ru/employer-logo/3277520.png", "240": "https://hhcdn.ru/employer-logo/3277521.png", "original": "https://hhcdn.ru/employer-logo-original/709101.png"}, "vacancies_url": "https://api.hh.ru/vacancies?employer_id=1576236", "trusted": true}, "snippet": {"requirement": "Уверенных знаний Node.JS или Go (event-loop, stream) и СУБД (PostgreSQL, MySql). Опыта работы с очередями (RabbitMQ). Понимания принципов работы...", "responsibility": "Qlean — уборка квартир и офисов, химчистка. Cherdak — хранение вещей и переезды. Wola — доставка воды."}, "contacts": null, "schedule": {"id": "remote", "name": "Удаленная работа"}, "working_days": [], "working_time_intervals": [], "working_time_modes": [], "accept_temporary": false}, {"id": "44917383", "premium": false, "name": "Senior Backend разработчик (Java)", "department": {"id": "3529-3529-it", "name": "Сбер. IT"}, "has_test": false, "response_letter_required": false, "area": {"id": "1", "name": "Москва", "url": "https://api.hh.ru/areas/1"}, "salary": null, "type": {"id": "open", "name": "Открытая"}, "address": {"city": "Москва", "street": "Новоданиловская набережная", "building": "10", "description": null, "lat": 55.696001, "lng": 37.625504, "raw": "Москва, Новоданиловская набережная, 10", "metro": {"station_name": "Верхние Котлы", "line_name": "МЦК", "station_id": "95.532", "line_id": "95", "lat": 55.69, "lng": 37.618889}, "metro_stations": [{"station_name": "Верхние Котлы", "line_name": "МЦК", "station_id": "95.532", "line_id": "95", "lat": 55.69, "lng": 37.618889}, {"station_name": "Нагатинская", "line_name": "Серпуховско-Тимирязевская", "station_id": "9.85", "line_id": "9", "lat": 55.682099, "lng": 37.620917}], "id": "2404332"}, "response_url": null, "sort_point_distance": null, "published_at": "2021-05-26T16:44:50+0300", "created_at": "2021-05-26T16:44:50+0300", "archived": false, "apply_alternate_url": "https://hh.ru/applicant/vacancy_response?vacancyId=44917383", "insider_interview": null, "url": "https://api.hh.ru/vacancies/44917383?host=hh.ru", "alternate_url": "https://hh.ru/vacancy/44917383", "relations": [], "employer": {"id": "3529", "name": "Сбербанк", "url": "https://api.hh.ru/employers/3529", "alternate_url": "https://hh.ru/employer/3529", "logo_urls": {"original": "https://hhcdn.ru/employer-logo-original/853994.jpg", "240": "https://hhcdn.ru/employer-logo/3856852.jpeg", "90": "https://hhcdn.ru/employer-logo/3856851.jpeg"}, "vacancies_url": "https://api.hh.ru/vacancies?employer_id=3529", "trusted": true}, "snippet": {"requirement": "Имеете опыт коммерческой разработки ПО от 3 лет. Умеете писать хорошо структурированный, тестируемый код. Знаете принципы разработки и жизненного цикла...", "responsibility": "Разрабатывать активно развивающийся инструмент для UX-исследований с ветвистой бизнес-логикой и множеством инженерных вызовов. Работать над задачами, связанными с..."}, "contacts": null, "schedule": {"id": "fullDay", "name": "Полный день"}, "working_days": [], "working_time_intervals": [], "working_time_modes": [], "accept_temporary": false}, {"id": "44902698", "premium": false, "name": "Lead/Senior Python Developer (Backend)", "department": null, "has_test": false, "response_letter_required": false, "area": {"id": "1", "name": "Москва", "url": "https://api.hh.ru/areas/1"}, "salary": {"from": null, "to": 250000, "currency": "RUR", "gross": false}, "type": {"id": "open", "name": "Открытая"}, "address": {"city": null, "street": null, "building": null, "description": null, "lat": null, "lng": null, "raw": null, "metro": {"station_name": "Савеловская", "line_name": "Серпуховско-Тимирязевская", "station_id": "9.128", "line_id": "9", "lat": 55.794054, "lng": 37.587163}, "metro_stations": [{"station_name": "Савеловская", "line_name": "Серпуховско-Тимирязевская", "station_id": "9.128", "line_id": "9", "lat": 55.794054, "lng": 37.587163}], "id": "857837"}, "response_url": null, "sort_point_distance": null, "published_at": "2021-05-26T12:22:23+0300", "created_at": "2021-05-26T12:22:23+0300", "archived": false, "apply_alternate_url": "https://hh.ru/applicant/vacancy_response?vacancyId=44902698", "insider_interview": null, "url": "https://api.hh.ru/vacancies/44902698?host=hh.ru", "alternate_url": "https://hh.ru/vacancy/44902698", "relations": [], "employer": {"id": "2760901", "name": "GETMOBIT", "url": "https://api.hh.ru/employers/2760901", "alternate_url": "https://hh.ru/employer/2760901", "logo_urls": {"original": "https://hhcdn.ru/employer-logo-original/503667.png", "90": "https://hhcdn.ru/employer-logo/2456421.png", "240": "https://hhcdn.ru/employer-logo/2456422.png"}, "vacancies_url": "https://api.hh.ru/vacancies?employer_id=2760901", "trusted": true}, "snippet": {"requirement": "Опыт разработки backend от 2 лет. Глубокое понимание Python (владение Python 3.5). Асинхронное программирование (asyncio, aiohttp). Работа с Docker...", "responsibility": "Разработка новых серверных приложений (системы мониторинга и управления для ИТ служб, MDM, внутренние и внешние порталы и др.). "}, "contacts": null, "schedule": {"id": "fullDay", "name": "Полный день"}, "working_days": [], "working_time_intervals": [], "working_time_modes": [], "accept_temporary": false}, {"id": "43185538", "premium": false, "name": "Senior backend developer (ML Space AI Cloud)", "department": null, "has_test": false, "response_letter_required": false, "area": {"id": "1", "name": "Москва", "url": "https://api.hh.ru/areas/1"}, "salary": null, "type": {"id": "open", "name": "Открытая"}, "address": {"city": "Москва", "street": "улица Воздвиженка", "building": "4/7", "description": null, "lat": 55.752825, "lng": 37.610817, "raw": "Москва, улица Воздвиженка, 4/7", "metro": null, "metro_stations": [], "id": "3018379"}, "response_url": null, "sort_point_distance": null, "published_at": "2021-05-24T14:39:52+0300", "created_at": "2021-05-24T14:39:52+0300", "archived": false, "apply_alternate_url": "https://hh.ru/applicant/vacancy_response?vacancyId=43185538", "insider_interview": null, "url": "https://api.hh.ru/vacancies/43185538?host=hh.ru", "alternate_url": "https://hh.ru/vacancy/43185538", "relations": [], "employer": {"id": "3853446", "name": "SberCloud", "url": "https://api.hh.ru/employers/3853446", "alternate_url": "https://hh.ru/employer/3853446", "logo_urls": {"original": "https://hhcdn.ru/employer-logo-original/775250.png", "240": "https://hhcdn.ru/employer-logo/3541892.png", "90": "https://hhcdn.ru/employer-logo/3541891.png"}, "vacancies_url": "https://api.hh.ru/vacancies?employer_id=3853446", "trusted": true}, "snippet": {"requirement": "Навыки разработки cloud-native сервисов. Знакомство с Kubernetes, хорошие навыки работы с Docker. Отличное владение Python, умение работать с асинхронным...", "responsibility": "Участие в проектировании, разработке и поддержке высоконагруженных сервисов/микросервисов. Code review в команде. Разработка юнит-тестов и тестирование собственного кода..."}, "contacts": null, "schedule": {"id": "fullDay", "name": "Полный день"}, "working_days": [], "working_time_intervals": [], "working_time_modes": [], "accept_temporary": false}, {"id": "44873558", "premium": false, "name": "Senior Backend-разработчик (Ruby on Rails)", "department": null, "has_test": false, "response_letter_required": false, "area": {"id": "1", "name": "Москва", "url": "https://api.hh.ru/areas/1"}, "salary": null, "type": {"id": "open", "name": "Открытая"}, "address": {"city": "Москва", "street": "Рочдельская улица", "building": "15с19-20", "description": null, "lat": 55.755064, "lng": 37.562946, "raw": "Москва, Рочдельская улица, 15с19-20", "metro": {"station_name": "Улица 1905 года", "line_name": "Таганско-Краснопресненская", "station_id": "7.146", "line_id": "7", "lat": 55.763944, "lng": 37.562271}, "metro_stations": [{"station_name": "Улица 1905 года", "line_name": "Таганско-Краснопресненская", "station_id": "7.146", "line_id": "7", "lat": 55.763944, "lng": 37.562271}], "id": "771924"}, "response_url": null, "sort_point_distance": null, "published_at": "2021-05-25T14:25:14+0300", "created_at": "2021-05-25T14:25:14+0300", "archived": false, "apply_alternate_url": "https://hh.ru/applicant/vacancy_response?vacancyId=44873558", "insider_interview": null, "url": "https://api.hh.ru/vacancies/44873558?host=hh.ru", "alternate_url": "https://hh.ru/vacancy/44873558", "relations": [], "employer": {"id": "1046098", "name": "Uchi.ru", "url": "https://api.hh.ru/employers/1046098", "alternate_url": "https://hh.ru/employer/1046098", "logo_urls": {"90": "https://hhcdn.ru/employer-logo/1576946.png", "original": "https://hhcdn.ru/employer-logo-original/283637.png", "240": "https://hhcdn.ru/employer-logo/1576947.png"}, "vacancies_url": "https://api.hh.ru/vacancies?employer_id=1046098", "trusted": true}, "snippet": {"requirement": "Уверенное владение Rails 4/5. Понимание, когда лучше использовать ActiveRecord, а когда plain SQL. Умение работать со структурами данных, знание...", "responsibility": "Разрабатывать продуктовые фичи и алгоритмы геймификации. Участвовать в принятии архитектурных решений. Развивать систему с точки зрения технологий и инфраструктуры. "}, "contacts": null, "schedule": {"id": "fullDay", "name": "Полный день"}, "working_days": [], "working_time_intervals": [], "working_time_modes": [], "accept_temporary": false}, {"id": "39996044", "premium": false, "name": "Старший разработчик JavaScript (Node.js/back-end)", "department": null, "has_test": false, "response_letter_required": false, "area": {"id": "1", "name": "Москва", "url": "https://api.hh.ru/areas/1"}, "salary": null, "type": {"id": "open", "name": "Открытая"}, "address": null, "response_url": null, "sort_point_distance": null, "published_at": "2021-06-01T12:40:30+0300", "created_at": "2021-06-01T12:40:30+0300", "archived": false, "apply_alternate_url": "https://hh.ru/applicant/vacancy_response?vacancyId=39996044", "insider_interview": null, "url": "https://api.hh.ru/vacancies/39996044?host=hh.ru", "alternate_url": "https://hh.ru/vacancy/39996044", "relations": [], "employer": {"id": "914908", "name": "OneTwoTrip", "url": "https://api.hh.ru/employers/914908", "alternate_url": "https://hh.ru/employer/914908", "logo_urls": {"original": "https://hhcdn.ru/employer-logo-original/113370.png", "90": "https://hhcdn.ru/employer-logo/608024.png", "240": "https://hhcdn.ru/employer-logo/608025.png"}, "vacancies_url": "https://api.hh.ru/vacancies?employer_id=914908", "trusted": true}, "snippet": {"requirement": "Опыт разработки на Javascript. Опыт работы с Node.js. Опыт работы с большим количеством существующего кода. Понимание принципов построения масштабируемых систем...", "responsibility": "Разработка нового и поддержка текущего функционала системы."}, "contacts": null, "schedule": {"id": "remote", "name": "Удаленная работа"}, "working_days": [], "working_time_intervals": [], "working_time_modes": [], "accept_temporary": false}, {"id": "43891780", "premium": false, "name": "Senior Backend Developer Go", "department": null, "has_test": false, "response_letter_required": false, "area": {"id": "1", "name": "Москва", "url": "https://api.hh.ru/areas/1"}, "salary": {"from": 4000, "to": 5000, "currency": "USD", "gross": false}, "type": {"id": "open", "name": "Открытая"}, "address": null, "response_url": null, "sort_point_distance": null, "published_at": "2021-05-21T18:00:54+0300", "created_at": "2021-05-21T18:00:54+0300", "archived": false, "apply_alternate_url": "https://hh.ru/applicant/vacancy_response?vacancyId=43891780", "insider_interview": null, "url": "https://api.hh.ru/vacancies/43891780?host=hh.ru", "alternate_url": "https://hh.ru/vacancy/43891780", "relations": [], "employer": {"id": "3227397", "name": "Alfacash", "url": "https://api.hh.ru/employers/3227397", "alternate_url": "https://hh.ru/employer/3227397", "logo_urls": {"240": "https://hhcdn.ru/employer-logo/3550268.png", "90": "https://hhcdn.ru/employer-logo/3550267.png", "original": "https://hhcdn.ru/employer-logo-original/777344.png"}, "vacancies_url": "https://api.hh.ru/vacancies?employer_id=3227397", "trusted": false}, "snippet": {"requirement": "Знание и опыт работы с Go (golang). Опыт работы не менее 3-х лет. Cоздание микросервисов (RPC). Опыт создания веб...", "responsibility": "Разработка и поддержка нового функционала. Умение работать в команде. Написание высоконагруженных пуш-серверов, сервер авторизации, сервер активации и т.д. "}, "contacts": null, "schedule": {"id": "remote", "name": "Удаленная работа"}, "working_days": [], "working_time_intervals": [], "working_time_modes": [], "accept_temporary": false}, {"id": "42086742", "premium": false, "name": "Back-end разработчик Java (Middle/Senior)", "department": null, "has_test": false, "response_letter_required": false, "area": {"id": "1", "name": "Москва", "url": "https://api.hh.ru/areas/1"}, "salary": null, "type": {"id": "open", "name": "Открытая"}, "address": {"city": "Москва", "street": "Большая Новодмитровская улица", "building": "14с7", "description": null, "lat": 55.800266, "lng": 37.587308, "raw": "Москва, Большая Новодмитровская улица, 14с7", "metro": {"station_name": "Савеловская", "line_name": "Серпуховско-Тимирязевская", "station_id": "9.128", "line_id": "9", "lat": 55.794054, "lng": 37.587163}, "metro_stations": [{"station_name": "Савеловская", "line_name": "Серпуховско-Тимирязевская", "station_id": "9.128", "line_id": "9", "lat": 55.794054, "lng": 37.587163}], "id": "894517"}, "response_url": null, "sort_point_distance": null, "published_at": "2021-05-31T15:53:04+0300", "created_at": "2021-05-31T15:53:04+0300", "archived": false, "apply_alternate_url": "https://hh.ru/applicant/vacancy_response?vacancyId=42086742", "insider_interview": null, "url": "https://api.hh.ru/vacancies/42086742?host=hh.ru", "alternate_url": "https://hh.ru/vacancy/42086742", "relations": [], "employer": {"id": "2733062", "name": "Лига Цифровой Экономики", "url": "https://api.hh.ru/employers/2733062", "alternate_url": "https://hh.ru/employer/2733062", "logo_urls": {"90": "https://hhcdn.ru/employer-logo/3793743.png", "240": "https://hhcdn.ru/employer-logo/3793744.png", "original": "https://hhcdn.ru/employer-logo-original/838215.png"}, "vacancies_url": "https://api.hh.ru/vacancies?employer_id=2733062", "trusted": true}, "snippet": {"requirement": "Опыт java/kotlin разработки от 2х лет. Понимание особенностей микросервисной архитектуры и опыт разработки микросервисов. Опыт интеграционных проектов. ", "responsibility": "Проектировать и разрабатывать микросервисы. Проектировать и разрабатывать API для других команд Банка. Распиливать монолит. Помогать команде доставлять фичи до клиентов."}, "contacts": null, "schedule": {"id": "remote", "name": "Удаленная работа"}, "working_days": [], "working_time_intervals": [], "working_time_modes": [], "accept_temporary": false}, {"id": "44399403", "premium": false, "name": "Middle / senior разработчик PHP (backend)", "department": null, "has_test": false, "response_letter_required": false, "area": {"id": "1", "name": "Москва", "url": "https://api.hh.ru/areas/1"}, "salary": {"from": 160000, "to": null, "currency": "RUR", "gross": false}, "type": {"id": "open", "name": "Открытая"}, "address": null, "response_url": null, "sort_point_distance": null, "published_at": "2021-05-24T11:56:11+0300", "created_at": "2021-05-24T11:56:11+0300", "archived": false, "apply_alternate_url": "https://hh.ru/applicant/vacancy_response?vacancyId=44399403", "insider_interview": null, "url": "https://api.hh.ru/vacancies/44399403?host=hh.ru", "alternate_url": "https://hh.ru/vacancy/44399403", "relations": [], "employer": {"id": "4471349", "name": "LuckyGroup", "url": "https://api.hh.ru/employers/4471349", "alternate_url": "https://hh.ru/employer/4471349", "logo_urls": {"original": "https://hhcdn.ru/employer-logo-original/790899.png", "90": "https://hhcdn.ru/employer-logo/3604483.png", "240": "https://hhcdn.ru/employer-logo/3604484.png"}, "vacancies_url": "https://api.hh.ru/vacancies?employer_id=4471349", "trusted": true}, "snippet": {"requirement": "Опыт работы PHP разработчиком от 3 лет. Опыт работы хотя бы с одним из фреймворков (Laravel, Symfony, Yii2). ", "responsibility": "Разработка архитектуры проектов в составе команды разработчиков. Разработка серверной части приложений. Поддержка и развитие существующих систем. Тестирование кода. "}, "contacts": null, "schedule": {"id": "fullDay", "name": "Полный день"}, "working_days": [], "working_time_intervals": [], "working_time_modes": [], "accept_temporary": false}, {"id": "44749369", "premium": false, "name": "Senior backend Разработчик", "department": null, "has_test": false, "response_letter_required": false, "area": {"id": "1", "name": "Москва", "url": "https://api.hh.ru/areas/1"}, "salary": {"from": 180000, "to": 200000, "currency": "RUR", "gross": false}, "type": {"id": "open", "name": "Открытая"}, "address": null, "response_url": null, "sort_point_distance": null, "published_at": "2021-05-20T13:54:33+0300", "created_at": "2021-05-20T13:54:33+0300", "archived": false, "apply_alternate_url": "https://hh.ru/applicant/vacancy_response?vacancyId=44749369", "insider_interview": null, "url": "https://api.hh.ru/vacancies/44749369?host=hh.ru", "alternate_url": "https://hh.ru/vacancy/44749369", "relations": [], "employer": {"id": "5251618", "name": "Синдром отличника", "url": "https://api.hh.ru/employers/5251618", "alternate_url": "https://hh.ru/employer/5251618", "logo_urls": {"original": "https://hhcdn.ru/employer-logo-original/823328.png", "240": "https://hhcdn.ru/employer-logo/3734200.png", "90": "https://hhcdn.ru/employer-logo/3734199.png"}, "vacancies_url": "https://api.hh.ru/vacancies?employer_id=5251618", "trusted": true}, "snippet": {"requirement": "Есть опыт запуска крупного учебного центра, есть большой опыт работы на схожем проекте. Знаем запрос целевой аудитории, проводили исследования. ", "responsibility": "Проект. Разработка серверной части (возможно серверной + клиентской) LMS системы для дистанционного обучения в области охраны труда и смешанных направлений. "}, "contacts": null, "schedule": {"id": "fullDay", "name": "Полный день"}, "working_days": [], "working_time_intervals": [], "working_time_modes": [], "accept_temporary": true}, {"id": "44816557", "premium": false, "name": "Middle\\Senior Backend разработчик Node.js", "department": null, "has_test": false, "response_letter_required": false, "area": {"id": "1", "name": "Москва", "url": "https://api.hh.ru/areas/1"}, "salary": null, "type": {"id": "open", "name": "Открытая"}, "address": {"city": "Москва", "street": "бульвар Энтузиастов", "building": "2", "description": null, "lat": 55.746405, "lng": 37.682592, "raw": "Москва, бульвар Энтузиастов, 2", "metro": null, "metro_stations": [], "id": "2191785"}, "response_url": null, "sort_point_distance": null, "published_at": "2021-05-24T09:49:31+0300", "created_at": "2021-05-24T09:49:31+0300", "archived": false, "apply_alternate_url": "https://hh.ru/applicant/vacancy_response?vacancyId=44816557", "insider_interview": null, "url": "https://api.hh.ru/vacancies/44816557?host=hh.ru", "alternate_url": "https://hh.ru/vacancy/44816557", "relations": [], "employer": {"id": "1885395", "name": "Р-Вижн", "url": "https://api.hh.ru/employers/1885395", "alternate_url": "https://hh.ru/employer/1885395", "logo_urls": {"original": "https://hhcdn.ru/employer-logo-original/796735.jpg", "90": "https://hhcdn.ru/employer-logo/3627827.jpeg", "240": "https://hhcdn.ru/employer-logo/3627828.jpeg"}, "vacancies_url": "https://api.hh.ru/vacancies?employer_id=1885395", "trusted": true}, "snippet": {"requirement": "JavaScript (от 3х лет). Node.js (не менее 2х лет). PostgreSQL или MySQL. Имеешь опыт работы Frontend-разработчиком. ", "responsibility": "Решаем задачи оптимизации сложных запросов, работаем с большим объемом данных. Строим сложную визуализацию, генерируя запросы на ходу, пишем интеграции для..."}, "contacts": null, "schedule": {"id": "remote", "name": "Удаленная работа"}, "working_days": [], "working_time_intervals": [], "working_time_modes": [], "accept_temporary": false}, {"id": "42342452", "premium": false, "name": "AXIOMA C# Senior Backend Developer", "department": null, "has_test": false, "response_letter_required": false, "area": {"id": "1", "name": "Москва", "url": "https://api.hh.ru/areas/1"}, "salary": null, "type": {"id": "open", "name": "Открытая"}, "address": {"city": "Москва", "street": "Воронцовская улица", "building": "43с1", "description": null, "lat": 55.733052, "lng": 37.66495, "raw": "Москва, Воронцовская улица, 43с1", "metro": {"station_name": "Крестьянская застава", "line_name": "Люблинско-Дмитровская", "station_id": "10.63", "line_id": "10", "lat": 55.732278, "lng": 37.665325}, "metro_stations": [{"station_name": "Крестьянская застава", "line_name": "Люблинско-Дмитровская", "station_id": "10.63", "line_id": "10", "lat": 55.732278, "lng": 37.665325}, {"station_name": "Пролетарская", "line_name": "Таганско-Краснопресненская", "station_id": "7.62", "line_id": "7", "lat": 55.731546, "lng": 37.666917}], "id": "3843865"}, "response_url": null, "sort_point_distance": null, "published_at": "2021-05-22T14:24:45+0300", "created_at": "2021-05-22T14:24:45+0300", "archived": false, "apply_alternate_url": "https://hh.ru/applicant/vacancy_response?vacancyId=42342452", "insider_interview": null, "url": "https://api.hh.ru/vacancies/42342452?host=hh.ru", "alternate_url": "https://hh.ru/vacancy/42342452", "relations": [], "employer": {"id": "4649269", "name": "Иннотех, Группа компаний", "url": "https://api.hh.ru/employers/4649269", "alternate_url": "https://hh.ru/employer/4649269", "logo_urls": {"90": "https://hhcdn.ru/employer-logo/3621227.png", "240": "https://hhcdn.ru/employer-logo/3621228.png", "original": "https://hhcdn.ru/employer-logo-original/795085.png"}, "vacancies_url": "https://api.hh.ru/vacancies?employer_id=4649269", "trusted": true}, "snippet": {"requirement": "Опыт промышленной командной разработки (от 3 лет). Опыт разработки на .Net Framework 4.5-4.7 (или .Net Core 2...", "responsibility": "Отвечать за разработку технологической платформы AXIOMA. Обеспечивать полный цикл разработки – от анализа требований и проектирования до внедрения. Работать в тесном..."}, "contacts": null, "schedule": {"id": "fullDay", "name": "Полный день"}, "working_days": [], "working_time_intervals": [], "working_time_modes": [], "accept_temporary": false}, {"id": "44840111", "premium": false, "name": "Ведущий Backend-разработчик (Golang) — Департамент информационных технологий", "department": null, "has_test": false, "response_letter_required": false, "area": {"id": "1", "name": "Москва", "url": "https://api.hh.ru/areas/1"}, "salary": null, "type": {"id": "open", "name": "Открытая"}, "address": {"city": "Москва", "street": "Лесная улица", "building": "5сб", "description": null, "lat": 55.778274, "lng": 37.586859, "raw": "Москва, Лесная улица, 5сб", "metro": {"station_name": "Белорусская", "line_name": "Замоскворецкая", "station_id": "2.19", "line_id": "2", "lat": 55.777439, "lng": 37.582107}, "metro_stations": [{"station_name": "Белорусская", "line_name": "Замоскворецкая", "station_id": "2.19", "line_id": "2", "lat": 55.777439, "lng": 37.582107}], "id": "284663"}, "response_url": null, "sort_point_distance": null, "published_at": "2021-05-24T15:58:59+0300", "created_at": "2021-05-24T15:58:59+0300", "archived": false, "apply_alternate_url": "https://hh.ru/applicant/vacancy_response?vacancyId=44840111", "insider_interview": null, "url": "https://api.hh.ru/vacancies/44840111?host=hh.ru", "alternate_url": "https://hh.ru/vacancy/44840111", "relations": [], "employer": {"id": "2114", "name": "Deloitte", "url": "https://api.hh.ru/employers/2114", "alternate_url": "https://hh.ru/employer/2114", "logo_urls": {"240": "https://hhcdn.ru/employer-logo/3436610.jpeg", "90": "https://hhcdn.ru/employer-logo/3436609.jpeg", "original": "https://hhcdn.ru/employer-logo-original/748912.jpg"}, "vacancies_url": "https://api.hh.ru/vacancies?employer_id=2114", "trusted": true}, "snippet": {"requirement": "Не менее трёх лет опыта разработки на языке Golang. Опыт написание микросервисов Kubernetes. Методы HTTP, понимание REST-принципов построения. ", "responsibility": "Создание микросервисов, API. Создание конвейеров в GitLab для DevSecOps. Обеспечение полного цикла поддержки разработанных приложений в среде опытной эксплуатации. "}, "contacts": null, "schedule": {"id": "fullDay", "name": "Полный день"}, "working_days": [], "working_time_intervals": [], "working_time_modes": [], "accept_temporary": false}, {"id": "44675085", "premium": false, "name": "Senior Java backend developer (remote)", "department": null, "has_test": false, "response_letter_required": false, "area": {"id": "1", "name": "Москва", "url": "https://api.hh.ru/areas/1"}, "salary": {"from": 400000, "to": 700000, "currency": "RUR", "gross": false}, "type": {"id": "open", "name": "Открытая"}, "address": null, "response_url": null, "sort_point_distance": null, "published_at": "2021-05-18T13:11:15+0300", "created_at": "2021-05-18T13:11:15+0300", "archived": false, "apply_alternate_url": "https://hh.ru/applicant/vacancy_response?vacancyId=44675085", "insider_interview": null, "url": "https://api.hh.ru/vacancies/44675085?host=hh.ru", "alternate_url": "https://hh.ru/vacancy/44675085", "relations": [], "employer": {"id": "2870783", "name": "LATOKEN", "url": "https://api.hh.ru/employers/2870783", "alternate_url": "https://hh.ru/employer/2870783", "logo_urls": {"original": "https://hhcdn.ru/employer-logo-original/496167.png", "90": "https://hhcdn.ru/employer-logo/2426421.png", "240": "https://hhcdn.ru/employer-logo/2426422.png"}, "vacancies_url": "https://api.hh.ru/vacancies?employer_id=2870783", "trusted": true}, "snippet": {"requirement": "3+ years of development experience with Java. Olympiad winning problem-solving skills, fast and robust results. Experience with Docker. ", "responsibility": "Write / Design / Architect / Implement new microservices & Java programs, making sure they fall within your KPIs: - Latency of the entire back..."}, "contacts": null, "schedule": {"id": "remote", "name": "Удаленная работа"}, "working_days": [], "working_time_intervals": [], "working_time_modes": [], "accept_temporary": false}, {"id": "41407110", "premium": false, "name": "Senior Backend Python/Django разработчик (удалённо)", "department": null, "has_test": false, "response_letter_required": false, "area": {"id": "1", "name": "Москва", "url": "https://api.hh.ru/areas/1"}, "salary": {"from": 220000, "to": 260000, "currency": "RUR", "gross": false}, "type": {"id": "open", "name": "Открытая"}, "address": null, "response_url": null, "sort_point_distance": null, "published_at": "2021-05-19T14:00:26+0300", "created_at": "2021-05-19T14:00:26+0300", "archived": false, "apply_alternate_url": "https://hh.ru/applicant/vacancy_response?vacancyId=41407110", "insider_interview": null, "url": "https://api.hh.ru/vacancies/41407110?host=hh.ru", "alternate_url": "https://hh.ru/vacancy/41407110", "relations": [], "employer": {"id": "3845543", "name": "Школа программирования Kodland", "url": "https://api.hh.ru/employers/3845543", "alternate_url": "https://hh.ru/employer/3845543", "logo_urls": {"90": "https://hhcdn.ru/employer-logo/3646075.png", "240": "https://hhcdn.ru/employer-logo/3646076.png", "original": "https://hhcdn.ru/employer-logo-original/801297.png"}, "vacancies_url": "https://api.hh.ru/vacancies?employer_id=3845543", "trusted": true}, "snippet": {"requirement": "Имеешь опыт работы в индустрии от трёх лет. Хорошо знаешь Python, работал с Django и готов рассказать о предыдущем опыте...", "responsibility": "Разрабатывать новые фичи и видеть от них результат. Участвовать в развитии проекта, планировать и предлагать свои идеи. Работать с основателями..."}, "contacts": null, "schedule": {"id": "remote", "name": "Удаленная работа"}, "working_days": [], "working_time_intervals": [], "working_time_modes": [], "accept_temporary": false}, {"id": "40289680", "premium": false, "name": "Senior Python Backend Developer", "department": null, "has_test": false, "response_letter_required": false, "area": {"id": "1", "name": "Москва", "url": "https://api.hh.ru/areas/1"}, "salary": null, "type": {"id": "open", "name": "Открытая"}, "address": null, "response_url": null, "sort_point_distance": null, "published_at": "2021-05-31T09:32:34+0300", "created_at": "2021-05-31T09:32:34+0300", "archived": false, "apply_alternate_url": "https://hh.ru/applicant/vacancy_response?vacancyId=40289680", "insider_interview": null, "url": "https://api.hh.ru/vacancies/40289680?host=hh.ru", "alternate_url": "https://hh.ru/vacancy/40289680", "relations": [], "employer": {"id": "6769", "name": "EPAM Systems, Inc.", "url": "https://api.hh.ru/employers/6769", "alternate_url": "https://hh.ru/employer/6769", "logo_urls": {"240": "https://hhcdn.ru/employer-logo/2623234.png", "90": "https://hhcdn.ru/employer-logo/2623233.png", "original": "https://hhcdn.ru/employer-logo-original/545440.png"}, "vacancies_url": "https://api.hh.ru/vacancies?employer_id=6769", "trusted": true}, "snippet": {"requirement": "Уверенные знания Python. Опыт написания веб-сервисов на Flask / Django / Falcon. Опыт работы с Docker. Знание JavaScript, HTML, CSS и...", "responsibility": null}, "contacts": null, "schedule": {"id": "fullDay", "name": "Полный день"}, "working_days": [], "working_time_intervals": [], "working_time_modes": [], "accept_temporary": false}, {"id": "44817772", "premium": false, "name": "Backend developer Python (middle/senior)", "department": null, "has_test": false, "response_letter_required": false, "area": {"id": "1", "name": "Москва", "url": "https://api.hh.ru/areas/1"}, "salary": null, "type": {"id": "open", "name": "Открытая"}, "address": null, "response_url": null, "sort_point_distance": null, "published_at": "2021-05-24T10:06:53+0300", "created_at": "2021-05-24T10:06:53+0300", "archived": false, "apply_alternate_url": "https://hh.ru/applicant/vacancy_response?vacancyId=44817772", "insider_interview": null, "url": "https://api.hh.ru/vacancies/44817772?host=hh.ru", "alternate_url": "https://hh.ru/vacancy/44817772", "relations": [], "employer": {"id": "852361", "name": "Ростелеком - Центры обработки данных", "url": "https://api.hh.ru/employers/852361", "alternate_url": "https://hh.ru/employer/852361", "logo_urls": {"240": "https://hhcdn.ru/employer-logo/2783440.png", "90": "https://hhcdn.ru/employer-logo/2783439.png", "original": "https://hhcdn.ru/employer-logo-original/585546.png"}, "vacancies_url": "https://api.hh.ru/vacancies?employer_id=852361", "trusted": true}, "snippet": {"requirement": "Python 3.x, python 2.7, понимание работы механизмов языка на низком уровне, структур данных, конструкций языка, особенностей реализации ООП...", "responsibility": "Рефакторинг существующего кода, устранение багов по заявкам техподдержки. Перевод кодовой базы с python 2.7 на python 3.x. "}, "contacts": null, "schedule": {"id": "fullDay", "name": "Полный день"}, "working_days": [], "working_time_intervals": [], "working_time_modes": [], "accept_temporary": false}, {"id": "43925188", "premium": false, "name": "Senior Backend Developer (ruby/go)", "department": null, "has_test": false, "response_letter_required": false, "area": {"id": "1", "name": "Москва", "url": "https://api.hh.ru/areas/1"}, "salary": {"from": 5000, "to": 7000, "currency": "USD", "gross": false}, "type": {"id": "open", "name": "Открытая"}, "address": null, "response_url": null, "sort_point_distance": null, "published_at": "2021-05-18T15:44:24+0300", "created_at": "2021-05-18T15:44:24+0300", "archived": false, "apply_alternate_url": "https://hh.ru/applicant/vacancy_response?vacancyId=43925188", "insider_interview": null, "url": "https://api.hh.ru/vacancies/43925188?host=hh.ru", "alternate_url": "https://hh.ru/vacancy/43925188", "relations": [], "employer": {"id": "4456441", "name": "Hunt For You", "url": "https://api.hh.ru/employers/4456441", "alternate_url": "https://hh.ru/employer/4456441", "logo_urls": {"original": "https://hhcdn.ru/employer-logo-original/709944.jpeg", "90": "https://hhcdn.ru/employer-logo/3280892.jpeg", "240": "https://hhcdn.ru/employer-logo/3280893.jpeg"}, "vacancies_url": "https://api.hh.ru/vacancies?employer_id=4456441", "trusted": true}, "snippet": {"requirement": "Knowledge of basic data structures and algorithms and how they are used is a must. Good understanding of all building...", "responsibility": "Build/extend/troubleshot/fix complex heterogeneous applications, as well as small self-contained microservices. Improve execution engine of custom third..."}, "contacts": null, "schedule": {"id": "remote", "name": "Удаленная работа"}, "working_days": [], "working_time_intervals": [], "working_time_modes": [], "accept_temporary": false}, {"id": "43995024", "premium": false, "name": "Senior Python Backend Developer", "department": null, "has_test": true, "response_letter_required": false, "area": {"id": "1", "name": "Москва", "url": "https://api.hh.ru/areas/1"}, "salary": null, "type": {"id": "open", "name": "Открытая"}, "address": {"city": "село Усово", "street": null, "building": "100А", "description": null, "lat": 55.731085, "lng": 37.217553, "raw": "село Усово, 100А", "metro": null, "metro_stations": [], "id": "1788595"}, "response_url": null, "sort_point_distance": null, "published_at": "2021-05-24T10:55:02+0300", "created_at": "2021-05-24T10:55:02+0300", "archived": false, "apply_alternate_url": "https://hh.ru/applicant/vacancy_response?vacancyId=43995024", "insider_interview": null, "url": "https://api.hh.ru/vacancies/43995024?host=hh.ru", "alternate_url": "https://hh.ru/vacancy/43995024", "relations": [], "employer": {"id": "2863992", "name": "Мой Дом", "url": "https://api.hh.ru/employers/2863992", "alternate_url": "https://hh.ru/employer/2863992", "logo_urls": {"90": "https://hhcdn.ru/employer-logo/3790459.png", "240": "https://hhcdn.ru/employer-logo/3790460.png", "original": "https://hhcdn.ru/employer-logo-original/837394.png"}, "vacancies_url": "https://api.hh.ru/vacancies?employer_id=2863992", "trusted": true}, "snippet": {"requirement": "Опыт создания REST API сервисов (Flask, FastAPI). Хорошие знания SQL и опыт работы с базами данных (Postgres). Уверенные знания Linux...", "responsibility": "Разработка протокола и бизнес-логики приложения. Разработка инфраструктуры приложения (controlled peer-to-peer). Работа с фреймворками, использующими Trusted Execution Environment..."}, "contacts": null, "schedule": {"id": "fullDay", "name": "Полный день"}, "working_days": [], "working_time_intervals": [], "working_time_modes": [], "accept_temporary": false}, {"id": "44782442", "premium": false, "name": "Ведущий backend разработчик (удалённо)", "department": null, "has_test": false, "response_letter_required": false, "area": {"id": "1", "name": "Москва", "url": "https://api.hh.ru/areas/1"}, "salary": null, "type": {"id": "open", "name": "Открытая"}, "address": {"city": "Москва", "street": "Ленинградский проспект", "building": "80Г", "description": null, "lat": 55.811219, "lng": 37.509748, "raw": "Москва, Ленинградский проспект, 80Г", "metro": {"station_name": "Сокол", "line_name": "Замоскворецкая", "station_id": "2.133", "line_id": "2", "lat": 55.805564, "lng": 37.515245}, "metro_stations": [{"station_name": "Сокол", "line_name": "Замоскворецкая", "station_id": "2.133", "line_id": "2", "lat": 55.805564, "lng": 37.515245}], "id": "866025"}, "response_url": null, "sort_point_distance": null, "published_at": "2021-05-21T14:20:47+0300", "created_at": "2021-05-21T14:20:47+0300", "archived": false, "apply_alternate_url": "https://hh.ru/applicant/vacancy_response?vacancyId=44782442", "insider_interview": null, "url": "https://api.hh.ru/vacancies/44782442?host=hh.ru", "alternate_url": "https://hh.ru/vacancy/44782442", "relations": [], "employer": {"id": "127256", "name": "Университет СИНЕРГИЯ", "url": "https://api.hh.ru/employers/127256", "alternate_url": "https://hh.ru/employer/127256", "logo_urls": {"90": "https://hhcdn.ru/employer-logo/2964900.png", "240": "https://hhcdn.ru/employer-logo/2964901.png", "original": "https://hhcdn.ru/employer-logo-original/630937.png"}, "vacancies_url": "https://api.hh.ru/vacancies?employer_id=127256", "trusted": true}, "snippet": {"requirement": "Обязательно умение работать в Git и Jira или Яндекс.Трекер. Технологии: PHP, Laravel. Yii2, PostgreSQL или MySQL, JavaScript(желательно), Docker...", "responsibility": "Руководство группой <highlighttext>backend</highlighttext>- <highlighttext>разработчиков</highlighttext>. Постановка ТЗ для верстальщиков и программистов. Разработка структуры БД. Взаимодействие со смежными подразделениями."}, "contacts": null, "schedule": {"id": "remote", "name": "Удаленная работа"}, "working_days": [], "working_time_intervals": [], "working_time_modes": [], "accept_temporary": false}, {"id": "44723279", "premium": false, "name": "Senior/Middle Frontend/Backend/Fullstack Web-developer", "department": null, "has_test": false, "response_letter_required": false, "area": {"id": "1", "name": "Москва", "url": "https://api.hh.ru/areas/1"}, "salary": {"from": 100000, "to": 200000, "currency": "RUR", "gross": false}, "type": {"id": "open", "name": "Открытая"}, "address": null, "response_url": null, "sort_point_distance": null, "published_at": "2021-05-19T16:54:13+0300", "created_at": "2021-05-19T16:54:13+0300", "archived": false, "apply_alternate_url": "https://hh.ru/applicant/vacancy_response?vacancyId=44723279", "insider_interview": null, "url": "https://api.hh.ru/vacancies/44723279?host=hh.ru", "alternate_url": "https://hh.ru/vacancy/44723279", "relations": [], "employer": {"id": "3545847", "name": "НКУ", "url": "https://api.hh.ru/employers/3545847", "alternate_url": "https://hh.ru/employer/3545847", "logo_urls": {"240": "https://hhcdn.ru/employer-logo/2684038.png", "90": "https://hhcdn.ru/employer-logo/2684037.png", "original": "https://hhcdn.ru/employer-logo-original/560641.png"}, "vacancies_url": "https://api.hh.ru/vacancies?employer_id=3545847", "trusted": true}, "snippet": {"requirement": "Отличное знание технологий Nuxt, Vue, Axios, Vuex, SSR. Умение администрировать Linux сервера Ubuntu.", "responsibility": "Разработка IT-системы с нуля. Генератор лэндингов, калькуляторы стоимости, телеграмм боты, интернет-магазин, ERP-система, интеграции с различными сервисами и..."}, "contacts": null, "schedule": {"id": "remote", "name": "Удаленная работа"}, "working_days": [{"id": "only_saturday_and_sunday", "name": "Работа только по сб и вс"}], "working_time_intervals": [{"id": "from_four_to_six_hours_in_a_day", "name": "Можно работать сменами по 4–6 часов в день"}], "working_time_modes": [{"id": "start_after_sixteen", "name": "Можно начинать работать после 16:00"}], "accept_temporary": true}, {"id": "44616672", "premium": false, "name": "Backend developer (Senior/Middle)", "department": null, "has_test": false, "response_letter_required": false, "area": {"id": "1", "name": "Москва", "url": "https://api.hh.ru/areas/1"}, "salary": null, "type": {"id": "open", "name": "Открытая"}, "address": null, "response_url": null, "sort_point_distance": null, "published_at": "2021-05-17T07:40:51+0300", "created_at": "2021-05-17T07:40:51+0300", "archived": false, "apply_alternate_url": "https://hh.ru/applicant/vacancy_response?vacancyId=44616672", "insider_interview": null, "url": "https://api.hh.ru/vacancies/44616672?host=hh.ru", "alternate_url": "https://hh.ru/vacancy/44616672", "relations": [], "employer": {"id": "3646686", "name": "АЙФЭЛЛ", "url": "https://api.hh.ru/employers/3646686", "alternate_url": "https://hh.ru/employer/3646686", "logo_urls": {"240": "https://hhcdn.ru/employer-logo/3446010.png", "90": "https://hhcdn.ru/employer-logo/3446009.png", "original": "https://hhcdn.ru/employer-logo-original/751262.png"}, "vacancies_url": "https://api.hh.ru/vacancies?employer_id=3646686", "trusted": true}, "snippet": {"requirement": "Опыт работы с микросервисной архитектурой. Знание английского языка на уровне В1-В2. Знание Java 8+, Spring Framework...", "responsibility": "Участие в качестве разработчика в проектах на микросервисной архитектуре для крупных заказчиков. Проектирование архитектуры решений. Проектирование и разработка новых сервисов..."}, "contacts": null, "schedule": {"id": "remote", "name": "Удаленная работа"}, "working_days": [], "working_time_intervals": [], "working_time_modes": [], "accept_temporary": false}, {"id": "40865232", "premium": false, "name": "Старший Backend разработчик C# .NET Core", "department": {"id": "sbr-3809-sibb", "name": "Сибур"}, "has_test": false, "response_letter_required": false, "area": {"id": "1", "name": "Москва", "url": "https://api.hh.ru/areas/1"}, "salary": null, "type": {"id": "open", "name": "Открытая"}, "address": null, "response_url": null, "sort_point_distance": null, "published_at": "2021-05-19T20:29:45+0300", "created_at": "2021-05-19T20:29:45+0300", "archived": false, "apply_alternate_url": "https://hh.ru/applicant/vacancy_response?vacancyId=40865232", "insider_interview": null, "url": "https://api.hh.ru/vacancies/40865232?host=hh.ru", "alternate_url": "https://hh.ru/vacancy/40865232", "relations": [], "employer": {"id": "3809", "name": "СИБУР, Группа компаний", "url": "https://api.hh.ru/employers/3809", "alternate_url": "https://hh.ru/employer/3809", "logo_urls": {"90": "https://hhcdn.ru/employer-logo/1511570.jpeg", "original": "https://hhcdn.ru/employer-logo-original/267260.jpg", "240": "https://hhcdn.ru/employer-logo/1511571.jpeg"}, "vacancies_url": "https://api.hh.ru/vacancies?employer_id=3809", "trusted": true}, "snippet": {"requirement": "Опыт разработки не менее 3-х лет на языке C#, глубокие знания .NET Framework, желательно .NET Core/Standard. ", "responsibility": "Проектировать и разрабатывать бэкенд-логики продукта. Разрабатывать бизнес-логику продукта. Улучшать продукт и его производительность. Проводить code-review. Тестировать продукт. "}, "contacts": null, "schedule": {"id": "fullDay", "name": "Полный день"}, "working_days": [], "working_time_intervals": [], "working_time_modes": [], "accept_temporary": false}, {"id": "44630005", "premium": false, "name": "Senior/Lead Backend - разработчик (Python)", "department": null, "has_test": false, "response_letter_required": false, "area": {"id": "1", "name": "Москва", "url": "https://api.hh.ru/areas/1"}, "salary": null, "type": {"id": "open", "name": "Открытая"}, "address": null, "response_url": null, "sort_point_distance": null, "published_at": "2021-05-17T11:36:33+0300", "created_at": "2021-05-17T11:36:33+0300", "archived": false, "apply_alternate_url": "https://hh.ru/applicant/vacancy_response?vacancyId=44630005", "insider_interview": null, "url": "https://api.hh.ru/vacancies/44630005?host=hh.ru", "alternate_url": "https://hh.ru/vacancy/44630005", "relations": [], "employer": {"id": "567799", "name": "red_mad_robot", "url": "https://api.hh.ru/employers/567799", "alternate_url": "https://hh.ru/employer/567799", "logo_urls": {"90": "https://hhcdn.ru/employer-logo/3764255.png", "240": "https://hhcdn.ru/employer-logo/3764256.png", "original": "https://hhcdn.ru/employer-logo-original/830843.png"}, "vacancies_url": "https://api.hh.ru/vacancies?employer_id=567799", "trusted": true}, "snippet": {"requirement": "Иметь опыт разработки на Python 3*. Иметь опыт написания асинхронного кода. Разбираться в PostgreSQL (мы ценим хорошее знание этой и...", "responsibility": "Принимать архитектурные решения и думать наперед. Реализовывать серверную бизнес-логику web - сервисов и мобильных приложений. Думать о производительности и надежности..."}, "contacts": null, "schedule": {"id": "fullDay", "name": "Полный день"}, "working_days": [], "working_time_intervals": [], "working_time_modes": [], "accept_temporary": false}, {"id": "43907384", "premium": false, "name": "Senior Java backend developer (remote)", "department": null, "has_test": false, "response_letter_required": false, "area": {"id": "1", "name": "Москва", "url": "https://api.hh.ru/areas/1"}, "salary": {"from": 250000, "to": 500000, "currency": "RUR", "gross": false}, "type": {"id": "open", "name": "Открытая"}, "address": null, "response_url": null, "sort_point_distance": null, "published_at": "2021-05-17T12:00:29+0300", "created_at": "2021-05-17T12:00:29+0300", "archived": false, "apply_alternate_url": "https://hh.ru/applicant/vacancy_response?vacancyId=43907384", "insider_interview": null, "url": "https://api.hh.ru/vacancies/43907384?host=hh.ru", "alternate_url": "https://hh.ru/vacancy/43907384", "relations": [], "employer": {"id": "2870783", "name": "LATOKEN", "url": "https://api.hh.ru/employers/2870783", "alternate_url": "https://hh.ru/employer/2870783", "logo_urls": {"original": "https://hhcdn.ru/employer-logo-original/496167.png", "90": "https://hhcdn.ru/employer-logo/2426421.png", "240": "https://hhcdn.ru/employer-logo/2426422.png"}, "vacancies_url": "https://api.hh.ru/vacancies?employer_id=2870783", "trusted": true}, "snippet": {"requirement": "Open account and deposit fiat in a few seconds. Manage money: Pay, Receive or Transfer. Manage assets: Crypto, Startups, Pre...", "responsibility": "Write / Design / Architect / Implement new microservices & Java programs, making sure they fall within your KPIs: - Latency of the entire back..."}, "contacts": null, "schedule": {"id": "remote", "name": "Удаленная работа"}, "working_days": [], "working_time_intervals": [], "working_time_modes": [], "accept_temporary": false}, {"id": "44821929", "premium": false, "name": "Senior Back End Developer", "department": null, "has_test": false, "response_letter_required": false, "area": {"id": "1", "name": "Москва", "url": "https://api.hh.ru/areas/1"}, "salary": null, "type": {"id": "open", "name": "Открытая"}, "address": {"city": "Москва", "street": "Волгоградский проспект", "building": "43к3", "description": null, "lat": 55.713988, "lng": 37.71866, "raw": "Москва, Волгоградский проспект, 43к3", "metro": {"station_name": "Текстильщики", "line_name": "Таганско-Краснопресненская", "station_id": "7.139", "line_id": "7", "lat": 55.709211, "lng": 37.732117}, "metro_stations": [{"station_name": "Текстильщики", "line_name": "Таганско-Краснопресненская", "station_id": "7.139", "line_id": "7", "lat": 55.709211, "lng": 37.732117}], "id": "2968192"}, "response_url": null, "sort_point_distance": null, "published_at": "2021-05-24T11:07:51+0300", "created_at": "2021-05-24T11:07:51+0300", "archived": false, "apply_alternate_url": "https://hh.ru/applicant/vacancy_response?vacancyId=44821929", "insider_interview": null, "url": "https://api.hh.ru/vacancies/44821929?host=hh.ru", "alternate_url": "https://hh.ru/vacancy/44821929", "relations": [], "employer": {"id": "3565331", "name": "S8 Capital", "url": "https://api.hh.ru/employers/3565331", "alternate_url": "https://hh.ru/employer/3565331", "logo_urls": null, "vacancies_url": "https://api.hh.ru/vacancies?employer_id=3565331", "trusted": true}, "snippet": {"requirement": "Опыт работы в роли <highlighttext>back</highlighttext>-<highlighttext>end</highlighttext> <highlighttext>developer</highlighttext> от 3-х лет. Отличное знание Java или знание Kotlin и желание на...", "responsibility": "Реализация продуктовых и технологических фич. Участие в оценке задач и анализе требований. Оптимизация и тюнинг производительности сервисов. Проведение code-review..."}, "contacts": null, "schedule": {"id": "remote", "name": "Удаленная работа"}, "working_days": [], "working_time_intervals": [], "working_time_modes": [], "accept_temporary": false}, {"id": "41058221", "premium": false, "name": "Middle/Senior Java Backend разработчик", "department": null, "has_test": false, "response_letter_required": false, "area": {"id": "1", "name": "Москва", "url": "https://api.hh.ru/areas/1"}, "salary": null, "type": {"id": "open", "name": "Открытая"}, "address": null, "response_url": null, "sort_point_distance": null, "published_at": "2021-05-17T13:56:14+0300", "created_at": "2021-05-17T13:56:14+0300", "archived": false, "apply_alternate_url": "https://hh.ru/applicant/vacancy_response?vacancyId=41058221", "insider_interview": null, "url": "https://api.hh.ru/vacancies/41058221?host=hh.ru", "alternate_url": "https://hh.ru/vacancy/41058221", "relations": [], "employer": {"id": "4766988", "name": "Деко Системс", "url": "https://api.hh.ru/employers/4766988", "alternate_url": "https://hh.ru/employer/4766988", "logo_urls": {"240": "https://hhcdn.ru/employer-logo/3463274.png", "90": "https://hhcdn.ru/employer-logo/3463273.png", "original": "https://hhcdn.ru/employer-logo-original/755579.png"}, "vacancies_url": "https://api.hh.ru/vacancies?employer_id=4766988", "trusted": true}, "snippet": {"requirement": "Опыт от 2 лет коммерческой разработки. Принципы ООП. Java SE 8 и выше (Collections, Exception handling). Spring / Spring Boot (Data...", "responsibility": "Разработка новых функциональных возможностей систем и новых систем \"from scratch\". Рефакторинг кода. Разработка интеграций со смежными ИС. Участие в проектировании..."}, "contacts": null, "schedule": {"id": "remote", "name": "Удаленная работа"}, "working_days": [], "working_time_intervals": [], "working_time_modes": [], "accept_temporary": false}, {"id": "43379230", "premium": false, "name": "Java Backend разработчик (Middle/Senior)", "department": null, "has_test": false, "response_letter_required": false, "area": {"id": "1", "name": "Москва", "url": "https://api.hh.ru/areas/1"}, "salary": null, "type": {"id": "open", "name": "Открытая"}, "address": null, "response_url": null, "sort_point_distance": null, "published_at": "2021-05-17T09:04:30+0300", "created_at": "2021-05-17T09:04:30+0300", "archived": false, "apply_alternate_url": "https://hh.ru/applicant/vacancy_response?vacancyId=43379230", "insider_interview": null, "url": "https://api.hh.ru/vacancies/43379230?host=hh.ru", "alternate_url": "https://hh.ru/vacancy/43379230", "relations": [], "employer": {"id": "2651848", "name": "АТЛАНТ", "url": "https://api.hh.ru/employers/2651848", "alternate_url": "https://hh.ru/employer/2651848", "logo_urls": {"original": "https://hhcdn.ru/employer-logo-original/580803.jpg", "240": "https://hhcdn.ru/employer-logo/2764468.jpeg", "90": "https://hhcdn.ru/employer-logo/2764467.jpeg"}, "vacancies_url": "https://api.hh.ru/vacancies?employer_id=2651848", "trusted": true}, "snippet": {"requirement": "Уверенное знание Java, J2EE: Spring Framework (Spring MVC, Spring Webservices, Spring Security, Spring Integration), Servlets/JSP. ", "responsibility": "Участие в разработке задач backend составляющей, высоконагруженного проекта, SAP Hybris. Участие в роли технического специалиста при постановке задач. ("}, "contacts": null, "schedule": {"id": "fullDay", "name": "Полный день"}, "working_days": [], "working_time_intervals": [], "working_time_modes": [], "accept_temporary": false}, {"id": "43919094", "premium": false, "name": "Senior .NET Core Backend developer (Remote)", "department": null, "has_test": false, "response_letter_required": false, "area": {"id": "1", "name": "Москва", "url": "https://api.hh.ru/areas/1"}, "salary": {"from": 250000, "to": null, "currency": "RUR", "gross": false}, "type": {"id": "open", "name": "Открытая"}, "address": null, "response_url": null, "sort_point_distance": null, "published_at": "2021-05-20T17:41:31+0300", "created_at": "2021-05-20T17:41:31+0300", "archived": false, "apply_alternate_url": "https://hh.ru/applicant/vacancy_response?vacancyId=43919094", "insider_interview": null, "url": "https://api.hh.ru/vacancies/43919094?host=hh.ru", "alternate_url": "https://hh.ru/vacancy/43919094", "relations": [], "employer": {"id": "1574063", "name": "ClearScale", "url": "https://api.hh.ru/employers/1574063", "alternate_url": "https://hh.ru/employer/1574063", "logo_urls": {"original": "https://hhcdn.ru/employer-logo-original/7789.png", "90": "https://hhcdn.ru/employer-logo/1091270.png", "240": "https://hhcdn.ru/employer-logo/1091271.png"}, "vacancies_url": "https://api.hh.ru/vacancies?employer_id=1574063", "trusted": true}, "snippet": {"requirement": "Looking for candidate with 7+ year-long experience as backend/full-stack .NET engineer with strong focus to a...", "responsibility": "Participate in a global re-design and migration to AWS of an existing enterprise applications, including re-platform from .NET..."}, "contacts": null, "schedule": {"id": "remote", "name": "Удаленная работа"}, "working_days": [], "working_time_intervals": [], "working_time_modes": [], "accept_temporary": false}, {"id": "44675886", "premium": false, "name": "Senior BackEnd Developer (PHP / Symfony)", "department": null, "has_test": false, "response_letter_required": false, "area": {"id": "1", "name": "Москва", "url": "https://api.hh.ru/areas/1"}, "salary": null, "type": {"id": "open", "name": "Открытая"}, "address": {"city": "Москва", "street": "Садовническая набережная", "building": "9", "description": null, "lat": 55.746446, "lng": 37.629017, "raw": "Москва, Садовническая набережная, 9", "metro": null, "metro_stations": [], "id": "4722172"}, "response_url": null, "sort_point_distance": null, "published_at": "2021-05-18T13:29:06+0300", "created_at": "2021-05-18T13:29:06+0300", "archived": false, "apply_alternate_url": "https://hh.ru/applicant/vacancy_response?vacancyId=44675886", "insider_interview": null, "url": "https://api.hh.ru/vacancies/44675886?host=hh.ru", "alternate_url": "https://hh.ru/vacancy/44675886", "relations": [], "employer": {"id": "41484", "name": "Аффект", "url": "https://api.hh.ru/employers/41484", "alternate_url": "https://hh.ru/employer/41484", "logo_urls": {"original": "https://hhcdn.ru/employer-logo-original/806712.png", "90": "https://hhcdn.ru/employer-logo/3667735.png", "240": "https://hhcdn.ru/employer-logo/3667736.png"}, "vacancies_url": "https://api.hh.ru/vacancies?employer_id=41484", "trusted": true}, "snippet": {"requirement": "Отличные знания PHP 7.x, (ООП, паттерны проектирования). Отличные знания Symfony 4+, понимание достоинств и недостатков фреймворка. ", "responsibility": "Работа над бэкендом веб-приложения с использованием Symfony 4+, PHP 7.x, MySQL 5.7. Разработка новых и доработка..."}, "contacts": null, "schedule": {"id": "fullDay", "name": "Полный день"}, "working_days": [], "working_time_intervals": [], "working_time_modes": [], "accept_temporary": false}, {"id": "44833407", "premium": false, "name": "Back-end разработчик Java (senior)", "department": null, "has_test": false, "response_letter_required": false, "area": {"id": "1", "name": "Москва", "url": "https://api.hh.ru/areas/1"}, "salary": null, "type": {"id": "open", "name": "Открытая"}, "address": {"city": null, "street": null, "building": null, "description": null, "lat": null, "lng": null, "raw": null, "metro": {"station_name": "Савеловская", "line_name": "Серпуховско-Тимирязевская", "station_id": "9.128", "line_id": "9", "lat": 55.794054, "lng": 37.587163}, "metro_stations": [{"station_name": "Савеловская", "line_name": "Серпуховско-Тимирязевская", "station_id": "9.128", "line_id": "9", "lat": 55.794054, "lng": 37.587163}], "id": "4196462"}, "response_url": null, "sort_point_distance": null, "published_at": "2021-05-24T14:06:11+0300", "created_at": "2021-05-24T14:06:11+0300", "archived": false, "apply_alternate_url": "https://hh.ru/applicant/vacancy_response?vacancyId=44833407", "insider_interview": null, "url": "https://api.hh.ru/vacancies/44833407?host=hh.ru", "alternate_url": "https://hh.ru/vacancy/44833407", "relations": [], "employer": {"id": "2733062", "name": "Лига Цифровой Экономики", "url": "https://api.hh.ru/employers/2733062", "alternate_url": "https://hh.ru/employer/2733062", "logo_urls": {"90": "https://hhcdn.ru/employer-logo/3793743.png", "240": "https://hhcdn.ru/employer-logo/3793744.png", "original": "https://hhcdn.ru/employer-logo-original/838215.png"}, "vacancies_url": "https://api.hh.ru/vacancies?employer_id=2733062", "trusted": true}, "snippet": {"requirement": "Продвинутый уровень знаний Java (опыт 3-5 лет). Опыт работы с современным стеком технологий для проектирования и разработки Знание реляционных...", "responsibility": "CI/CD: OpenShift. Разработка по гибким методологиям. Управление командой backend-разработки на проекте для крупнейшей телекоммуникационной компании. Разработка новых компонентов..."}, "contacts": null, "schedule": {"id": "fullDay", "name": "Полный день"}, "working_days": [], "working_time_intervals": [], "working_time_modes": [], "accept_temporary": false}, {"id": "44623409", "premium": false, "name": "Senior/Mid Developer (BackEnd Front End, Platform Architect)", "department": null, "has_test": false, "response_letter_required": false, "area": {"id": "1", "name": "Москва", "url": "https://api.hh.ru/areas/1"}, "salary": {"from": 184990, "to": 258990, "currency": "RUR", "gross": false}, "type": {"id": "open", "name": "Открытая"}, "address": null, "response_url": null, "sort_point_distance": null, "published_at": "2021-05-17T10:01:44+0300", "created_at": "2021-05-17T10:01:44+0300", "archived": false, "apply_alternate_url": "https://hh.ru/applicant/vacancy_response?vacancyId=44623409", "insider_interview": null, "url": "https://api.hh.ru/vacancies/44623409?host=hh.ru", "alternate_url": "https://hh.ru/vacancy/44623409", "relations": [], "employer": {"id": "4290887", "name": "Exclusive PR Solutions", "url": "https://api.hh.ru/employers/4290887", "alternate_url": "https://hh.ru/employer/4290887", "logo_urls": {"original": "https://hhcdn.ru/employer-logo-original/683733.png", "240": "https://hhcdn.ru/employer-logo/3176065.png", "90": "https://hhcdn.ru/employer-logo/3176064.png"}, "vacancies_url": "https://api.hh.ru/vacancies?employer_id=4290887", "trusted": false}, "snippet": {"requirement": "JavaScript. React / React Native. Более 8 лет профессионального опыта работы. 5+ лет профессионального опыта в разработке программного обеспечения. ", "responsibility": null}, "contacts": null, "schedule": {"id": "remote", "name": "Удаленная работа"}, "working_days": [], "working_time_intervals": [], "working_time_modes": [{"id": "start_after_sixteen", "name": "Можно начинать работать после 16:00"}], "accept_temporary": false}, {"id": "42391008", "premium": false, "name": "Senior Java-разработчик (back-end)", "department": null, "has_test": false, "response_letter_required": false, "area": {"id": "1", "name": "Москва", "url": "https://api.hh.ru/areas/1"}, "salary": null, "type": {"id": "open", "name": "Открытая"}, "address": null, "response_url": null, "sort_point_distance": null, "published_at": "2021-05-24T13:21:07+0300", "created_at": "2021-05-24T13:21:07+0300", "archived": false, "apply_alternate_url": "https://hh.ru/applicant/vacancy_response?vacancyId=42391008", "insider_interview": null, "url": "https://api.hh.ru/vacancies/42391008?host=hh.ru", "alternate_url": "https://hh.ru/vacancy/42391008", "relations": [], "employer": {"id": "115", "name": "Ай-Теко (I-Teco)", "url": "https://api.hh.ru/employers/115", "alternate_url": "https://hh.ru/employer/115", "logo_urls": {"90": "https://hhcdn.ru/employer-logo/2829535.jpeg", "240": "https://hhcdn.ru/employer-logo/2829536.jpeg", "original": "https://hhcdn.ru/employer-logo-original/597070.jpg"}, "vacancies_url": "https://api.hh.ru/vacancies?employer_id=115", "trusted": true}, "snippet": {"requirement": "Высшее техническое образование. Опыт разработки приложений на заказ или разработки in-house продуктов на Java от 3х лет. ", "responsibility": "Проектирование и разработка высоконагруженных приложений на Java EE и Spring. Анализ и выбор наиболее оптимальных и надежных алгоритмов реализации технических..."}, "contacts": null, "schedule": {"id": "fullDay", "name": "Полный день"}, "working_days": [], "working_time_intervals": [], "working_time_modes": [], "accept_temporary": false}, {"id": "45365819", "premium": false, "name": "Главный инженер (Backend-разработчик)", "department": {"id": "3529-3529-prof", "name": "Сбер для экспертов"}, "has_test": false, "response_letter_required": false, "area": {"id": "1", "name": "Москва", "url": "https://api.hh.ru/areas/1"}, "salary": null, "type": {"id": "open", "name": "Открытая"}, "address": null, "response_url": null, "sort_point_distance": null, "published_at": "2021-06-10T10:46:25+0300", "created_at": "2021-06-10T10:46:25+0300", "archived": false, "apply_alternate_url": "https://hh.ru/applicant/vacancy_response?vacancyId=45365819", "insider_interview": null, "url": "https://api.hh.ru/vacancies/45365819?host=hh.ru", "alternate_url": "https://hh.ru/vacancy/45365819", "relations": [], "employer": {"id": "3529", "name": "Сбербанк", "url": "https://api.hh.ru/employers/3529", "alternate_url": "https://hh.ru/employer/3529", "logo_urls": {"original": "https://hhcdn.ru/employer-logo-original/853994.jpg", "240": "https://hhcdn.ru/employer-logo/3856852.jpeg", "90": "https://hhcdn.ru/employer-logo/3856851.jpeg"}, "vacancies_url": "https://api.hh.ru/vacancies?employer_id=3529", "trusted": true}, "snippet": {"requirement": "Опыт работы с базами данных, отличное знание SQL, разработка хранимых процедуры (БД MSSQL/PostgreSQL). ∙ Умение писать эффективные запросы к MSSQL...", "responsibility": "Проведение внедрений релизов АС. - Проведение анализа влияния изменений на эксплуатационные характеристики АС. - Определение технологических ограничений для проведения внедрения. - "}, "contacts": null, "schedule": {"id": "fullDay", "name": "Полный день"}, "working_days": [], "working_time_intervals": [], "working_time_modes": [], "accept_temporary": false}, {"id": "38092145", "premium": false, "name": "Главный backend программист PHP (Symfony, удаленная работа)", "department": {"id": "533-533-it", "name": "Связной. IT/Digital"}, "has_test": false, "response_letter_required": false, "area": {"id": "1", "name": "Москва", "url": "https://api.hh.ru/areas/1"}, "salary": null, "type": {"id": "open", "name": "Открытая"}, "address": {"city": "Москва", "street": "улица Ленинская Слобода", "building": "26с5", "description": null, "lat": 55.71124, "lng": 37.652436, "raw": "Москва, улица Ленинская Слобода, 26с5", "metro": {"station_name": "Автозаводская", "line_name": "Замоскворецкая", "station_id": "2.2", "line_id": "2", "lat": 55.706634, "lng": 37.657008}, "metro_stations": [{"station_name": "Автозаводская", "line_name": "Замоскворецкая", "station_id": "2.2", "line_id": "2", "lat": 55.706634, "lng": 37.657008}], "id": "1435658"}, "response_url": null, "sort_point_distance": null, "published_at": "2021-06-10T10:59:54+0300", "created_at": "2021-06-10T10:59:54+0300", "archived": false, "apply_alternate_url": "https://hh.ru/applicant/vacancy_response?vacancyId=38092145", "insider_interview": null, "url": "https://api.hh.ru/vacancies/38092145?host=hh.ru", "alternate_url": "https://hh.ru/vacancy/38092145", "relations": [], "employer": {"id": "533", "name": "Связной", "url": "https://api.hh.ru/employers/533", "alternate_url": "https://hh.ru/employer/533", "logo_urls": {"original": "https://hhcdn.ru/employer-logo-original/643428.png", "90": "https://hhcdn.ru/employer-logo/3014864.png", "240": "https://hhcdn.ru/employer-logo/3014865.png"}, "vacancies_url": "https://api.hh.ru/vacancies?employer_id=533", "trusted": true}, "snippet": {"requirement": "Знание и опыт работы с PHP 7+ (используем 7.3, 7.4). Понимание плюсов и минусов ООП. ", "responsibility": "Разработка и поддержка системы процессинга заказов. Подключение сторонних систем. Оптимизация производительности. Выравнивание внутренней архитектуры."}, "contacts": null, "schedule": {"id": "fullDay", "name": "Полный день"}, "working_days": [], "working_time_intervals": [], "working_time_modes": [], "accept_temporary": false}, {"id": "43004467", "premium": false, "name": "Ведущий backend программист PHP (удаленная работа)", "department": {"id": "533-533-it", "name": "Связной. IT/Digital"}, "has_test": false, "response_letter_required": false, "area": {"id": "1", "name": "Москва", "url": "https://api.hh.ru/areas/1"}, "salary": null, "type": {"id": "open", "name": "Открытая"}, "address": {"city": "Москва", "street": "улица Ленинская Слобода", "building": "26с5", "description": null, "lat": 55.71124, "lng": 37.652436, "raw": "Москва, улица Ленинская Слобода, 26с5", "metro": {"station_name": "Автозаводская", "line_name": "Замоскворецкая", "station_id": "2.2", "line_id": "2", "lat": 55.706634, "lng": 37.657008}, "metro_stations": [{"station_name": "Автозаводская", "line_name": "Замоскворецкая", "station_id": "2.2", "line_id": "2", "lat": 55.706634, "lng": 37.657008}], "id": "1752715"}, "response_url": null, "sort_point_distance": null, "published_at": "2021-06-10T10:59:54+0300", "created_at": "2021-06-10T10:59:54+0300", "archived": false, "apply_alternate_url": "https://hh.ru/applicant/vacancy_response?vacancyId=43004467", "insider_interview": null, "url": "https://api.hh.ru/vacancies/43004467?host=hh.ru", "alternate_url": "https://hh.ru/vacancy/43004467", "relations": [], "employer": {"id": "533", "name": "Связной", "url": "https://api.hh.ru/employers/533", "alternate_url": "https://hh.ru/employer/533", "logo_urls": {"original": "https://hhcdn.ru/employer-logo-original/643428.png", "90": "https://hhcdn.ru/employer-logo/3014864.png", "240": "https://hhcdn.ru/employer-logo/3014865.png"}, "vacancies_url": "https://api.hh.ru/vacancies?employer_id=533", "trusted": true}, "snippet": {"requirement": "Уверенные знания PHP 7 и опыт работы с одним из популярных фреймворков Yii2 / Laravel /Symfony. Уверенные знания и опыт...", "responsibility": "Разработка и поддержка ключевых веб-проектов компании в команде из более чем 20 программистов. Разработка и развитие товарного каталога и..."}, "contacts": null, "schedule": {"id": "fullDay", "name": "Полный день"}, "working_days": [], "working_time_intervals": [], "working_time_modes": [], "accept_temporary": false}], "found": 142, "pages": 2, "per_page": 100, "page": 1, "clusters": null, "arguments": null, "alternate_url": "https://hh.ru/search/vacancy?area=1&enable_snippets=true&items_on_page=100&page=1&text=NAME%3A%28%27Senior%27%2C+%27Backend+%D1%80%D0%B0%D0%B7%D1%80%D0%B0%D0%B1%D0%BE%D1%82%D1%87%D0%B8%D0%BA%27%29"}